Unnamed: 0,image_name,text_ocr,text_corrected,humour,sarcasm,offensive,motivational,overall_sentiment,sentiment,true_label,predicted_label,confidence,correct,error_type
6869,image_6870.jpg,I have surprise for you Shared on PRUSUNOD The Internet Scavengers,I have surprise for you Shared on PRUSUNOD The Internet Scavengers,funny,general,slight,motivational,negative,negative,negative,positive,0.9835808,False,negative -> positive
6248,image_6249.png,"LEONARDO DICAPRIO WINNING THE ""BEST ACTOR"" Oscars 2016","LEONARDO DICAPRIO WINNING THE ""BEST ACTOR"" Oscars 2016",funny,general,not_offensive,not_motivational,positive,positive,positive,positive,0.9116836,True,correct
2021,image_2022.jpg,THAT FACE YOU MAKE WHEN SOMEONE SAYS THEY THINK HILLARY CLINTON WOULD BEAGOOD PRESIDENT memeshappen.com,THAT FACE YOU MAKE WHEN SOMEONE SAYS THEY THINK HILLARY CLINTON WOULD BE A GOOD PRESIDENT memeshappen.com,very_funny,twisted_meaning,very_offensive,not_motivational,negative,negative,negative,positive,0.71720684,False,negative -> positive
4487,image_4488.jpeg,COWBOYS FANS BRAG ABOUT THEIR SUPER BOWLS SUPER BO) XXVIII CHAMPION BUT DONT HAVE TECHNOLOGY and increm TO WATCH THEM VIDLO REVIEW,COWBOYS FANS BRAG ABOUT THEIR SUPER BOWLS SUPER BO) XXVIII CHAMPION BUT DONT HAVE TECHNOLOGY and increm TO WATCH THEM VIDLO REVIEW,very_funny,general,very_offensive,motivational,neutral,neutral,neutral,neutral,0.99149466,True,correct
4379,image_4380.jpg,"Mark Zuckerberg is taking classes with behavioural psychologists to ""appear more human"" after wave of internet memes portray him as robotic or alien @Zuckerberg Memes Zuckerberg is facing a public relations crisis after insulting wave of internet memes","Mark Zuckerberg is taking classes with behavioural psychologists to ""appear more human"" after wave of internet memes portray him as robotic or alien @Zuckerberg Memes Zuckerberg is facing a public relations crisis after insulting wave of internet memes",not_funny,twisted_meaning,not_offensive,motivational,positive,positive,positive,positive,0.81519866,True,correct
26,image_27.jpeg,I wonder why Who's that!?) ..they call him Hawkeye Lord goku and vegeta!!??,I wonder why Who's that!? ..they call him Hawkeye Lord goku and vegeta!!??,very_funny,twisted_meaning,very_offensive,motivational,neutral,neutral,neutral,positive,0.9232808,False,neutral -> positive
5323,image_5324.jpg,YOU KNOW THAT I'M NOT ALLOWED TO WEAR HOOP EARRINGS,YOU KNOW THAT I'M NOT ALLOWED TO WEAR HOOP EARRINGS  RIGHT?,very_funny,general,slight,not_motivational,neutral,neutral,neutral,positive,0.6672329,False,neutral -> positive
744,image_745.jpg,THE FLU HAS TO GET CHUCK NORRIS SHOTS ONCEA YEAR. imgflip.com,THE FLU HAS TO GET CHUCK NORRIS SHOTS ONCEA YEAR. imgflip.com,funny,general,slight,motivational,neutral,neutral,neutral,positive,0.9488799,False,neutral -> positive
2811,image_2812.jpg,LET'S GIVETHIS PATIENT A TASTY ANTI VOMIT MEDICINE SAID NO PHARMACIST EVER WHAT IF I TOLD YOU IT'S SO YOU WON'T ASSOCIATE GOOD TASTE WITH BEING SICK MEMEFUL.COM,LET'S GIVETHIS PATIENT A TASTY ANTI VOMIT MEDICINE SAID NO PHARMACIST EVER WHAT IF I TOLD YOU IT'S SO YOU WON'T ASSOCIATE GOOD TASTE WITH BEING SICK MEMEFUL.COM,funny,general,slight,not_motivational,positive,positive,positive,positive,0.96072483,True,correct
2849,image_2850.jpg,TAKES DRIVING TEST GETS FIRST DUI + Quickmeme.com,TAKES DRIVING TEST GETS FIRST DUI Quickmeme.com,funny,general,not_offensive,not_motivational,neutral,neutral,neutral,neutral,0.9954104,True,correct
436,image_437.jpg,THIS IS BILL BILL DOESNTBULLYANYONE IN THE INTERNET BILL RESPECTS THE OPINION OF OTHERS IN THE SOCIAL MEDIA BILL HATES IF,THIS IS BILL BILL DOESNTBULLYANYONE IN THE INTERNET BILL RESPECTS THE OPINION OF OTHERS IN THE SOCIAL MEDIA BILL HATES IF,not_funny,not_sarcastic,not_offensive,motivational,positive,positive,positive,positive,0.9759824,True,correct
5467,image_5468.jpg,DON'T FORGET YOU ARE WHAT YOU EAT. I NEED TO EAT A SKINNY PERSON.,DON'T FORGET YOU ARE WHAT YOU EAT. I NEED TO EAT A SKINNY PERSON.,very_funny,twisted_meaning,very_offensive,motivational,very_positive,positive,positive,positive,0.7888735,True,correct
4590,image_4591.png,CROOKED HILLARY memes.com,CROOKED HILLARY memes.com,hilarious,general,slight,motivational,very_positive,positive,positive,positive,0.9567401,True,correct
4418,image_4419.jpg,| Yo Yo YOU DONT KNOW THE POWER OF THE DARKSIDE TOGETHER WE CAN CONQUER THE INTERNET imgflip.com,YOU DONT KNOW THE POWER OF THE DARKSIDE TOGETHER WE CAN CONQUER THE INTERNET imgflip.com,very_funny,twisted_meaning,very_offensive,motivational,neutral,neutral,neutral,positive,0.98950994,False,neutral -> positive
543,image_544.jpg,| COFFEE CATNIP IS THE DEVIL'S LETTUCE,| COFFEE CATNIP IS THE DEVIL'S LETTUCE,very_funny,general,slight,motivational,positive,positive,positive,neutral,0.9135637,False,positive -> neutral
5816,image_5817.png,Leonardo DiCaprio remembering the time he won Oscar for The Revenant: The Best Movie Lines Remember those DiCaprioOscar memes? IG: Instagram.com/thebestmovieli nesofficial,Leonardo DiCaprio remembering the time he won Oscar for The Revenant: The Best Movie Lines Remember those DiCaprioOscar memes? IG: Instagram.com/thebestmovieli nesofficial,funny,general,not_offensive,not_motivational,positive,positive,positive,positive,0.9640826,True,correct
2389,image_2390.png,Here's Liam teaching Louis how to fish. ... And here's Liam immediately regretting that decision IM LAUGHING onedirection harrystyles niallhoran liampayne louistomlinson zaynmalik larrystylinson troyesivan troye,Here's Liam teaching Louis how to fish. ... And here's Liam immediately regretting that decision IM LAUGHING onedirection harrystyles niallhoran liampayne louistomlinson zaynmalik larrystylinson troyesivan troye,funny,not_sarcastic,slight,motivational,positive,positive,positive,positive,0.99580526,True,correct
997,image_998.jpg,RIP WORLD'S LONGEST MEME 415 STARECAT.COM,RIP WORLD'S LONGEST MEME STARECAT.COM,very_funny,twisted_meaning,slight,motivational,positive,positive,positive,positive,0.74400383,True,correct
2865,image_2866.jpg,BUY ANY 2 PINS GET 1 RANDOM PIN FREE,BUY ANY 2 PINS GET 1 RANDOM PIN FREE,not_funny,twisted_meaning,very_offensive,not_motivational,positive,positive,positive,positive,0.9842216,True,correct
2761,image_2762.jpg,Wherever Modi enters in TamilNadu f போச்ர்மி,Wherever Modi enters in TamilNadu ~,very_funny,general,not_offensive,not_motivational,positive,positive,positive,positive,0.99552876,True,correct
2304,image_2305.png,WHAT YOU MEAN ITARIFLE? /CAN I EAT THAT makeameme.org,WHAT YOU MEAN IT A RIFLE? CAN I EAT THAT?makeameme.org,very_funny,general,slight,not_motivational,positive,positive,positive,negative,0.49335244,False,positive -> negative
4765,image_4766.jpg,EQUALITY MEANS THIS IS WHAT A FEMINIS LOOKS SPECIAL TREATMENT FOR ME,EQUALITY MEANS THIS IS WHAT A FEMINIS LOOKS SPECIAL TREATMENT FOR ME,very_funny,general,not_offensive,not_motivational,positive,positive,positive,positive,0.8769162,True,correct
6258,image_6259.png,Jack Black &gt; Distracted Boyfriend,Jack Black &gt; Distracted Boyfriend,funny,general,not_offensive,not_motivational,neutral,neutral,neutral,neutral,0.9813152,True,correct
6450,image_6451.jpg,HELLO FELLOW CATERPILLARS! AKE AMERICA MAKE AM GREAT AGAIN CAN YOU TEACH ME HOW TO MAKE DANK MEMES!,HELLO FELLOW CATERPILLARS! MAKE AMERICA GREAT  AGAIN CAN YOU TEACH ME HOW TO MAKE DANK MEMES!,funny,general,very_offensive,not_motivational,positive,positive,positive,neutral,0.79387075,False,positive -> neutral
307,image_308.jpg,Introducing the U.S. Olympic Synchronized Napping Team,Introducing the U.S. Olympic Synchronized Napping Team,very_funny,twisted_meaning,slight,motivational,positive,positive,positive,neutral,0.5553414,False,positive -> neutral
6626,image_6627.jpg,SEXIST MEMES IN 2018 U FOR REAL? makeameme.org,SEXIST MEMES IN 2018 U FOR REAL? makeameme.org,funny,not_sarcastic,not_offensive,not_motivational,positive,positive,positive,neutral,0.6646626,False,positive -> neutral
2818,image_2819.jpg,YOU HAVE GOOD MEMES? SHOW ME. memegenerator.net,YOU HAVE GOOD MEMES? SHOW ME. memegenerator.net,funny,general,not_offensive,not_motivational,neutral,neutral,neutral,positive,0.9966844,False,neutral -> positive
4546,image_4547.jpg,,Where you're a director In a porn. I guide others to a treasure that cannot possess,very_funny,general,not_offensive,not_motivational,very_positive,positive,positive,positive,0.9842593,True,correct
3831,image_3832.jpg,I couldn't figure out why the ball was getting bigger... Then it hit me! ROFLRAZZI.COM,I couldn't figure out why the ball was getting bigger... Then it hit me! ROFLRAZZI.COM,funny,not_sarcastic,not_offensive,not_motivational,neutral,neutral,neutral,positive,0.5658318,False,neutral -> positive
5814,image_5815.jpeg,2000-putin wins 2008 and 2012-putin wins 2018-putin wins again,2000-putin wins 2008 and 2012-putin wins 2018-putin wins again,funny,general,slight,motivational,positive,positive,positive,negative,0.82365936,False,positive -> negative
642,image_643.jpg,DUDE..WHAT...WHAT IF THERE'S MORE TO LIFE THAN TREATS AND CATNIP? quickmeme.com,DUDE..WHAT...WHAT IF THERE'S MORE TO LIFE THAN TREATS AND CATNIP? quickmeme.com,funny,not_sarcastic,not_offensive,not_motivational,positive,positive,positive,positive,0.9635482,True,correct
416,image_417.jpg,HAPPY BIRTHDAY,HAPPY BIRTHDAY  UNCLE BILL FROM YOUR FAVOURITE PRESIDENT!,very_funny,general,not_offensive,not_motivational,neutral,neutral,neutral,neutral,0.89563376,True,correct
600,image_601.jpg,WHEN YOUR CAT WATCHES TOO MUCH FOOD NETWORK most.com,WHEN YOUR CAT WATCHES TOO MUCH FOOD NETWORK imgflip.com,very_funny,twisted_meaning,slight,not_motivational,negative,negative,negative,positive,0.98641104,False,negative -> positive
4838,image_4839.jpg,WHAT WAS SUPPOSED TO BE ONE OF THE HIGHLIGHTS OF MY CAREER JUST BECAME THE WORST EVENT OF MYLIFE,WHAT WAS SUPPOSED TO BE ONE OF THE HIGHLIGHTS OF MY CAREER JUST BECAME THE WORST EVENT OF MYLIFE,not_funny,general,slight,not_motivational,positive,positive,positive,positive,0.7719314,True,correct
439,image_440.jpg,ALL ABOUT THE BENJAMINS,ALL ABOUT THE BENJAMINS  YOU SAY?,hilarious,general,not_offensive,not_motivational,very_positive,positive,positive,neutral,0.9942246,False,positive -> neutral
6411,image_6412.png,friend: hey can i copy your music theory homework me: ya just change it up a bit so it's not too obvious that you copied friend: ok,friend: hey can i copy your music theory homework me: ya just change it up a bit so it's not too obvious that you copied friend: ok,very_funny,not_sarcastic,slight,not_motivational,positive,positive,positive,positive,0.68594056,True,correct
6436,image_6437.jpg,Hurricane Harvey,Hurricane Harvey,hilarious,general,not_offensive,not_motivational,very_positive,positive,positive,neutral,0.9862649,False,positive -> neutral
6642,image_6643.jpg,CORGI'S ARE CUTE MISOGYNISTS ARE NOT. memegenerator.net,CORGI'S ARE CUTE MISOGYNISTS ARE NOT. memegenerator.net,funny,twisted_meaning,very_offensive,not_motivational,positive,positive,positive,positive,0.9980052,True,correct
5088,image_5089.jpg,when you see ur ex gf happy so you have to sneak back into her life to ruin it again,when you see ur ex gf happy so you have to sneak back into her life to ruin it again,very_funny,general,not_offensive,not_motivational,neutral,neutral,neutral,positive,0.99109685,False,neutral -> positive
6653,image_6654.jpg,HAWKMAN memegen.com,HAWKMAN memegen.com,funny,general,not_offensive,not_motivational,neutral,neutral,neutral,neutral,0.99205047,True,correct
12,image_13.png,I did the Facebook 10 year challenge and it was not kind to me. I went 10 years into the future instead of back. Instant regrets.,I did the Facebook 10 year challenge and it was not kind to me. I went 10 years into the future instead of back. Instant regrets.,very_funny,general,not_offensive,not_motivational,positive,positive,positive,positive,0.97159696,True,correct
1934,image_1935.jpg,TOO BAD YOU CAN'T CLONE ME FOR YOUR WALL SINCE NONE OF YOU CAN GET OVER ME unglap.com,TOO BAD YOU CAN'T CLONE ME FOR YOUR WALL SINCE NONE OF YOU CAN GET OVER ME imgflip.com,funny,general,slight,motivational,very_positive,positive,positive,negative,0.646726,False,positive -> negative
6816,image_6817.jpg,THE MOMENT WHEN YOU SEE YOUR DAD HOLDING YOUR CELL PHONE,THE MOMENT WHEN YOU SEE YOUR DAD HOLDING YOUR CELL PHONE,not_funny,not_sarcastic,not_offensive,not_motivational,negative,negative,negative,negative,0.5582588,True,correct
4175,image_4176.jpg,when ur phone charger breaks but ur sibling has one that works funny.co,when ur phone charger breaks but ur sibling has one that works funny.co,very_funny,not_sarcastic,not_offensive,not_motivational,positive,positive,positive,positive,0.9971976,True,correct
1159,image_1160.png,When you wake up still drunk,When you wake up still drunk,very_funny,general,not_offensive,not_motivational,positive,positive,positive,positive,0.8832654,True,correct
3314,image_3315.jpg,JUST ANOTHER DAY AS THE RUSSIAN PRESIDANT memecenter.com Memetenter,JUST ANOTHER DAY AS THE RUSSIAN PRESIDANT memecenter.com MemeCenter,not_funny,general,very_offensive,motivational,positive,positive,positive,positive,0.98349875,True,correct
4322,image_4323.jpg,IS IT JUST ME OR IS AN INVISIBLE MAN BEATING THE SHIT OUT OF WOLVERINE?,IS IT JUST ME OR IS AN INVISIBLE MAN BEATING THE SHIT OUT OF WOLVERINE?,hilarious,not_sarcastic,not_offensive,not_motivational,very_positive,positive,positive,neutral,0.98076266,False,positive -> neutral
5410,image_5411.jpg,Commonfolk: Titanic is the saddest movie in existance Me,Commonfolk: Titanic is the saddest movie in existance Me an intellectual: ahemm... I hate you! You were my brother Anakin I loved you.,hilarious,twisted_meaning,very_offensive,not_motivational,very_negative,negative,negative,positive,0.93202704,False,negative -> positive
2915,image_2916.jpg,HAPPY BIRTHDAY BRIAN,HAPPY BIRTHDAY BRIAN  YOU STUD,not_funny,not_sarcastic,not_offensive,not_motivational,negative,negative,negative,positive,0.9964959,False,negative -> positive
2386,image_2387.jpg,IF YOU TAG A POST NSFW AND ITS NOT NSFW,IF YOU TAG A POST NSFW AND ITS NOT NSFW  I WILLFIND YOU AND I WILL KILL YOU quickmeme.com,not_funny,twisted_meaning,not_offensive,not_motivational,very_negative,negative,negative,positive,0.7244194,False,negative -> positive
1935,image_1936.jpg,When your weekly strategy call with George Soros is interrupted by a Presidential Alert imgflip.com,When your weekly strategy call with George Soros is interrupted by a Presidential Alert imgflip.com,not_funny,twisted_meaning,not_offensive,not_motivational,neutral,neutral,neutral,positive,0.6869151,False,neutral -> positive
363,image_364.jpg,This is Bill. Bill loves music. Bill doesn't compare metal with rock,This is Bill. Bill loves music. Bill doesn't compare metal with rock  or jazz with soul  or RnB with Pop. Bill just enjoys what he likes the most. Bill is smart. Be like Bill.,not_funny,general,not_offensive,motivational,neutral,neutral,neutral,positive,0.7982233,False,neutral -> positive
5603,image_5604.png,the_rights are always_right Follow ME TRYING TO EXPLAIN WHY WE NEED THE ELECTORAL COLLEGE TO A ANARCHO COMMUNIST,the_rights are always_right Follow ME TRYING TO EXPLAIN WHY WE NEED THE ELECTORAL COLLEGE TO A ANARCHO COMMUNIST,not_funny,very_twisted,very_offensive,not_motivational,very_positive,positive,positive,positive,0.864644,True,correct
885,image_886.png,WHO'S THE KIM KARDASHIAN VIA 9GAG.COM OF YOUR COUNTRY? MEMEFUL.COM,WHO'S THE KIM KARDASHIAN VIA 9GAG.COM OF YOUR COUNTRY? MEMEFUL.COM,not_funny,very_twisted,very_offensive,not_motivational,very_positive,positive,positive,positive,0.6841117,True,correct
2092,image_2093.jpg,SCISSORS BEALPAPER ImgAce.com,SCISSORS BEALPAPER ImgAce.com,hilarious,very_twisted,not_offensive,not_motivational,very_positive,positive,positive,neutral,0.96687984,False,positive -> neutral
5902,image_5903.jpg,Life is all about perspective. The sinking of the Titanic was a miracle to the lobsters in the ship's kitchen.,Life is all about perspective. The sinking of the Titanic was a miracle to the lobsters in the ship's kitchen.,very_funny,general,not_offensive,not_motivational,very_positive,positive,positive,neutral,0.4553589,False,positive -> neutral
6448,image_6449.jpg,I'M SAYING THAT WHEN THE SECRETARY OF STATE DOES IT IT'S NOT ILLEGAL imgflip.com,I'M SAYING THAT WHEN THE SECRETARY OF STATE DOES IT IT'S NOT ILLEGAL imgflip.com,funny,not_sarcastic,slight,motivational,positive,positive,positive,negative,0.43313533,False,positive -> negative
6665,image_6666.jpg,WIFE TELLS HIM SHE'S EATING FOR TWO 9 MONTHS LATER HE FINDS OUT SHE JUST WANTED TO BE FAT,WIFE TELLS HIM SHE'S EATING FOR TWO 9 MONTHS LATER HE FINDS OUT SHE JUST WANTED TO BE FAT,funny,general,slight,motivational,positive,positive,positive,positive,0.9776857,True,correct
6084,image_6085.png,How long have they been staring out of that window? 2016 OF61 2018,How long have they been staring out of that window? 2016 2018,not_funny,not_sarcastic,not_offensive,not_motivational,neutral,neutral,neutral,positive,0.829152,False,neutral -> positive
3732,image_3733.jpg,YOU CAN'T GROUND SPIDER-MAN,YOU CAN'T GROUND SPIDER-MAN,very_funny,not_sarcastic,not_offensive,not_motivational,positive,positive,positive,neutral,0.7563462,False,positive -> neutral
4623,image_4624.jpg,I'M NOT RACIST SOME OF MY BEST SLAVES ARE BROWN aussiememes.com.au,I'M NOT RACIST SOME OF MY BEST SLAVES ARE BROWN aussiememes.com.au,not_funny,very_twisted,very_offensive,not_motivational,very_negative,negative,negative,negative,0.7552149,True,correct
2381,image_2382.jpg,HARRY + NTALLS VS LIAM,HARRY + NIALLS VS LIAM NIKE,not_funny,twisted_meaning,not_offensive,motivational,positive,positive,positive,positive,0.98196584,True,correct
5308,image_5309.jpg,TOOK OUT GROCERIES FROM THE CAR IN ONE TRIP memecenter.com MemeCenter,TOOK OUT GROCERIES FROM THE CAR IN ONE TRIP memecenter.com MemeCenter,very_funny,twisted_meaning,very_offensive,motivational,very_positive,positive,positive,positive,0.93786186,True,correct
5684,image_5685.jpg,MOAB-MOTHER OF ALL BOMBS joelljerrett MOAB DATH DID YOU JUST ASSUME THE GENDER OF THAT BOMB?,MOAB-MOTHER OF ALL BOMBS joelljerrett MOAB DATH DID YOU JUST ASSUME THE GENDER OF THAT BOMB?,hilarious,twisted_meaning,slight,motivational,negative,negative,negative,positive,0.92131793,False,negative -> positive
3251,image_3252.jpg,LOOKS LIKE I'M HAVING TURKEY FOR CHRISTMAS © @MEME_ADDICT / Twitter,LOOKS LIKE I'M HAVING TURKEY FOR CHRISTMAS © @MEME_ADDICT / Twitter,hilarious,twisted_meaning,very_offensive,motivational,positive,positive,positive,positive,0.97619766,True,correct
6343,image_6344.jpg,"WHEN SOMEONE ASKS WHY I'M STILL SINGLE ""I DON'T KNOW! I THOUGHT I WAS PRETTY AWESOME."" made on imgur","WHEN SOMEONE ASKS WHY I'M STILL SINGLE ""I DON'T KNOW! I THOUGHT I WAS PRETTY AWESOME."" made on imgur",very_funny,not_sarcastic,slight,not_motivational,positive,positive,positive,positive,0.94345623,True,correct
1885,image_1886.png,I tried editing a picture of Steve Harvey (reasons) and ended up Zorg from the Fifth Element,I tried editing a picture of Steve Harvey (reasons) and ended up Zorg from the Fifth Element,very_funny,not_sarcastic,slight,motivational,positive,positive,positive,positive,0.97823226,True,correct
2493,image_2494.jpg,A DAY MAY COME,"A DAY MAY COME  WHEN I ""UPDATE"" ITUNES BUT IT IS NOT THIS DAY",funny,general,not_offensive,not_motivational,neutral,neutral,neutral,positive,0.90358585,False,neutral -> positive
414,image_415.jpg,I HEAR YOU JUST TOOK A VACATION PLEASE COMPLAIN SOME MORE ABOUT HOW YOU CAN'T PAV VOUR BILLS ICANHASCHEEZE URGER.COM,I HEAR YOU JUST TOOK A VACATION PLEASE COMPLAIN SOME MORE ABOUT HOW YOU CAN'T PAV VOUR BILLS,very_funny,general,slight,motivational,neutral,neutral,neutral,neutral,0.9616582,True,correct
1576,image_1577.png,"<html><head><meta content=""text/html; charset=UTF-8"" http-equiv=""content-type""><style type=""text/css"">ol{margin:0;padding:0}table td",THE FIRAT OF US TO GO TO HEAVEN WILL HELP THE OTHER CLIMB UP. BLESSED PIER GEORGIO FRASSATI USA,very_funny,twisted_meaning,slight,motivational,positive,positive,positive,positive,0.99831367,True,correct
3548,image_3549.png,Inaone horse open GAYYYY Homophobic Seal Memes - Memes Pics 2019,Inaone horse open GAYYYY Homophobic Seal Memes - Memes Pics 2019,very_funny,general,slight,not_motivational,positive,positive,positive,positive,0.9873224,True,correct
379,image_380.jpg,This is Bill. Bill has a crush on a girl. Bill grows some balls and goes to tell her instead of writing clues on Facebook Bill is brave. Be like Bill.,This is Bill. Bill has a crush on a girl. Bill grows some balls and goes to tell her instead of writing clues on Facebook Bill is brave. Be like Bill.,funny,general,slight,motivational,neutral,neutral,neutral,positive,0.7259429,False,neutral -> positive
4622,image_4623.jpg,MY NEW YEARS RESOLUTION IS TO BREAK MORE LAWS AND HAVE MY WALL STREET BUDDIES COVER THEM UP FOR ME imgflip.com,MY NEW YEARS RESOLUTION IS TO BREAK MORE LAWS AND HAVE MY WALL STREET BUDDIES COVER THEM UP FOR ME imgflip.com,not_funny,twisted_meaning,very_offensive,not_motivational,neutral,neutral,neutral,neutral,0.9964561,True,correct
932,image_933.jpg,KEEP CALM AND USE DUCT TAPE IF YOU CAN'T FIX IT WITH DUCT TAPE YOU'RE NOT USING ENOUGH DUCT TAPE,KEEP CALM AND USE DUCT TAPE IF YOU CAN'T FIX IT WITH DUCT TAPE YOU'RE NOT USING ENOUGH DUCT TAPE,not_funny,twisted_meaning,very_offensive,motivational,positive,positive,positive,neutral,0.72326946,False,positive -> neutral
6466,image_6467.jpg,DONALD TRUMP IS NOT HITLER. HITLER ACTUALLY KNEW WHAT HE WAS DOING.TRUMP IS LIKE A MAGIC 8 BALL WITH ONLY TERRIBLE THINGS ON IT. mollip com,DONALD TRUMP IS NOT HITLER. HITLER ACTUALLY KNEW WHAT HE WAS DOING.TRUMP IS LIKE A MAGIC 8 BALL WITH ONLY TERRIBLE THINGS ON IT. imgflip.com,very_funny,general,very_offensive,motivational,positive,positive,positive,neutral,0.6861765,False,positive -> neutral
4399,image_4400.jpg,@Pintexxz Zuckerphobia The fear that somewhere,@Pintexxz Zuckerphobia The fear that somewhere  somehow Mark Zuckerberg is watching you.,hilarious,general,slight,motivational,positive,positive,positive,neutral,0.6049026,False,positive -> neutral
4272,image_4273.jpg,,SUPPOSED TO BE PROTECTING US FROM ISIS,funny,twisted_meaning,not_offensive,motivational,neutral,neutral,neutral,positive,0.8674524,False,neutral -> positive
2694,image_2695.jpg,Throws her daughter When your daughter's boyfriend Picks her up for their date Throw a shotgun shell at him FANS Rebellious Redneckedness Then tell him it Moves A lot faster after 10pm,Throws her daughter When your daughter's boyfriend Picks her up for their date Throw a shotgun shell at him FANS Rebellious Redneckedness Then tell him it Moves A lot faster after 10pm,hilarious,general,very_offensive,motivational,positive,positive,positive,positive,0.76299685,True,correct
2966,image_2967.jpg,RARE VIEW OF CRUSH DABBING ON EM,RARE VIEW OF CRUSH DABBING ON EM,very_funny,twisted_meaning,very_offensive,not_motivational,neutral,neutral,neutral,positive,0.9990006,False,neutral -> positive
3384,image_3385.jpg,WHAT'S BLACK ON TOP AND WHITE ON BOTTOM Racist Memes.com RAPE,WHAT'S BLACK ON TOP AND WHITE ON BOTTOM Racist Memes.com RAPE,hilarious,general,very_offensive,motivational,positive,positive,positive,positive,0.8991231,True,correct
1668,image_1669.jpg,WHAT YOU THINK YOU LOOK LIKE FLIRTING WITH YOUR CRUSH WHAT YOU ACTUALLY LOOK LIKE,WHAT YOU THINK YOU LOOK LIKE FLIRTING WITH YOUR CRUSH WHAT YOU ACTUALLY LOOK LIKE,very_funny,very_twisted,very_offensive,not_motivational,neutral,neutral,neutral,positive,0.962685,False,neutral -> positive
4319,image_4320.png,"Hugh Jackman's favorite Wolverine scene is his cameo in 'X-Men: First Class' when he says ""Go F*ck Yourself."" One of the coolest scenes @dcfact","Hugh Jackman's favorite Wolverine scene is his cameo in 'X-Men: First Class' when he says ""Go F*ck Yourself."" One of the coolest scenes @dcfact",very_funny,general,slight,motivational,positive,positive,positive,positive,0.95054895,True,correct
5793,image_5794.jpg,TOOK ONE DAY OFF. HAS 1,TOOK ONE DAY OFF. HAS 1 000 MESSAGES!  quickmeme.com,funny,general,not_offensive,not_motivational,positive,positive,positive,positive,0.9973592,True,correct
4153,image_4154.jpg,GOES DOWN ON THE FIRST DATE SWALLOWS ALL THE SEA MEN C3119 :: IIIIII We Know Memes,GOES DOWN ON THE FIRST DATE SWALLOWS ALL THE SEA MEN We Know Memes,funny,twisted_meaning,very_offensive,motivational,neutral,neutral,neutral,positive,0.9930681,False,neutral -> positive
767,image_768.jpg,CHUCK NORRIS CAN MAKE A FIRE BY RUBBING TWO ICE CUBES.COM,CHUCK NORRIS CAN MAKE A FIRE BY RUBBING TWO ICE CUBES.COM,very_funny,general,not_offensive,not_motivational,neutral,neutral,neutral,neutral,0.68805265,True,correct
684,image_685.jpg,ULTIMATE CAT MEMES,ULTIMATE CAT MEMES,very_funny,very_twisted,very_offensive,motivational,very_positive,positive,positive,neutral,0.765262,False,positive -> neutral
3870,image_3871.png,@NFL_MEMES EACH SPORT HAS IT'S GREATEST BUT HE WAS SPORTS' GREATEST RIP MUHAMMAD ALI RIP Champ..,@NFL_MEMES EACH SPORT HAS IT'S GREATEST BUT HE WAS SPORTS' GREATEST RIP MUHAMMAD ALI RIP Champ..,not_funny,not_sarcastic,not_offensive,motivational,neutral,neutral,neutral,positive,0.751173,False,neutral -> positive
6601,image_6602.jpg,Due to an intense mind fog,Due to an intense mind fog  all of my thoughts have been grounded until further notice.,very_funny,twisted_meaning,very_offensive,motivational,positive,positive,positive,positive,0.9961218,True,correct
1352,image_1353.jpg,Florida man breaks into jail to hang out with his friends,Florida man breaks into jail to hang out with his friends,very_funny,not_sarcastic,not_offensive,not_motivational,positive,positive,positive,neutral,0.507394,False,positive -> neutral
3734,image_3735.jpg,My spidey senses are currently detecting massive amounts of Bullshit,My spidey senses are currently detecting massive amounts of Bullshit,very_funny,not_sarcastic,not_offensive,not_motivational,neutral,neutral,neutral,positive,0.78193206,False,neutral -> positive
5901,image_5902.jpg,INVITES YOU TO HANG OUT NAPS INSTEAD quickmeme.com,INVITES YOU TO HANG OUT NAPS INSTEAD quickmeme.com,very_funny,general,very_offensive,motivational,positive,positive,positive,positive,0.9989975,True,correct
5019,image_5020.jpg,"When i feel down and someone tells me to ""Suck it up"". i get the urge to break their legs with a baseball bat and then say ""Walk if off""","When i feel down and someone tells me to ""Suck it up"". i get the urge to break their legs with a baseball bat and then say ""Walk if off""",funny,not_sarcastic,very_offensive,not_motivational,negative,negative,negative,negative,0.75075865,True,correct
1523,image_1524.png,"I OVERHEARD YOUR MOM& AUNT LETI TALK ABOUT ME IN SPANISH WHAT'S A MANICOMIO"" AND WHY DO THEY THINK I BELONG IN ONE? (note: manicomio means mental hospital in Spanish) ( Overly attached Girlfriend meme)","I OVERHEARD YOUR MOM& AUNT LETI TALK ABOUT ME IN SPANISH WHAT'S A MANICOMIO"" AND WHY DO THEY THINK I BELONG IN ONE? (note: manicomio means mental hospital in Spanish) ( Overly attached Girlfriend meme)",funny,not_sarcastic,slight,not_motivational,positive,positive,positive,neutral,0.7158695,False,positive -> neutral
654,image_655.jpg,One word about curiosity killing the cat I DARE YOU POSUVO.com The Internet Scavengers,One word about curiosity killing the cat I DARE YOU POSUVO.com The Internet Scavengers,funny,general,not_offensive,not_motivational,neutral,neutral,neutral,positive,0.96647495,False,neutral -> positive
4505,image_4506.jpg,"<html><head><meta content=""text/html; charset=UTF-8"" http-equiv=""content-type""><style type=""text/css"">ol{margin:0;padding:0}table td",ME Battlefield 1 infinite warfare,funny,general,slight,motivational,neutral,neutral,neutral,neutral,0.9527995,True,correct
1227,image_1228.jpg,trust officialinternet Do Women Like Being Sexually Harassed? Men in New Survey Say Yes. summer goth @NicCage Match Do humans like being eaten alive? Sharks in new survey say yes.,trust officialinternet Do Women Like Being Sexually Harassed? Men in New Survey Say Yes. summer goth @NicCage Match Do humans like being eaten alive? Sharks in new survey say yes.,not_funny,not_sarcastic,hateful_offensive,not_motivational,very_negative,negative,negative,neutral,0.493916,False,negative -> neutral
112,image_113.jpeg,FOREVER AWESOME quickmeme.com,FOREVER AWESOME quickmeme.com,not_funny,not_sarcastic,not_offensive,not_motivational,positive,positive,positive,positive,0.9975823,True,correct
1067,image_1068.jpeg,"LET'S MAKE A WORD THAT MEANS ""FEAR OF LONG WORDS"" AND NAME IT ""HIPPOMONSTROSESQUIPPEDALIOPHOBIA"" Meng Center.com","LET'S MAKE A WORD THAT MEANS ""FEAR OF LONG WORDS"" AND NAME IT ""HIPPOMONSTROSESQUIPPEDALIOPHOBIA"" MemeCenter.com",very_funny,very_twisted,hateful_offensive,motivational,neutral,neutral,neutral,positive,0.6162699,False,neutral -> positive
2031,image_2032.png,WHAT'S THE DIFFERENCE BETWEEN HILLARY AND PUTIN? PUTIN CAN WIN AN ELECTION RIGGED IN HIS FAVOR,WHAT'S THE DIFFERENCE BETWEEN HILLARY AND PUTIN? PUTIN CAN WIN AN ELECTION RIGGED IN HIS FAVOR,very_funny,general,slight,not_motivational,positive,positive,positive,positive,0.6398406,True,correct
4801,image_4802.png,TECHNICALLY,TECHNICALLY  HILLARY CLINTON IS NOW TURNING POINT USA PART OF THE 3.9% UNEMPLOYMENT RATE,not_funny,general,very_offensive,not_motivational,negative,negative,negative,neutral,0.55100834,False,negative -> neutral
5095,image_5096.png,Misogyny and racism are no match for this powerful Afro-Boricua. @princessnokia isn't here for your misogynist or racist bullsh*t . .. PrincessNokia reina,Misogyny and racism are no match for this powerful Afro-Boricua. @princessnokia isn't here for your misogynist or racist bullsh*t . .. PrincessNokia reina,not_funny,not_sarcastic,not_offensive,not_motivational,neutral,neutral,neutral,positive,0.846601,False,neutral -> positive
3398,image_3399.jpg,I AM A RACIST I HATE THE HUMAN RACE,I AM A RACIST I HATE THE HUMAN RACE,funny,general,slight,motivational,positive,positive,positive,neutral,0.61033595,False,positive -> neutral
2305,image_2306.png,THESE ARE CAKES,THESE ARE CAKES,hilarious,not_sarcastic,not_offensive,not_motivational,very_positive,positive,positive,positive,0.9414625,True,correct
3975,image_3976.jpg,I WONT BE IMPRESSED BY TECHNOLOGY UNTIL THE DAY_ ICAN CLOSE THE YOUTUBE APP BUT THE MUSIC CONTINUES PLAYING imgflip.com,I WONT BE IMPRESSED BY TECHNOLOGY UNTIL THE DAY_ ICAN CLOSE THE YOUTUBE APP BUT THE MUSIC CONTINUES PLAYING imgflip.com,very_funny,twisted_meaning,very_offensive,motivational,neutral,neutral,neutral,positive,0.98994255,False,neutral -> positive
4173,image_4174.jpeg,The dart that bounced off the wall U My nerf gun,The dart that bounced off the wall U My nerf gun,hilarious,general,hateful_offensive,motivational,very_positive,positive,positive,positive,0.63464123,True,correct
2485,image_2486.jpg,I FOUND NO WARDROBE TO NARNIA AT AGE 8. 2 NO LETTER CAME FROM HOGWARTS WHEN I WAS 11. GANDALF I MADE IT TO 19 WITHOUT BEING REAPED. B BETTER BE AT WYO BETTER BE AT MY DOOR WHEN I'M 50!,I FOUND NO WARDROBE TO NARNIA AT AGE 8. 2 NO LETTER CAME FROM HOGWARTS WHEN I WAS 11. GANDALF I MADE IT TO 19 WITHOUT BEING REAPED. B BETTER BE AT WYO BETTER BE AT MY DOOR WHEN I'M 50!,not_funny,general,slight,not_motivational,neutral,neutral,neutral,positive,0.85344756,False,neutral -> positive
851,image_852.jpg,CALL HER BEAUTIFUL Country Thangi AND TAKE HER MUDDING.,CALL HER BEAUTIFUL Country Thangi AND TAKE HER MUDDING.,funny,general,very_offensive,motivational,neutral,neutral,neutral,positive,0.64726776,False,neutral -> positive
4112,image_4113.jpg,HAS PRICELESS NECKLACE THAT COULD KEEP DESCENDANTS WEALTHY FOR GENERATIONS THROWS IT IN THE FUCKING OCEAN Quickmeme.com,HAS PRICELESS NECKLACE THAT COULD KEEP DESCENDANTS WEALTHY FOR GENERATIONS THROWS IT IN THE FUCKING OCEAN Quickmeme.com,funny,twisted_meaning,not_offensive,not_motivational,positive,positive,positive,positive,0.5330193,True,correct
3108,image_3109.png,"<html><head><meta content=""text/html; charset=UTF-8"" http-equiv=""content-type""><style type=""text/css"">ol{margin:0;padding:0}table td",OH CRAP IT'S BIKINI SEASON ALREADY?,very_funny,not_sarcastic,not_offensive,not_motivational,positive,positive,positive,neutral,0.8886375,False,positive -> neutral
4155,image_4156.jpg,DRAW ME LIKE ONE OF YOUR FRENCH GIRLS,DRAW ME LIKE ONE OF YOUR FRENCH GIRLS,hilarious,general,very_offensive,motivational,neutral,neutral,neutral,positive,0.9574464,False,neutral -> positive
1011,image_1012.png,Me throwing away all the Leonardo Dicaprio memes I made in case he lost again HipHop Memes Daily Orbe,Me throwing away all the Leonardo Dicaprio memes I made in case he lost again HipHopMemesDaily,funny,general,not_offensive,motivational,positive,positive,positive,positive,0.99724966,True,correct
429,image_430.jpeg,What's your favorite childhood memory? Me: Not paying bills,What's your favorite childhood memory? Me: Not paying bills,hilarious,not_sarcastic,not_offensive,not_motivational,very_positive,positive,positive,positive,0.9863092,True,correct
5475,image_5476.png,What's the female equivelant of a Bromance? A Hoemance. youre cards someecards.com,What's the female equivelant of a Bromance? A Hoemance. youre cards someecards.com,funny,general,slight,motivational,negative,negative,negative,positive,0.89003044,False,negative -> positive
5466,image_5467.png,"<html><head><meta content=""text/html; charset=UTF-8"" http-equiv=""content-type""><style type=""text/css"">ol{margin:0;padding:0}table td",WHEN YOU'RE  NOT FIT BUT YOU KNOW YOU'RE STILL MAJESTIC AF,funny,general,very_offensive,motivational,neutral,neutral,neutral,neutral,0.7014265,True,correct
2446,image_2447.jpg,why are you posing? LORD OF THE RINGS MEMES FACEBOOK GOOGLE EARTH IS ALWAYS TAKING PICS.,why are you posing? LORD OF THE RINGS MEMES FACEBOOK GOOGLE EARTH IS ALWAYS TAKING PICS.,funny,general,not_offensive,not_motivational,positive,positive,positive,positive,0.81437284,True,correct
1632,image_1633.jpg,When your friend finally watches a show you kept telling them about and they love it 2.0.... STARECAT.COM,When your friend finally watches a show you kept telling them about and they love it STARECAT.COM,hilarious,general,very_offensive,not_motivational,very_positive,positive,positive,neutral,0.9621354,False,positive -> neutral
6968,image_6969.png,ONBAMemes AKERS a lakception.cow/4506 Kobe Mr. Bean Bryant! Credit: Basketball Pics,ONBAMemes AKERS a lakception.cow/4506 Kobe Mr. Bean Bryant! Credit: Basketball Pics,funny,not_sarcastic,slight,not_motivational,very_positive,positive,positive,neutral,0.6076308,False,positive -> neutral
6137,image_6138.jpg,The PeoplesCube.com CLINTONS SLEEPING TOGETHER AGAIN,The PeoplesCube.com CLINTONS SLEEPING TOGETHER AGAIN,hilarious,not_sarcastic,very_offensive,not_motivational,positive,positive,positive,neutral,0.9942783,False,positive -> neutral
5532,image_5533.jpg,"<html><head><meta content=""text/html; charset=UTF-8"" http-equiv=""content-type""><style type=""text/css"">ol{margin:0;padding:0}table td",HELLO MY NAME'S BRUCE,not_funny,very_twisted,very_offensive,not_motivational,positive,positive,positive,positive,0.3956658,True,correct
1056,image_1057.jpg,"o o o o o o o o o o o o o o o I NAMED MY HARD DRIVE ""DAT ASS"" o o o SO THAT ONCE A MONTH MY COMPUTER WILL ASK METF I WANT TO BACK DAT ASS UP.. Imgflip.com","o o o o o o o o o o o o o o o I NAMED MY HARD DRIVE ""DAT ASS"" o o o SO THAT ONCE A MONTH MY COMPUTER WILL ASK ME IF I WANT TO BACK DAT ASS UP.. Imgflip.com",funny,general,slight,not_motivational,neutral,neutral,neutral,positive,0.56230533,False,neutral -> positive
6633,image_6634.jpg,White girls checking their account balances this summer after spending all their money on rosé and inflatable unicorns for the pool: Diam.in,White girls checking their account balances this summer after spending all their money on rosé and inflatable unicorns for the pool: Diam.in,very_funny,general,not_offensive,not_motivational,positive,positive,positive,positive,0.9711411,True,correct
1458,image_1459.jpg,When He Goes Out Looking Good This one's mine!,When He Goes Out Looking Good This one's mine!,not_funny,not_sarcastic,not_offensive,not_motivational,neutral,neutral,neutral,positive,0.9450428,False,neutral -> positive
1766,image_1767.jpg,THAT'S SO | BEHAVI,THAT'S SO RAVENCLAW,very_funny,general,slight,motivational,positive,positive,positive,neutral,0.96922094,False,positive -> neutral
567,image_568.jpg,CHILL DUDE 1ONLY TOOK ONE COOKIE.OKK?,CHILL DUDE 1ONLY TOOK ONE COOKIE.OKK?,funny,twisted_meaning,slight,motivational,positive,positive,positive,positive,0.8594124,True,correct
423,image_424.jpg,This is Bill. Bill loves music. Bill doesn't compare metal with rock,This is Bill. Bill loves music. Bill doesn't compare metal with rock or jazz with soul  or RnB with pop. Bill just enjoys what he likes the most. Bill is smart.Be like Bill.,hilarious,very_twisted,slight,motivational,positive,positive,positive,positive,0.7982233,True,correct
788,image_789.jpeg,THEY FOUND CHUCK'S DIARY... IT IS NOW KNOWN AS THE GUINESS BOOK OF WORLD RECORDS. imgflip.com,THEY FOUND CHUCK'S DIARY... IT IS NOW KNOWN AS THE GUINESS BOOK OF WORLD RECORDS. imgflip.com,funny,general,slight,motivational,positive,positive,positive,positive,0.9837353,True,correct
4488,image_4489.jpg,Tom & Jerry Logic Naked all day Wearing clothes in beach,Tom & Jerry Logic Naked all day Wearing clothes in beach,very_funny,very_twisted,very_offensive,motivational,very_positive,positive,positive,positive,0.77068293,True,correct
5810,image_5811.png,tank.sinatra 59m Joe: Have you seen these memes about me? They love me! Barack: No Joe,tank.sinatra 59m Joe: Have you seen these memes about me? They love me! Barack: No Joe  I have a country to run. Joe: They are hillarious. Tank sinatra Posted o,hilarious,general,very_offensive,motivational,positive,positive,positive,positive,0.96597934,True,correct
1095,image_1096.png,INFINITY MILLION DOLLARS,INFINITY MILLION DOLLARS,hilarious,general,very_offensive,not_motivational,neutral,neutral,neutral,neutral,0.9018905,True,correct
823,image_824.jpg,If country humans live in the same place and country where do they fucking live on earth,If country humans live in the same place and country where do they fucking live on earth,not_funny,not_sarcastic,very_offensive,not_motivational,neutral,neutral,neutral,neutral,0.555459,True,correct
1484,image_1485.jpg,IF ONTO YOUR EX'S FACEBOOK PAGE YOU GO ONLY PAIN WILL YOU FIND,IF ONTO YOUR EX'S FACEBOOK PAGE YOU GO ONLY PAIN WILL YOU FIND,funny,general,slight,motivational,neutral,neutral,neutral,positive,0.8750751,False,neutral -> positive
152,image_153.png,BEST OF BARNEY I only have one rule. Never screw over a girl whose last name,BEST OF BARNEY I only have one rule. Never screw over a girl whose last name,very_funny,general,very_offensive,motivational,positive,positive,positive,neutral,0.75099444,False,positive -> neutral
1742,image_1743.png,So now we have the truth Don't Know What You Got Till It's Gone,So now we have the truth Don't Know What You Got Till It's Gone,not_funny,general,slight,not_motivational,very_positive,positive,positive,neutral,0.80871326,False,positive -> neutral
3926,image_3927.jpg,SAYS FLASH IS DEAD DIES BEFORE FLASH DOES STARECAT.COM,SAYS FLASH IS DEAD DIES BEFORE FLASH DOES STARECAT.COM,not_funny,general,not_offensive,not_motivational,neutral,neutral,neutral,positive,0.9887475,False,neutral -> positive
4046,image_4047.jpg,,PLEASE TELL ME HOW KNOWLEDGE YOU ARE ABOUT ALL THE THINGS I SELL FOR A LIVING,funny,general,very_offensive,motivational,positive,positive,positive,positive,0.5067309,True,correct
2022,image_2023.jpg,THE CLINTON'S DON'T HAVE SKELETONS IN THEIR CLOSET. THEY HAVE A... CEMETERY mematic.net,THE CLINTON'S DON'T HAVE SKELETONS IN THEIR CLOSET. THEY HAVE A... CEMETERY mematic.net,very_funny,general,slight,motivational,neutral,neutral,neutral,positive,0.62083673,False,neutral -> positive
3833,image_3834.jpg,TIGHT ENDS RETIRING EARLY (GROKKOWSKI HERNANDEZ 8181 le feu IT'S A PATRIOTS THING,TIGHT ENDS RETIRING EARLY (GROKKOWSKI HERNANDEZ 8781 IT'S A PATRIOTS THING,not_funny,general,slight,motivational,very_positive,positive,positive,positive,0.9513644,True,correct
4887,image_4888.jpg,YOU HAVE 48 HOURS... memegenerator.net,I Couldn't Be Happier quickmeme.com,funny,twisted_meaning,slight,not_motivational,positive,positive,positive,positive,0.99349964,True,correct
6809,image_6810.jpeg,Even my 4.20 ghz quadcore i7 Memedroid Cant't process your bullshit,Even my 4.20 ghz quadcore i7 Memedroid Cant't process your bullshit,funny,general,slight,not_motivational,positive,positive,positive,neutral,0.7726546,False,positive -> neutral
2346,image_2347.jpeg,redneck girl: our parents aren't home brother:...,redneck girl: our parents aren't home brother:...,not_funny,not_sarcastic,not_offensive,not_motivational,positive,positive,positive,positive,0.8110026,True,correct
2330,image_2331.jpeg,Look at all these countries I used to own,Look at all these countries I used to own,funny,not_sarcastic,slight,motivational,positive,positive,positive,positive,0.98033845,True,correct
1302,image_1303.jpg,You didn't cry when Bambi's mother died? Yes,You didn't cry when Bambi's mother died? Yes  it was very sad when the guy stopped drawing the deer.,very_funny,not_sarcastic,very_offensive,not_motivational,neutral,neutral,neutral,negative,0.4597079,False,neutral -> negative
3401,image_3402.jpg,What's my favorite color? CAMO,What's my favorite color? CAMO,not_funny,not_sarcastic,not_offensive,motivational,negative,negative,negative,positive,0.9016586,False,negative -> positive
6876,image_6877.jpg,SAID SHE WANTS TO HEAR THE OCEAN TOLD HER I'D BRING BACK A SEASHELL mematic.net,SAID SHE WANTS TO HEAR THE OCEAN TOLD HER I'D BRING BACK A SEASHELL mematic.net,funny,general,slight,not_motivational,very_positive,positive,positive,neutral,0.585309,False,positive -> neutral
5105,image_5106.jpg,NEVER TELL ANYONE OUTSIDE THE FAMILY WHAT YOU ARE THINKING AGAIN. Don Corleone THE GODFATHER,NEVER TELL ANYONE OUTSIDE THE FAMILY WHAT YOU ARE THINKING AGAIN. Don Corleone THE GODFATHER,hilarious,very_twisted,not_offensive,motivational,very_negative,negative,negative,positive,0.95788246,False,negative -> positive
1949,image_1950.jpg,O HAD THE PERFECT MEME) FOR THIS HILLARY DELETED ITX IBA,I HAD THE PERFECT MEME) FOR THIS HILLARY DELETED IT,very_funny,twisted_meaning,very_offensive,motivational,positive,positive,positive,positive,0.9959091,True,correct
5431,image_5432.jpg,I TOLD MYSELF I'D BE PRODUCTIVE TODAY THE FACT YOU'RE READING THIS RIGHT NOW DETERMINED THAT WAS ALTE,I TOLD MYSELF I'D BE PRODUCTIVE TODAY THE FACT YOU'RE READING THIS RIGHT NOW DETERMINED THAT WAS ALTE,funny,twisted_meaning,not_offensive,not_motivational,positive,positive,positive,positive,0.95941865,True,correct
2711,image_2712.jpg,When women need more rights but gender doesn't exist mematic.net,When women need more rights but gender doesn't exist mematic.net,funny,general,slight,not_motivational,neutral,neutral,neutral,neutral,0.6691207,True,correct
3639,image_3640.jpg,BUT I'M SUCH A NICE GUY memegenerator.net,BUT I'M SUCH A NICE GUY memegenerator.net,very_funny,general,very_offensive,motivational,positive,positive,positive,positive,0.812253,True,correct
4226,image_4227.jpeg,,I mean  part of the beauty of me is that I'm very rich.,very_funny,not_sarcastic,not_offensive,not_motivational,positive,positive,positive,positive,0.98477364,True,correct
2089,image_2090.jpg,CREATES RACIST PARTY PROMOTES WORLDWIDE EQUALITY AFTER DEATH,CREATES RACIST PARTY PROMOTES WORLDWIDE EQUALITY AFTER DEATH,funny,general,slight,not_motivational,very_positive,positive,positive,positive,0.6545233,True,correct
2387,image_2388.jpg,HEY BUDDY... quickmeme.com,HEY BUDDY... quickmeme.com,funny,general,very_offensive,motivational,neutral,neutral,neutral,positive,0.9542609,False,neutral -> positive
2887,image_2888.png,FALLS ASLEEP IN CLASS Bad luck brian memes before: WET DREAM Bad luck brian memes now: the number 3 Bad luck Brian,FALLS ASLEEP IN CLASS Bad luck brian memes before: WET DREAM Bad luck brian memes now: the number 3 Bad luck Brian,not_funny,not_sarcastic,not_offensive,not_motivational,positive,positive,positive,positive,0.9950676,True,correct
1829,image_1830.png,OW MY SCAR! oh lol wait I'm not harrý potter One Does Not Simply Make A Lord of the Rings Page ;),OW MY SCAR! oh lol wait I'm not harrý potter One Does Not Simply Make A Lord of the Rings Page ;),funny,not_sarcastic,not_offensive,not_motivational,neutral,neutral,neutral,positive,0.5744084,False,neutral -> positive
2462,image_2463.png,Find Potter and bring him to Narnia. The Deathstar is ready for our war against the Time Lords. Tam Groot. HILARIOUS Lord of the Rings meme from facebook xD Does anyone get these REFERENCES?? L.O.L.,Find Potter and bring him to Narnia. The Deathstar is ready for our war against the Time Lords. I am Groot. HILARIOUS Lord of the Rings meme from facebook xD Does anyone get these REFERENCES?? L.O.L.,very_funny,twisted_meaning,slight,not_motivational,very_positive,positive,positive,negative,0.7148381,False,positive -> negative
4498,image_4499.jpg,I once had a Lizard and a Fish as pets..,I once had a Lizard and a Fish as pets..,funny,twisted_meaning,slight,not_motivational,positive,positive,positive,positive,0.57058996,True,correct
6111,image_6112.png,MR BEAN AND TEDDY HAVE A FAR BETTER RELATIONSHIP RVCJ WWWRVCI.COM THAN TODAY'S COUPLES Bean-Teddy!,MR BEAN AND TEDDY HAVE A FAR BETTER RELATIONSHIP RVCJ WWWRVCI.COM THAN TODAY'S COUPLES Bean-Teddy!,very_funny,not_sarcastic,not_offensive,not_motivational,positive,positive,positive,positive,0.9951438,True,correct
4033,image_4034.jpg,WHAT IF I TOLD YOU.. YOU COULD MAKE YOUR OWN MEMES?,WHAT IF I TOLD YOU.. YOU COULD MAKE YOUR OWN MEMES?,very_funny,very_twisted,slight,motivational,positive,positive,positive,positive,0.9884948,True,correct
2747,image_2748.jpg,WELLIKNOWA STUDENT FROM CAMBRIDGE UNIVERSITY HEIS 45 AND HAS STILL NOT GROWN UP imgflip.com,WELL  IKNOW A STUDENT FROM CAMBRIDGE UNIVERSITY HE IS 45 AND HAS STILL NOT GROWN UP imgflip.com,very_funny,twisted_meaning,slight,not_motivational,positive,positive,positive,neutral,0.55661684,False,positive -> neutral
6443,image_6444.jpg,AND THEN I SAID @demode_iowa COLOMBIA!,AND THEN I SAID @demode_iowa COLOMBIA!,funny,twisted_meaning,slight,motivational,neutral,neutral,neutral,negative,0.63724804,False,neutral -> negative
5933,image_5934.png,LUCIFER FOR PRESIDENT THIS COUNTRY IS GOING TO HELL ANYWAYS,LUCIFER FOR PRESIDENT THIS COUNTRY IS GOING TO HELL ANYWAYS  WHY NOT ELECT SOMEONE WHO KNOWS THE PLACE? Luciferforpresident,very_funny,general,very_offensive,motivational,positive,positive,positive,negative,0.4892379,False,positive -> negative
6088,image_6089.jpg,THERE'S THE ONE WHO TOLD ME TO NAP HE'LL BE NAPPING WITH THE FISHES TONIGHT BABE,THERE'S THE ONE WHO TOLD ME TO NAP HE'LL BE NAPPING WITH THE FISHES TONIGHT BABE,very_funny,not_sarcastic,not_offensive,not_motivational,positive,positive,positive,positive,0.94971293,True,correct
3260,image_3261.jpg,POST UNPATRIOTIC PUTIN MEMES ALL DAY AND NOBODY CARES GET SCALPED ON THE MINIMUM WAGE AND EVERYONE LOSES THEIR MIND tor.net,POST UNPATRIOTIC PUTIN MEMES ALL DAY AND NOBODY CARES GET SCALPED ON THE MINIMUM WAGE AND EVERYONE LOSES THEIR MIND tor.net,very_funny,general,slight,not_motivational,positive,positive,positive,positive,0.96712565,True,correct
5087,image_5088.jpg,Sometimes you just gotta burst out and sing,"Sometimes you just gotta burst out and sing ""I'm Sexy and I Know It!""",not_funny,not_sarcastic,not_offensive,not_motivational,neutral,neutral,neutral,neutral,0.7003484,True,correct
1290,image_1291.jpg,me telling a story Do you remember the time - hahahahaha! HA! Hahahahahaha! .. you don't remember?,me telling a story Do you remember the time - hahahahaha! HA! Hahahahahaha! .. you don't remember?,funny,general,slight,not_motivational,negative,negative,negative,positive,0.9925228,False,negative -> positive
1563,image_1564.jpg,IF DIRECTV CANCELS HISTORY CHANNEL ALIENS WILL NOT BE HAPPY HD HD HISTORY.COM,IF DIRECTV CANCELS HISTORY CHANNEL ALIENS WILL NOT BE HAPPY HD HD HISTORY.COM,very_funny,twisted_meaning,not_offensive,not_motivational,positive,positive,positive,positive,0.99755955,True,correct
6208,image_6209.jpg,WHEN ITS CHRISTMAS MORNING Brad Harris AND DAD SAYS THE CATTLE NEED TO BE FED BEFORE YOU CAN OPEN PRESENTS.,WHEN ITS CHRISTMAS MORNING Brad Harris AND DAD SAYS THE CATTLE NEED TO BE FED BEFORE YOU CAN OPEN PRESENTS.,not_funny,general,not_offensive,not_motivational,positive,positive,positive,positive,0.6046725,True,correct
3561,image_3562.png,My better judgment upvotes Me,My better judgment 7 upvotes Me  forcing this seal meme you gotta shoot your shot sometimes  kid.,not_funny,general,very_offensive,motivational,positive,positive,positive,positive,0.89198893,True,correct
3698,image_3699.jpg,I AM DONE WITH MY PAST AND IF YOU AIN'T PLEASE LEAVE ME PEREGON PERERE OUT OF YOUR FEATURE usa înemegenerator.net,I AM DONE WITH MY PAST AND IF YOU AIN'T PLEASE LEAVE ME  # Suits SEASON PREMIERE  OUT OF YOUR FEATURE usa înemegenerator.net,funny,general,slight,motivational,neutral,neutral,neutral,positive,0.6471624,False,neutral -> positive
2411,image_2412.jpg,I feel sooo Naked I love you LIAM PAYNE. .com & MemeCenteri,I feel sooo Naked I love you LIAM PAYNE. memecenter.com & MemeCenter,very_funny,general,slight,not_motivational,positive,positive,positive,neutral,0.9263837,False,positive -> neutral
6155,image_6156.png,"31-45/')"" I tried including Taylor Swift in the mix 16/thebigbang theory 8x13 sal(k31) 2705< => 40 but turns out I love her We're on the same page Sheldon tbbt thebigbangtheory","31-45/')"" I tried including Taylor Swift in the mix 16/thebigbang theory 8x13 sal(k31) 2705< => 40 but turns out I love her We're on the same page Sheldon tbbt thebigbangtheory",very_funny,twisted_meaning,very_offensive,not_motivational,positive,positive,positive,neutral,0.85940886,False,positive -> neutral
3378,image_3379.jpg,THIS IS MY WATERMELON. THERE ARE MANY LIKE IT,THIS IS MY WATERMELON. THERE ARE MANY LIKE IT  BUT THIS ONE IS MINE.,funny,general,slight,not_motivational,very_positive,positive,positive,positive,0.96152174,True,correct
5330,image_5331.jpg,I SAID GLASS OF JUICE NOT GAS THE JEWS. quickmeme.com,I SAID GLASS OF JUICE NOT GAS THE JEWS. quickmeme.com,very_funny,twisted_meaning,very_offensive,motivational,positive,positive,positive,positive,0.71846265,True,correct
4593,image_4594.jpg,WHAT DO YOU CALL GUYS WHO MAKE WOMEN IN THE KITCHEN JOKES? SINGLE,WHAT DO YOU CALL GUYS WHO MAKE WOMEN IN THE KITCHEN JOKES? SINGLE,funny,general,very_offensive,not_motivational,positive,positive,positive,positive,0.693292,True,correct
2969,image_2970.png,PEOPLE WHO WERE 10 WHEN FINDING NEMO CAME OUT WILL BE 22 BY THE TIME THEY SEE THE SEQUEL CEf Postize,PEOPLE WHO WERE 10 WHEN FINDING NEMO CAME OUT WILL BE 22 BY THE TIME THEY SEE THE SEQUEL CEf Postize,funny,general,not_offensive,not_motivational,positive,positive,positive,positive,0.90760636,True,correct
1332,image_1333.jpg,u ever sit down n think about ur friends n how much they have impacted ur life and how much they mean to u and u just ... loldamn.com,u ever sit down n think about ur friends n how much they have impacted ur life and how much they mean to u and u just ... loldamn.com,funny,twisted_meaning,slight,motivational,neutral,neutral,neutral,positive,0.5264076,False,neutral -> positive
2847,image_2848.png,"YOU LIED TO ME AGAIN MORPHEUS ""He's beginning to believe...""","YOU LIED TO ME AGAIN MORPHEUS ""He's beginning to believe...""",funny,general,very_offensive,not_motivational,very_positive,positive,positive,positive,0.99387014,True,correct
5488,image_5489.jpg,My laptop snaps a photo of the person that wakes up my computer...,My laptop snaps a photo of the person that wakes up my computer...,very_funny,general,slight,motivational,positive,positive,positive,positive,0.7101186,True,correct
2683,image_2684.png,WHAT DO YOU CALL A FAT CHINESE PROSTITUTE?! Tnfiw instacomedy CHUN KI HO,WHAT DO YOU CALL A FAT CHINESE PROSTITUTE?! Tnfiw instacomedy CHUN KI HO,funny,general,not_offensive,not_motivational,neutral,neutral,neutral,neutral,0.95161664,True,correct
3289,image_3290.jpg,OH MY! AND WHERE DO YA THINK YOU'RE PUTIN THAT? WWW.THEVIRALEXPERIMENT.CO.UK,OH MY! AND WHERE DO YA THINK YOU'RE PUTIN THAT? WWW.THEVIRALEXPERIMENT.CO.UK,very_funny,twisted_meaning,not_offensive,not_motivational,positive,positive,positive,neutral,0.6205961,False,positive -> neutral
4997,image_4998.jpg,Biden definitely shows people wallet photos of Obama,Biden definitely shows people wallet photos of Obama,not_funny,general,slight,not_motivational,neutral,neutral,neutral,negative,0.5360153,False,neutral -> negative
3748,image_3749.jpg,EVERYONE IS LOOKING AT SPIDER-MAN MEMES AND I'M JUST SITTING HERE MASTURBATING. quickmeme.com,EVERYONE IS LOOKING AT SPIDER-MAN MEMES AND I'M JUST SITTING HERE MASTURBATING. quickmeme.com,hilarious,general,hateful_offensive,motivational,positive,positive,positive,positive,0.9766351,True,correct
22,image_23.jpeg,IS THERE AN ALL-FEMALE AVENGERS MOVIE IN THE WORKS? A FORCE Sounds great! But who would they fight? Each other,IS THERE AN ALL-FEMALE AVENGERS MOVIE IN THE WORKS? A FORCE Sounds great! But who would they fight? Each other  probably,funny,general,slight,motivational,neutral,neutral,neutral,positive,0.9698117,False,neutral -> positive
6718,image_6719.png,Poo Poo Cannon Pepe (IMPROVED VER.),Poo Poo Cannon Pepe (IMPROVED VER.),very_funny,not_sarcastic,not_offensive,not_motivational,positive,positive,positive,neutral,0.86863977,False,positive -> neutral
1251,image_1252.png,QUIZ: Which ‘Sex and the City' Gal's Style of Internalized Misogyny Are You? Entertainment - Jan 12,QUIZ: Which ‘Sex and the City' Gal's Style of Internalized Misogyny Are You? Entertainment - Jan 12  2017 By: Liz Arcury,funny,twisted_meaning,slight,not_motivational,neutral,neutral,neutral,neutral,0.98629946,True,correct
6219,image_6220.jpg,DID YOU KNOW THAT IF YOU PLAY COUNTRY AND WESTERN MUSIC BACKWARDS? YOUR PICKUP WILL START,DID YOU KNOW THAT IF YOU PLAY COUNTRY AND WESTERN MUSIC BACKWARDS? YOUR PICKUP WILL START  YOUR DOG WILL COME BACK AND YOUR SWEETHEART WILL LOVE YOU AGAIN!,very_funny,general,slight,not_motivational,very_positive,positive,positive,neutral,0.9979983,False,positive -> neutral
6271,image_6272.jpg,ONE HUNDRED MILLION DOLLARS aussiememes.com.au,ONE HUNDRED MILLION DOLLARS aussiememes.com.au,funny,general,not_offensive,not_motivational,neutral,neutral,neutral,neutral,0.48985475,True,correct
1806,image_1807.jpg,I am surrounded by idiots,I am surrounded by idiots,very_funny,general,slight,motivational,neutral,neutral,neutral,positive,0.9502382,False,neutral -> positive
5572,image_5573.jpg,STEVE JOBS WAS THE GREATEST INVENTOR OF OUR TIME WAIT,STEVE JOBS WAS THE GREATEST INVENTOR OF OUR TIME WAIT  WHAT? WHO'S STEVE WOZNIAK?,funny,general,slight,not_motivational,neutral,neutral,neutral,neutral,0.6100547,True,correct
43,image_44.jpg,"<html><head><meta content=""text/html; charset=UTF-8"" http-equiv=""content-type""><style type=""text/css"">ol{margin:0;padding:0}table td",Captain America I had a date I volunteer!,hilarious,twisted_meaning,not_offensive,not_motivational,neutral,neutral,neutral,neutral,0.99133086,True,correct
2742,image_2743.JPG,concerned friend who loves and cares about me: get out of bed and start ur day im worried about u me: @scariest_bug_ever,concerned friend who loves and cares about me: get out of bed and start ur day im worried about u me: @scariest_bug_ever,funny,not_sarcastic,not_offensive,not_motivational,positive,positive,positive,positive,0.9981852,True,correct
6009,image_6010.jpg,HAPPY BIRTHDAY DICKY LIL OH MY BAD.!!! DAVE! :-),HAPPY BIRTHDAY DICKY!!! OH MY BAD.!!! DAVE! :-),funny,general,slight,not_motivational,positive,positive,positive,neutral,0.74786496,False,positive -> neutral
4898,image_4899.jpg,STEVE HARVEY SHOULD HOST THE OSCARS WOD WAT MAYBE LEONARDO DICAPRIO WILL WIN ONE MEL.COM,STEVE HARVEY SHOULD HOST THE OSCARS WOD WAT MAYBE LEONARDO DICAPRIO WILL WIN ONE MEMES.COM,hilarious,general,not_offensive,not_motivational,positive,positive,positive,positive,0.50971544,True,correct
5014,image_5015.jpg,MUM.OVE NAH YES,YES  YES! COVER ME IN TECHMOLOGIES,very_funny,general,not_offensive,not_motivational,very_positive,positive,positive,positive,0.97931594,True,correct
3682,image_3683.png,SOMETIMES YOU SAY THINGS ANDIJUST.. funnyism.com 8 Skeptical Baby | Funny Pics | Funnyism Funny Pictures,SOMETIMES YOU SAY THINGS ANDIJUST.. funnyism.com 8 Skeptical Baby | Funny Pics | Funnyism Funny Pictures,hilarious,general,very_offensive,motivational,very_positive,positive,positive,positive,0.99617875,True,correct
4022,image_4023.png,"<html><head><meta content=""text/html; charset=UTF-8"" http-equiv=""content-type""><style type=""text/css"">ol{margin:0;padding:0}table td",HIGHER EDUCATION IS GREAT  ESPECIALLY FOR STEMS FIELDS  AND YOU SHOULD DEFINITELY PURSUE IT BUT STAY AWAY FROM GETTING A PHD IN A STEM FIELD WORK AND RESEARCH GRANTS. NEITHER OF WHICH ALLOW YOU TO PROFIT MUCH OR AT ALL FROM YOUR EFFORTS.,funny,general,not_offensive,not_motivational,neutral,neutral,neutral,positive,0.99805474,False,neutral -> positive
6434,image_6435.jpg,Getting home after working a 49.5 hour shift working Hurricane Harvey,Getting home after working a 49.5 hour shift working Hurricane Harvey,very_funny,general,not_offensive,not_motivational,neutral,neutral,neutral,neutral,0.9471022,True,correct
3699,image_3700.jpg,I DON'T GET LUCKY. I MAKE MY OWN LUCK. SCOOPWHOOP.COM HARVEY SECTERU O,I DON'T GET LUCKY. I MAKE MY OWN LUCK. SCOOPWHOOP.COM  HARVEY SPECTER  QUOTES,very_funny,twisted_meaning,slight,motivational,positive,positive,positive,positive,0.95526046,True,correct
4052,image_4053.jpg,DOES IT WORK? NOPE ITS BROKEN,DOES IT WORK? NOPE ITS BROKEN  BUT DON'T BREAK IT.,funny,general,slight,not_motivational,very_positive,positive,positive,neutral,0.6831829,False,positive -> neutral
1223,image_1224.jpg,WHAT ARE FEMINISTS BURNING IN 2017? THE LATEST MILITANT TRENDS MANCHEGO CHEESE TOO MUCH MAN IN IT MANDOLINS TOO MUCH MAN IN THEM THE DOOR THAT GUY HELD OPEN BURN ALL THE DOORS BRAS STILL AT IT! BEUK BECKY BARNICOAT,WHAT ARE FEMINISTS BURNING IN 2017? THE LATEST MILITANT TRENDS MANCHEGO CHEESE TOO MUCH MAN IN IT MANDOLINS TOO MUCH MAN IN THEM THE DOOR THAT GUY HELD OPEN BURN ALL THE DOORS BRAS STILL AT IT! BEUK BECKY BARNICOAT,not_funny,general,not_offensive,not_motivational,neutral,neutral,neutral,positive,0.9562188,False,neutral -> positive
4735,image_4736.png,HAPPY FRIDAY! WAT SORRY ITS MONDAY,HAPPY FRIDAY! WAT SORRY ITS MONDAY,funny,general,not_offensive,not_motivational,positive,positive,positive,neutral,0.49319822,False,positive -> neutral
4314,image_4315.png,dc vs marvel all comics WHEN YOU REALISE 2017 IS THE LAST TIME YOU'LL SEE THESE TWO IN THE X-MEN FRANCHISE,dc vs marvel all comics WHEN YOU REALISE 2017 IS THE LAST TIME YOU'LL SEE THESE TWO IN THE X-MEN FRANCHISE,funny,general,slight,not_motivational,positive,positive,positive,positive,0.9919338,True,correct
6710,image_6711.jpeg,when they don't tell me how to get to sesame street NIKE,when they don't tell me how to get to sesame street NIKE,funny,general,slight,motivational,positive,positive,positive,positive,0.9937743,True,correct
6096,image_6097.jpg,Kids have so much energy because they siphon it out of their parents like little gasoline thieves.,Kids have so much energy because they siphon it out of their parents like little gasoline thieves.,hilarious,not_sarcastic,slight,not_motivational,negative,negative,negative,positive,0.7493268,False,negative -> positive
6230,image_6231.jpg,When you look up and see text above you and realize that you're actually trapped inside of a meme... Can't you nerds give me a break?,When you look up and see text above you and realize that you're actually trapped inside of a meme... Can't you nerds give me a break?,not_funny,not_sarcastic,not_offensive,not_motivational,neutral,neutral,neutral,positive,0.6894953,False,neutral -> positive
1155,image_1156.png,Dad's feeding their babies,Dad's feeding their babies,hilarious,general,very_offensive,not_motivational,neutral,neutral,neutral,positive,0.9342859,False,neutral -> positive
5208,image_5209.jpeg,Hey,"Hey  hows life?""",funny,not_sarcastic,not_offensive,not_motivational,positive,positive,positive,positive,0.87311,True,correct
6648,image_6649.jpg,I GOT YOU A SARI. WHY,I GOT YOU A SARI. WHY  THANK YOU! HOW DOES ONE WEAR IT? WITHOUT DIAMOND JEWELLERY.,very_funny,not_sarcastic,not_offensive,not_motivational,positive,positive,positive,neutral,0.95197415,False,positive -> neutral
6135,image_6136.jpg,THE BEST THING ABOUT DATING A BILLS FAN IS THAT YOU KNOW SHE AIN'T LOOKING FOR A RING,THE BEST THING ABOUT DATING A BILLS FAN IS THAT YOU KNOW SHE AIN'T LOOKING FOR A RING,very_funny,very_twisted,slight,motivational,negative,negative,negative,positive,0.9651824,False,negative -> positive
4507,image_4508.jpg,CAN'T LIVE WITHOUT TECHNOLOGY DIYLOL.COM,CAN'T LIVE WITHOUT TECHNOLOGY DIYLOL.COM,funny,general,not_offensive,not_motivational,neutral,neutral,neutral,positive,0.9909491,False,neutral -> positive
3781,image_3782.jpg,EXCELLENT THE STRIPPERS ARE HERE,EXCELLENT THE STRIPPERS ARE HERE,very_funny,general,slight,not_motivational,positive,positive,positive,neutral,0.886937,False,positive -> neutral
3142,image_3143.jpg,THAT MOMENT WHEN YOU REALISE YOUR MEME IDEA IS TOO HUGE TO FIT INTO ONE SIDE SO YOU CONTINUE AT THE BOTTOM,THAT MOMENT WHEN YOU REALISE YOUR MEME IDEA IS TOO HUGE TO FIT INTO ONE SIDE SO YOU CONTINUE AT THE BOTTOM  AND IT STILL DOESN'T AL.,very_funny,general,not_offensive,not_motivational,very_positive,positive,positive,negative,0.55797255,False,positive -> negative
5821,image_5822.jpg,Invisible Snow shovel ICANHASCHEEPBURGER.COM GPS,Invisible Snow shovel ICANHASCHEEPBURGER.COM,funny,general,slight,motivational,positive,positive,positive,positive,0.59993273,True,correct
253,image_254.png,whats is the face expression of Mr bean hahahah,whats is the face expression of Mr bean hahahah,funny,general,not_offensive,not_motivational,neutral,neutral,neutral,positive,0.9941518,False,neutral -> positive
5923,image_5924.jpg,Here's one that tried to escape from the kitchen.,Here's one that tried to escape from the kitchen.,very_funny,twisted_meaning,slight,not_motivational,positive,positive,positive,positive,0.9357083,True,correct
3507,image_3508.jpg,OCEAN PANTHER,OCEAN PANTHER,funny,general,not_offensive,not_motivational,positive,positive,positive,positive,0.96934366,True,correct
2356,image_2357.jpg,WHEN ELENA KISSED LIAM Elma Saber facebook.com/Elma Cart09/262 Delena&Stelena Fans,WHEN ELENA KISSED LIAM Elma Saber facebook.com/Elma Cart09/262 Delena&Stelena Fans,not_funny,twisted_meaning,very_offensive,motivational,positive,positive,positive,positive,0.99844766,True,correct
3256,image_3257.jpg,Putin Approves THREATENED may have fears Khodorkovsky growing clout quickmeme.com,Putin Approves THREATENED may have fears Khodorkovsky growing clout quickmeme.com,funny,general,slight,motivational,neutral,neutral,neutral,positive,0.8820871,False,neutral -> positive
6698,image_6699.jpg,Someone made up dinosaur noises without ever hearing them,Someone made up dinosaur noises without ever hearing them,not_funny,not_sarcastic,not_offensive,not_motivational,neutral,neutral,neutral,neutral,0.98794997,True,correct
1010,image_1011.png,Leonardo DiCaprio from the 90s,Leonardo DiCaprio from the 90s,funny,general,slight,not_motivational,neutral,neutral,neutral,neutral,0.55883104,True,correct
3746,image_3747.jpg,HERE ARE YOUR OPTIONS: %*$# YOU I'M SPIDERMAN,HERE ARE YOUR OPTIONS: 1. %*$# YOU I'M SPIDERMAN,funny,general,slight,not_motivational,positive,positive,positive,neutral,0.9959539,False,positive -> neutral
6756,image_6757.png,THIS WOULD BE RACIST IF BLACK PEOPLE COULD READ,THIS WOULD BE RACIST IF BLACK PEOPLE COULD READ,hilarious,not_sarcastic,not_offensive,motivational,very_positive,positive,positive,negative,0.72561526,False,positive -> negative
6395,image_6396.png,THE DAY YOU START YOUR NEW JOB TrialBy Meme THE DAY YOU QUIT mgflip.com,THE DAY YOU START YOUR NEW JOB TrialBy Meme THE DAY YOU QUIT mgflip.com,very_funny,general,not_offensive,not_motivational,positive,positive,positive,positive,0.7869999,True,correct
738,image_739.jpeg,I DON'T KNOW WHO YOU ARE,I DON'T KNOW WHO YOU ARE  BUT I WILL FIND YOU AND I WILL KILL YOU. YOU'RE RIGHT  YOU DON'T KNOW WHO THIS IS. Haha Bigpimpin916.ifunny.mobi,not_funny,general,slight,not_motivational,neutral,neutral,neutral,negative,0.84804994,False,neutral -> negative
4178,image_4179.jpg,These kids today are always on their phones I now present to you this picture of a stereotypical teenage girl from 1956 imgflip.com,These kids today are always on their phones I now present to you this picture of a stereotypical teenage girl from 1956 imgflip.com,hilarious,not_sarcastic,not_offensive,motivational,neutral,neutral,neutral,neutral,0.9803634,True,correct
1213,image_1214.jpg,THE GOOD OLD DAYS WERE SO MUCH BETTER IF YOU WERE WHITE,THE GOOD OLD DAYS WERE SO MUCH BETTER IF YOU WERE WHITE  MALE  HETERISEXUAL  PTOTESTANT  CISGENDERED  RICH ANGLO- SAXON... boredpanda.com,hilarious,general,slight,motivational,very_positive,positive,positive,positive,0.96295893,True,correct
862,image_863.png,IF SOMEONE PLAYS METAL COUNTRY MUSIC,IF SOMEONE PLAYS METAL COUNTRY MUSIC,very_funny,general,very_offensive,not_motivational,neutral,neutral,neutral,neutral,0.99578106,True,correct
5504,image_5505.jpg,YOU TALKING TO ME? YOU COME TO ME ON THE DAY OF MY DAUGHTERS WEDDING memecrunch.com,YOU TALKING TO ME? YOU COME TO ME ON THE DAY OF MY DAUGHTERS WEDDING memecrunch.com,very_funny,general,slight,not_motivational,neutral,neutral,neutral,positive,0.98880565,False,neutral -> positive
3110,image_3111.jpg,Them: The perfect crossover character doesn't exist Me,Them: The perfect crossover character doesn't exist Me  an intellectual: BIG CHUNIGGUS,very_funny,general,slight,motivational,positive,positive,positive,positive,0.9889874,True,correct
424,image_425.jpeg,Bill Nye the Science Guy! The whole classroom: BILL BILL BILL BILL BILL BILL BILL BILL,Bill Nye the Science Guy! The whole classroom: BILL BILL BILL BILL BILL BILL BILL BILL,not_funny,not_sarcastic,not_offensive,not_motivational,negative,negative,negative,positive,0.9916381,False,negative -> positive
1693,image_1694.jpg,I FUCKIN HATE DEGENS FROM UP COUNTRY,I FUCKIN HATE DEGENS FROM UP COUNTRY,very_funny,general,not_offensive,not_motivational,very_positive,positive,positive,neutral,0.8936718,False,positive -> neutral
622,image_623.jpg,RIGHT,RIGHT  TAKE A PICTURE THAT'S HELPFUL,not_funny,general,very_offensive,motivational,positive,positive,positive,positive,0.9978688,True,correct
4754,image_4755.jpg,He's not your dad. 9GAG My dad told me you're spying on us.,He's not your dad. 9GAG My dad told me you're spying on us.,funny,twisted_meaning,slight,motivational,positive,positive,positive,neutral,0.7124797,False,positive -> neutral
1298,image_1299.jpg,WHEN PEOPLE ASK WHY I DON'T SOCIALIZE MUCH ig@BTS7Weirdos < 1 personally don't like people,WHEN PEOPLE ASK WHY I DON'T SOCIALIZE MUCH ig@BTS7Weirdos I personally don't like people,funny,very_twisted,slight,motivational,neutral,neutral,neutral,positive,0.8202051,False,neutral -> positive
3910,image_3911.png,Never cut a tree down in the winter time. Never make a negative decision in the low time. Never make your most important decisions when you are in your worst moods. Wait. Be patient. The storm will pass. The spring will come. – Steve Jobs Lessons Taught BYLIFE <3,Never cut a tree down in the winter time. Never make a negative decision in the low time. Never make your most important decisions when you are in your worst moods. Wait. Be patient. The storm will pass. The spring will come. – Steve Jobs Lessons Taught BYLIFE <3,not_funny,general,slight,motivational,neutral,neutral,neutral,positive,0.8757596,False,neutral -> positive
3053,image_3054.png,TODAY I PASSED A MILESTONE 10 YEARS CIGARETTE FREE made on imgur,TODAY I PASSED A MILESTONE 10 YEARS CIGARETTE FREE made on imgur,funny,general,slight,motivational,positive,positive,positive,positive,0.8013041,True,correct
6775,image_6776.jpg,WHEN LIFE GIVES YOU LEMONS EMPOWER WOMEN http://chuornot.netcurate.com/stories/rahul-gandhi-meme,WHEN LIFE GIVES YOU LEMONS EMPOWER WOMEN http://chuornot.netcurate.com/stories/rahul-gandhi-meme,funny,general,not_offensive,not_motivational,neutral,neutral,neutral,positive,0.9785598,False,neutral -> positive
1526,image_1527.jpg,ABORTED GF Sorry I couldn't be there for you anon my mom had other plans hey! we would have been born on the same day we're like twins! you're not eating healthy,ABORTED GF Sorry I couldn't be there for you anon my mom had other plans hey! we would have been born on the same day we're like twins! you're not eating healthy  and you look so sad :( would have liked to have lot of kids with you...I could have cooked you a hot meal.. i'll be praying for you,hilarious,not_sarcastic,very_offensive,not_motivational,positive,positive,positive,positive,0.9725963,True,correct
785,image_786.png,IN THE CORNER @wrestling_jokes Chuck Norris COACHING YOUR FRIEND Throw back tag someone this applies too,IN THE CORNER @wrestling_jokes Chuck Norris COACHING YOUR FRIEND Throw back tag someone this applies too,funny,general,slight,not_motivational,neutral,neutral,neutral,positive,0.9949669,False,neutral -> positive
1625,image_1626.png,That moment when you realize. The Godfather is a Marine Ava cigarsandseastories.com Semper Fi-Devil82,That moment when you realize The Godfather is a Marine cigarsandseastories.com Semper Fi-Devil82,very_funny,general,slight,not_motivational,positive,positive,positive,positive,0.9896554,True,correct
1061,image_1062.jpg,"SO I'M NOT ""A MEME"" PERHAPS I DON'T ""TRANSLATE WELL TO THE INTERNET MAYBE I'M ""TOO OLD OF A REFRENCE FOR REDDIT TO GET""","SO I'M NOT ""A MEME"" PERHAPS I DON'T ""TRANSLATE WELL TO THE INTERNET MAYBE I'M ""TOO OLD OF A REFRENCE FOR REDDIT TO GET""",hilarious,general,slight,motivational,positive,positive,positive,neutral,0.7190956,False,positive -> neutral
1921,image_1922.png,When you laugh at Elon Musk memes but you're Elon Musk That's not Elon that's Steve Harvey Lol,When you laugh at Elon Musk memes but you're Elon Musk That's not Elon that's Steve Harvey Lol  PLEASE SUB 2 PEWDS,funny,twisted_meaning,slight,not_motivational,neutral,neutral,neutral,positive,0.99942255,False,neutral -> positive
6505,image_6506.jpg,"THE JOKER MEME CAN SAY ""NOBODY BATS AN EYE"" AND NOBODY BATS AN EYE BUT IF SOMEONE CLAIMS IT SHOULD BE ""NOBODY PANICS"" THEN EVERYONE LOSES THEIR MINDS! quickmeme.com","THE JOKER MEME CAN SAY ""NOBODY BATS AN EYE"" AND NOBODY BATS AN EYE BUT IF SOMEONE CLAIMS IT SHOULD BE ""NOBODY PANICS"" THEN EVERYONE LOSES THEIR MINDS! quickmeme.com",not_funny,not_sarcastic,not_offensive,not_motivational,neutral,neutral,neutral,negative,0.41021577,False,neutral -> negative
1857,image_1858.jpg,MERRY CHRISTMAS WAIT,MERRY CHRISTMAS WAIT  SORRY IT'S TOMORROW,very_funny,general,not_offensive,not_motivational,positive,positive,positive,neutral,0.7373505,False,positive -> neutral
6664,image_6665.png,I AM NOT A COFFEE ADDICT I'M JUST A LITTLE OVER ATTACHED TO IT THAT'S ALL. Coffee memions.com,I AM NOT A COFFEE ADDICT I'M JUST A LITTLE OVER ATTACHED TO IT THAT'S ALL. Coffee memions.com,funny,general,not_offensive,not_motivational,neutral,neutral,neutral,positive,0.86163944,False,neutral -> positive
1627,image_1628.png,,I'm sorry about your godfather  Harry.,funny,very_twisted,very_offensive,motivational,positive,positive,positive,neutral,0.9211801,False,positive -> neutral
5738,image_5739.png,CANT TELL IF JOHN CENA OR... JIM CARREY wrestlememia,CANT TELL IF JOHN CENA OR... JIM CARREY wrestlememia,funny,general,slight,motivational,positive,positive,positive,neutral,0.8251594,False,positive -> neutral
6170,image_6171.jpg,Igot a new toy! FunnyCat Memes.xyz I will play with it exactly one day. Then I want a new one.,Igot a new toy! FunnyCat Memes.xyz I will play with it exactly one day. Then I want a new one.,funny,not_sarcastic,not_offensive,not_motivational,negative,negative,negative,positive,0.96496016,False,negative -> positive
6351,image_6352.png,ANGRY KITTY NEEDS A LAUGH GOT MARRIED TO OVERLY ATTACHED GIRLFRIEND https://www.youtube.com/wat ch?v=uj72jRFfV6w,GOT MARRIED TO OVERLY ATTACHED GIRLFRIEND,funny,general,very_offensive,not_motivational,neutral,neutral,neutral,neutral,0.8762519,True,correct
5586,image_5587.jpg,"when you've heard mom!"" 543 times before lunch and you don't got a pocket full of sunshine TCL","when you've heard mom!"" 543 times before lunch and you don't got a pocket full of sunshine TCL",funny,general,very_offensive,not_motivational,neutral,neutral,neutral,positive,0.99608684,False,neutral -> positive
1681,image_1682.jpg,ME AT THE BEGINNING OF AN EPISODE Thrones Memes ME AT THE END OF AN EPISODE,ME AT THE BEGINNING OF AN EPISODE Thrones Memes ME AT THE END OF AN EPISODE,funny,twisted_meaning,slight,not_motivational,negative,negative,negative,positive,0.7571654,False,negative -> positive
635,image_636.jpg,Look Mommy I caught a mouse!,Look Mommy I caught a mouse!,very_funny,general,not_offensive,not_motivational,positive,positive,positive,neutral,0.7623997,False,positive -> neutral
5015,image_5016.jpg,Sometimes good guys gotta do bad things to make the bad guys pay! SarcasmLOL.com,Sometimes good guys gotta do bad things to make the bad guys pay! SarcasmLOL.com,not_funny,twisted_meaning,slight,not_motivational,neutral,neutral,neutral,positive,0.88702875,False,neutral -> positive
3923,image_3924.png,STEVE JOBS @BUSINESSMINDSET 1 MY JOB IS NOT TO BE EASY ON PEOPLE. MY JOB IS TO MAKE THEM BETTER. Better isn't always going to be easy. businessmindset101,STEVE JOBS @BUSINESSMINDSET 1 MY JOB IS NOT TO BE EASY ON PEOPLE. MY JOB IS TO MAKE THEM BETTER. Better isn't always going to be easy. businessmindset101,very_funny,twisted_meaning,very_offensive,motivational,positive,positive,positive,neutral,0.9304494,False,positive -> neutral
4215,image_4216.jpg,,THIS IS THE PICTURE OF THE ONLY PERSON RESPONSIBLE IF TRUMP LOSES IN NOVEMBER imgflip.com,very_funny,general,slight,not_motivational,positive,positive,positive,positive,0.9686053,True,correct
1982,image_1983.jpg,I DID NOT HAVE TEXTUAL RELATIONS WITH THAT SERVER,I DID NOT HAVE TEXTUAL RELATIONS WITH THAT SERVER,very_funny,twisted_meaning,slight,motivational,positive,positive,positive,positive,0.9085866,True,correct
5321,image_5322.jpg,COOLANT LEAK,"COOLANT LEAK  CAPTAIN!"" HEHE STARTREK.com",very_funny,general,not_offensive,not_motivational,very_positive,positive,positive,neutral,0.46558753,False,positive -> neutral
3116,image_3117.jpg,I'LL GIVE THAT BITCH A STONE Animalmemes BITCHES LOVE STONES,I'LL GIVE THAT BITCH A STONE,not_funny,not_sarcastic,not_offensive,not_motivational,positive,positive,positive,neutral,0.939848,False,positive -> neutral
2946,image_2947.jpeg,WHERE IS MY SON? VIA 9GAG.COM I WANT ANSWERS MEMEFUL.COM,WHERE IS MY SON? VIA 9GAG.COM I WANT ANSWERS MEMEFUL.COM,very_funny,twisted_meaning,very_offensive,motivational,positive,positive,positive,neutral,0.67167336,False,positive -> neutral
1097,image_1098.png,DOWE SuperLotto AILLIONS 11930 751 MILLION MILLION ONE BILLION DOLLARS Dr Evil takes over the Lottery I knew this would happen somewhere,DOWE SuperLotto AILLIONS 11930 751 MILLION MILLION ONE BILLION DOLLARS Dr Evil takes over the Lottery I knew this would happen somewhere,very_funny,general,slight,not_motivational,positive,positive,positive,positive,0.9760828,True,correct
6320,image_6321.jpg,NO ONE EVER ASKED HOW I WAS DOING,NO ONE EVER ASKED HOW I WAS DOING memegenerator.net,not_funny,general,not_offensive,not_motivational,positive,positive,positive,positive,0.87610406,True,correct
3220,image_3221.jpg,THERE'S THE DOOR Now get the fuck out IMGLOLS.com,THERE'S THE DOOR Now get the fuck out IMGLOLS.com,not_funny,twisted_meaning,slight,motivational,positive,positive,positive,positive,0.6490625,True,correct
5097,image_5098.png,When you're fucked up but your friends legit don't care if you die and keep making you drinks,When you're fucked up but your friends legit don't care if you die and keep making you drinks,funny,not_sarcastic,not_offensive,not_motivational,positive,positive,positive,neutral,0.80576,False,positive -> neutral
4231,image_4232.png,,HELLO COVFEFE? COVFEFE MACHINE BROKE UNDERSTANDABLE HAVE A NICE DAY,hilarious,general,not_offensive,motivational,very_positive,positive,positive,neutral,0.36850786,False,positive -> neutral
5836,image_5837.jpg,I'm a pretty little girl.,I'm a pretty little girl.,very_funny,general,not_offensive,not_motivational,neutral,neutral,neutral,neutral,0.9950252,True,correct
1544,image_1545.png,When ur roblox girlfriend gets sold into slavery So long,When ur roblox girlfriend gets sold into slavery So long partner humongous if authentic,not_funny,twisted_meaning,very_offensive,not_motivational,negative,negative,negative,neutral,0.62626433,False,negative -> neutral
909,image_910.jpeg,The answer to your first question is SHADDUP! quickmeme.com,The answer to your first question is SHADDUP! quickmeme.com,very_funny,not_sarcastic,not_offensive,not_motivational,positive,positive,positive,positive,0.60036427,True,correct
5001,image_5002.jpg,VIA 9GAG.COM Damn they are getting good at camouflage,VIA 9GAG.COM Damn they are getting good at camouflage,not_funny,not_sarcastic,not_offensive,not_motivational,neutral,neutral,neutral,neutral,0.99168175,True,correct
1577,image_1578.png,"FOOTY JOKES CHIELLINI BUFFON Giorgio Chiellini: ""Its not a surprise Real Madrid have gone through like this. It happened to Bayern last year","FOOTY JOKES CHIELLINI BUFFON Giorgio Chiellini: ""Its not a surprise Real Madrid have gone through like this. It happened to Bayern last year  now it was our turn  how much did they pay him?"" Cheillini is still not happy with that penalty decision.",funny,twisted_meaning,slight,motivational,positive,positive,positive,positive,0.9145855,True,correct
3358,image_3359.jpg,Linda Storm Sorenson shared John Frank Pellicano's photo I'll be damned... Reagan used to babysit Obama! plo Like Comment Share,Linda Storm Sorenson shared John Frank Pellicano's photo I'll be damned... Reagan used to babysit Obama! plo Like Comment Share,hilarious,general,slight,motivational,positive,positive,positive,positive,0.6240865,True,correct
5591,image_5592.jpg,A lie is a great story That somebody ruined With the truth. Barney Stinson memecenter.com Memetenter,A lie is a great story That somebody ruined With the truth. Barney Stinson,very_funny,twisted_meaning,slight,motivational,positive,positive,positive,positive,0.95610774,True,correct
3546,image_3547.jpg,AAAAAAAAHHH” ННАНАНАНА SEAL,AAAAAAAAHHH” ННАНАНАНА SEAL,very_funny,general,not_offensive,not_motivational,neutral,neutral,neutral,positive,0.97765964,False,neutral -> positive
6895,image_6896.png,STAND BACK proudly hosted on photobucket I'M GONNA TRY SCIENCE,STAND BACK proudly hosted on photobucket I'M GONNA TRY SCIENCE,very_funny,general,not_offensive,not_motivational,neutral,neutral,neutral,neutral,0.95502746,True,correct
1437,image_1438.jpg,YOUR FACE WHEN SHE'S HEAVIER THAN YOU EXPECTED imgflip.com,YOUR FACE WHEN SHE'S HEAVIER THAN YOU EXPECTED imgflip.com,funny,twisted_meaning,slight,motivational,positive,positive,positive,positive,0.8443627,True,correct
453,image_454.jpg,ONE DOES NOT SIMPLY VOTE - YOU MUST REGISTER FIRST imgflip.com,ONE DOES NOT SIMPLY VOTE - YOU MUST REGISTER FIRST imgflip.com,very_funny,general,not_offensive,not_motivational,positive,positive,positive,positive,0.977033,True,correct
6400,image_6401.jpg,YOU GOT IT,YOU GOT IT  DUDE quickmeme.com,very_funny,general,slight,motivational,neutral,neutral,neutral,positive,0.9720782,False,neutral -> positive
3080,image_3081.png,"<html><head><meta content=""text/html; charset=UTF-8"" http-equiv=""content-type""><style type=""text/css"">ol{margin:0;padding:0}table td",sorry sir no anime allowed,funny,twisted_meaning,slight,not_motivational,positive,positive,positive,positive,0.7884794,True,correct
1296,image_1297.jpg,WHEN YOU SEND YOUR FRIENDS MEMES 1-2 hurts just a little THAT THEY'VE ALREADY SEEN memeyenerator.net,WHEN YOU SEND YOUR FRIENDS MEMES THAT THEY'VE ALREADY SEEN,very_funny,twisted_meaning,very_offensive,motivational,positive,positive,positive,positive,0.9984546,True,correct
5623,image_5624.jpg,THIS GIRLS HOT AND LIKES HITLER MEMES makeameme.org,THIS GIRLS HOT AND LIKES HITLER MEMES makeameme.org,funny,general,not_offensive,motivational,negative,negative,negative,negative,0.506998,True,correct
6300,image_6301.png,when you see your friend hanging out with the person she was just complaining about the other day fake,when you see your friend hanging out with the person she was just complaining about the other day fake,not_funny,general,slight,not_motivational,neutral,neutral,neutral,positive,0.99324846,False,neutral -> positive
1414,image_1415.jpeg,IF YOU WANT TO VIEW PARADISE,"IF YOU WANT TO VIEW PARADISE  SIMPLY LOOK AROUND AND VIEW IT."" -GENE WILDER AS WILLY WONKA 1933-2016 mematic.net",not_funny,not_sarcastic,not_offensive,motivational,positive,positive,positive,positive,0.9945886,True,correct
1130,image_1131.jpg,COME AT ME,COME AT ME  BRO I HAVE A DIAPER FULL OF POOP AND I AM NOT AFRAID TO USE IT,very_funny,general,very_offensive,motivational,very_positive,positive,positive,positive,0.96446544,True,correct
5566,image_5567.jpg,Emergency Hotline Numbers by Country SK.: 1000 TITETER GLORIOUS LEADER IS ALWAYS THERE TO SAVE YOU,Emergency Hotline Numbers by Country 911 000 112GLORIOUS LEADER IS ALWAYS THERE TO SAVE YOU,very_funny,general,slight,not_motivational,neutral,neutral,neutral,positive,0.9748147,False,neutral -> positive
4537,image_4538.png,"<html><head><meta content=""text/html; charset=UTF-8"" http-equiv=""content-type""><style type=""text/css"">ol{margin:0;padding:0}table td",NO ONE WILL EVER SCREW UP WORSE THAN ME HOLD MY BEER,hilarious,general,not_offensive,not_motivational,very_positive,positive,positive,positive,0.9545302,True,correct
2879,image_2880.jpg,NOBODY WISHES HAPPY BIRTHDAY BETTER THAN ME BELIEVE ME BRIAN memeshappen.com,NOBODY WISHES HAPPY BIRTHDAY BETTER THAN ME BELIEVE ME BRIAN memeshappen.com,hilarious,general,very_offensive,motivational,neutral,neutral,neutral,positive,0.84677064,False,neutral -> positive
963,image_964.png,CLASSICAL ART MEMES Did you know? Leonardo DiCaprio created the original Mona Lisa on MS Paint before transferring to canvas,CLASSICAL ART MEMES Did you know? Leonardo DiCaprio created the original Mona Lisa on MS Paint before transferring to canvas,not_funny,twisted_meaning,not_offensive,motivational,positive,positive,positive,positive,0.9759518,True,correct
6110,image_6111.png,I was looking for a Mr. Bean avatar for forum use. Did not expect this.,I was looking for a Mr. Bean avatar for forum use. Did not expect this.,not_funny,very_twisted,very_offensive,not_motivational,positive,positive,positive,positive,0.992092,True,correct
4075,image_4076.jpg,YOU GET TO EAT FOOD EVERYDAY?! quickmeme.com,YOU GET TO EAT FOOD EVERYDAY?! quickmeme.com,not_funny,twisted_meaning,hateful_offensive,not_motivational,very_negative,negative,negative,positive,0.99880135,False,negative -> positive
3565,image_3566.jpg,What I see What Chief sees,What I see What Chief sees,not_funny,not_sarcastic,not_offensive,not_motivational,positive,positive,positive,positive,0.6944854,True,correct
2645,image_2646.jpg,Your mind is a powerful thing. When you fill it with positive thoughts,Your mind is a powerful thing. When you fill it with positive thoughts  your life will start to change .,not_funny,general,not_offensive,motivational,positive,positive,positive,positive,0.9931457,True,correct
4436,image_4437.jpg,Barney high as fuck,Barney high as fuck  thinking hes can read aliens minds and shit. Memecenter.com memecenter,not_funny,not_sarcastic,not_offensive,not_motivational,negative,negative,negative,neutral,0.99276626,False,negative -> neutral
2660,image_2661.png,Your father and I are a getting a divorce. Can we all just agree even ironic minion memes are dead?,Your father and I are a getting a divorce. Can we all just agree even ironic minion memes are dead?,not_funny,twisted_meaning,not_offensive,not_motivational,neutral,neutral,neutral,neutral,0.9541859,True,correct
2766,image_2767.jpg,JUST THROW YOUR HANDS UP IN THE AIR AND PARTY HARD LIKE YOU JUST DON MensRafein Share funny pictures,JUST THROW YOUR HANDS UP IN THE AIR AND PARTY HARD LIKE YOU JUST DON MensRafein Share funny pictures,funny,twisted_meaning,slight,not_motivational,neutral,neutral,neutral,positive,0.99064493,False,neutral -> positive
5293,image_5294.jpg,AGE: 10 AGE:20 I hate pink and dresses and girly things @cumcell,AGE: 10 AGE:20 I hate pink and dresses and girly things @cumcell,not_funny,general,slight,not_motivational,negative,negative,negative,neutral,0.736955,False,negative -> neutral
5401,image_5402.jpg,When you're Steve Harvey But you look like mr Potato Head,When you're Steve Harvey But you look like mr Potato Head,funny,general,slight,not_motivational,negative,negative,negative,neutral,0.64375794,False,negative -> neutral
3065,image_3066.jpg,Wow! A degree from Harvard and a degree from Princeton,Wow! A degree from Harvard and a degree from Princeton  in One room. Michelle Obama has them Both.,not_funny,general,very_offensive,motivational,positive,positive,positive,neutral,0.9321787,False,positive -> neutral
3800,image_3801.jpg,When the Spider accepts your generous proposal,When the Spider accepts your generous proposal,very_funny,general,slight,not_motivational,very_positive,positive,positive,neutral,0.98685294,False,positive -> neutral
6761,image_6762.jpg,THERE ARE LIMITS self hating Joke here,THERE ARE LIMITS self hating Joke here,very_funny,twisted_meaning,very_offensive,not_motivational,positive,positive,positive,positive,0.7545199,True,correct
6898,image_6899.jpg,I'M NOT GONNA LIE KID THERE WAS NEVER ANY CANDY,I'M NOT GONNA LIE KID THERE WAS NEVER ANY CANDY,funny,very_twisted,slight,motivational,very_positive,positive,positive,positive,0.965169,True,correct
2403,image_2404.png,@LiamMc_01 If ur arguing with a girl an u think it's just between un her then ur obviously unaware of the demon squad groupchat bc it's 16 against 1 The group chat is the modern day burn book @mybestiesays,@LiamMc_01 If ur arguing with a girl an u think it's just between u n her then ur obviously unaware of the demon squad groupchat bc it's 16 against 1 The group chat is the modern day burn book @mybestiesays,not_funny,general,not_offensive,not_motivational,neutral,neutral,neutral,positive,0.74178165,False,neutral -> positive
441,image_442.jpg,This is Bill. Bill sees it's raining outside. Bill doesn't post it on Facebook,This is Bill. Bill sees it's raining outside. Bill doesn't post it on Facebook because he knows his friends also have eyes. Bill is smart.Be like Bill.,very_funny,twisted_meaning,very_offensive,not_motivational,positive,positive,positive,neutral,0.85836625,False,positive -> neutral
6065,image_6066.jpg,TAKING NOTES IN THE 21ST CENTURY,TAKING NOTES IN THE 21ST CENTURY,funny,general,very_offensive,not_motivational,positive,positive,positive,positive,0.9818586,True,correct
3889,image_3890.png,99 PROBLEMS BUT JOBS AINT ONE,99 PROBLEMS BUT JOBS AINT ONE AP,funny,not_sarcastic,slight,not_motivational,very_positive,positive,positive,neutral,0.9731122,False,positive -> neutral
946,image_947.jpg,DICAPRIO MEME? SORRY - THE MARKETS BEEN FLOODED imgrip.com,DICAPRIO MEME? SORRY - THE MARKETS BEEN FLOODED imgrip.com,hilarious,not_sarcastic,not_offensive,not_motivational,very_positive,positive,positive,positive,0.77793473,True,correct
1007,image_1008.png,This is Billy Milligan. He had 24 personalities sharing 1 body.. Leonardo DiCaprio will be playing his character in his next movie.,This is Billy Milligan. He had 24 personalities sharing 1 body.. Leonardo DiCaprio will be playing his character in his next movie.,very_funny,general,slight,motivational,positive,positive,positive,neutral,0.7317829,False,positive -> neutral
2370,image_2371.jpg,WOAH WOAH WOAH I'M NOT ONE OF THOSE HIPSTERS quickmeme.com,WOAH WOAH WOAH I'M NOT ONE OF THOSE HIPSTERS quickmeme.com,hilarious,very_twisted,slight,not_motivational,neutral,neutral,neutral,positive,0.919588,False,neutral -> positive
5396,image_5397.jpg,"PLEASE DON'T motivate me BY SAYING: ""JUST DO IT!"" YOU HAVE NO IDEA WHAT I MAY BE THINKING at that moment ESSENTIALOILSTYLE.COM","PLEASE DON'T motivate me BY SAYING: ""JUST DO IT!"" YOU HAVE NO IDEA WHAT I MAY BE THINKING at that moment ESSENTIALOILSTYLE.COM",not_funny,not_sarcastic,not_offensive,not_motivational,neutral,neutral,neutral,positive,0.98201984,False,neutral -> positive
2126,image_2127.png,TRUMP IS LITERALLY HITLER!!! ONLY THE GOVERNMENT SHOULD HAVE GUNS!! ~grim,TRUMP IS LITERALLY HITLER!!! ONLY THE GOVERNMENT SHOULD HAVE GUNS!! ~grim,funny,general,slight,motivational,neutral,neutral,neutral,negative,0.88495237,False,neutral -> negative
1381,image_1382.jpg,YOU WERE THE ONE WHO ASKED ME FOR ADVICE WHY WOULD YOU GET PISSED WHEN I GAVE IT TO YOU? imgflip.com,YOU WERE THE ONE WHO ASKED ME FOR ADVICE WHY WOULD YOU GET PISSED WHEN I GAVE IT TO YOU? imgflip.com,funny,general,slight,motivational,positive,positive,positive,neutral,0.8310342,False,positive -> neutral
889,image_890.jpg,YOU WENT TO COUNTRY THUNDER? A DO YOU'ACTUALLY LIKE COUNTRY MUSIC OR ARE YOU JUST GOING TO BE A DRUNK SLUT?,YOU WENT TO COUNTRY THUNDER? A DO YOU'ACTUALLY LIKE COUNTRY MUSIC OR ARE YOU JUST GOING TO BE A DRUNK SLUT?,funny,not_sarcastic,slight,not_motivational,negative,negative,negative,neutral,0.99766445,False,negative -> neutral
5346,image_5347.jpg,Erik Andrade Yesterday at 8:21 AM Nice meeting Sterling Brown of the Milwaukee Bucks at work this morning! Lol#FearTheDeer,Erik Andrade Yesterday at 8:21 AM Nice meeting Sterling Brown of the Milwaukee Bucks at work this morning! Lol#FearTheDeer,funny,general,slight,not_motivational,very_positive,positive,positive,positive,0.90690136,True,correct
4318,image_4319.png,Hugh Jackman didn't know that wolverines were real animals until after he started acting in his first X-Men film. fb.com/factsweird,Hugh Jackman didn't know that wolverines were real animals until after he started acting in his first X-Men film. fb.com/factsweird,hilarious,general,slight,not_motivational,positive,positive,positive,neutral,0.44459313,False,positive -> neutral
3254,image_3255.png,HATERS GONNA DIE The Internet Scavengers - PMLwab.com,HATERS GONNA DIE The Internet Scavengers - PMLwab.com,funny,general,very_offensive,motivational,very_positive,positive,positive,positive,0.7352418,True,correct
6079,image_6080.png,WORLD LEADER 10-YEAR CHALLENGE 2009 2019 Even world leader's are participating in the 10-year challenge!,WORLD LEADER 10-YEAR CHALLENGE 2009 2019 Even world leader's are participating in the 10-year challenge!,hilarious,twisted_meaning,hateful_offensive,not_motivational,positive,positive,positive,positive,0.99799925,True,correct
3848,image_3849.jpeg,"When you call football ""soccer"": Europe","When you call football ""soccer"": Europe",very_funny,general,not_offensive,not_motivational,neutral,neutral,neutral,positive,0.9984596,False,neutral -> positive
6044,image_6045.jpg,bitch lasagna @_trash_mammal Follow v Replying to @aliahgeyes He got the whole class sick OldasCreatures 4:49 PM - 4 Dec 2018 49 Retweets 449 Likes 060 0 3 27 49 ♡ 449 g,bitch lasagna @_trash_mammal Follow v Replying to @aliahgeyes He got the whole class sick OldasCreatures 4:49 PM - 4 Dec 2018 49 Retweets 449 Likes 3 49 ♡ 449 g,hilarious,general,not_offensive,not_motivational,positive,positive,positive,positive,0.99523467,True,correct
1138,image_1139.jpg,IDRUNK A BOTTLE AT THE MILK FACTORY CALLED HORMONES... WHAT DOES THAT MEAN?,IDRUNK A BOTTLE AT THE MILK FACTORY CALLED HORMONES... WHAT DOES THAT MEAN?,very_funny,general,slight,motivational,neutral,neutral,neutral,positive,0.94656366,False,neutral -> positive
6014,image_6015.jpg,Life is pretty simple. Sometimes all you need is a couple of drops of Frankincense to make everything better. And sometimes all you need is a couple of billion dollars to make everything better. ESSENTIALOILSTYLE.COM,Life is pretty simple. Sometimes all you need is a couple of drops of Frankincense to make everything better. And sometimes all you need is a couple of billion dollars to make everything better. ESSENTIALOILSTYLE.COM,not_funny,not_sarcastic,hateful_offensive,motivational,very_negative,negative,negative,positive,0.92802036,False,negative -> positive
3201,image_3202.jpeg,GIRLS ARE LIKE SUPER HEROS Who bleeds for a week and Still Survives? MEMES & FUNNY PICS FRABZ.COM,GIRLS ARE LIKE SUPER HEROS Who bleeds for a week and Still Survives? MEMES & FUNNY PICS FRABZ.COM,not_funny,twisted_meaning,very_offensive,motivational,positive,positive,positive,neutral,0.96801746,False,positive -> neutral
4275,image_4276.jpg,,IF I BECOME PRESIDENT I WILL DEPORT BEIBER imgflip.com,very_funny,general,very_offensive,motivational,very_positive,positive,positive,negative,0.9022931,False,positive -> negative
5900,image_5901.jpg,And I thought I needed a new phone @strobelite my hair looks cute today,And I thought I needed a new phone @strobelite my hair looks cute today,funny,twisted_meaning,very_offensive,not_motivational,very_positive,positive,positive,positive,0.9807608,True,correct
1877,image_1878.jpg,bri @bigshtxtalker Steve Harvey the first meme of 2018. Sir,bri @bigshtxtalker Steve Harvey the first meme of 2018.,not_funny,not_sarcastic,not_offensive,not_motivational,neutral,neutral,neutral,positive,0.5322577,False,neutral -> positive
6719,image_6720.png,Reasons to livs memes Happy Pepe ifunny.ce,Reasons to livs memes Happy Pepe ifunny.co,very_funny,not_sarcastic,not_offensive,not_motivational,very_positive,positive,positive,neutral,0.5282446,False,positive -> neutral
1983,image_1984.png,"+ Follow Deaux @dstfelix ""what will you do to fix the national epidemic of hateration in this dancerie?""","Follow Deaux @dstfelix ""what will you do to fix the national epidemic of hateration in this dancerie?""",very_funny,twisted_meaning,very_offensive,motivational,positive,positive,positive,positive,0.90684456,True,correct
1103,image_1104.png,WHO WOULD WIN? Dr. Evi 1 Trillion Spooks,WHO WOULD WIN? Dr. Evi 1 Trillion Spooks vs Dr. Evil,funny,not_sarcastic,not_offensive,not_motivational,positive,positive,positive,positive,0.7135023,True,correct
556,image_557.jpg,PLEASE THINK OF THE KITTENS,PLEASE THINK OF THE KITTENS,not_funny,not_sarcastic,not_offensive,motivational,neutral,neutral,neutral,positive,0.9931125,False,neutral -> positive
4195,image_4196.png,"<html><head><meta content=""text/html; charset=UTF-8"" http-equiv=""content-type""><style type=""text/css"">ol{margin:0;padding:0}table td",People who play Fornite Making fun of the people who play Fornite people who don't play Fornite,funny,twisted_meaning,very_offensive,not_motivational,positive,positive,positive,positive,0.96904033,True,correct
2533,image_2534.jpg,I JUST WATCHED MY DOG CHASE ITS TALE FOR 5 MINUTES AND I THOUGHT: DOGS ARE EASILY ENTERTAINED.... THEN I REALIZED,"I JUST WATCHED MY DOG CHASE ITS TALE FOR 5 MINUTES AND I THOUGHT: DOGS ARE EASILY ENTERTAINED.... THEN I REALIZED "" I WAS JUST WATCHING MY DOG",funny,not_sarcastic,not_offensive,motivational,very_positive,positive,positive,positive,0.96762943,True,correct
5211,image_5212.png,MY PARENTS LEFT ME IN THE STREETS BECAUSE THEY THOUGHT I WAS A WITCH? Anja Ringgren Loven Wondering third world kid,MY PARENTS LEFT ME IN THE STREETS BECAUSE THEY THOUGHT I WAS A WITCH? Anja Ringgren Loven Wondering third world kid,funny,general,very_offensive,motivational,negative,negative,negative,neutral,0.9562964,False,negative -> neutral
610,image_611.jpg,thermometer.. goes WHERE?!?!,thermometer.. goes WHERE?!?!,very_funny,not_sarcastic,hateful_offensive,motivational,positive,positive,positive,positive,0.9973883,True,correct
1204,image_1205.jpg,WHEN SOMEONE TELLS ME TO SIT LIKE A LADY,WHEN SOMEONE TELLS ME TO SIT LIKE A LADY,very_funny,general,not_offensive,not_motivational,neutral,neutral,neutral,positive,0.9907472,False,neutral -> positive
1894,image_1895.jpg,Steve Harvey is dressed like an inside-out Oreo Cookie,Steve Harvey is dressed like an inside-out Oreo Cookie,funny,not_sarcastic,not_offensive,not_motivational,positive,positive,positive,neutral,0.99342597,False,positive -> neutral
3156,image_3157.jpg,WHEN MY UNCLEVER TIDE POD MEME GETS 2470 VIEWS/46 UPVOTES LAND MY VERY CLEVER ONE GETS LESS THAT 50 VIEWS/NO UPVOTES,WHEN MY UNCLEVER TIDE POD MEME GETS 2470 VIEWS/46 UPVOTES LAND MY VERY CLEVER ONE GETS LESS THAT 50 VIEWS/NO UPVOTES imgflip.com,very_funny,very_twisted,very_offensive,motivational,positive,positive,positive,neutral,0.8793925,False,positive -> neutral
2820,image_2821.jpg,WHAT IF I TOLD YOU THERE WAS A LOT MORE BIGGER CHANCE,WHAT IF I TOLD YOU THERE WAS A LOT MORE BIGGER CHANCE,not_funny,general,not_offensive,motivational,negative,negative,negative,positive,0.9928576,False,negative -> positive
2063,image_2064.jpg,"<html><head><meta content=""text/html; charset=UTF-8"" http-equiv=""content-type""><style type=""text/css"">ol{margin:0;padding:0}table td",HITLER HERE  HITLER THERE  HITLER LURKING EVERYWHERE,funny,general,not_offensive,not_motivational,neutral,neutral,neutral,positive,0.9691836,False,neutral -> positive
2148,image_2149.jpg,NO TEXT BACK... ALLLLLRIGHTY THEN!! imgflip.com,NO TEXT BACK... ALLLLLRIGHTY THEN!! imgflip.com,hilarious,not_sarcastic,not_offensive,motivational,very_positive,positive,positive,positive,0.87646437,True,correct
2788,image_2789.jpg,PINKVILLA When your ex wants you back in their life but you are not interested at all!,PINKVILLA When your ex wants you back in their life but you are not interested at all!,very_funny,twisted_meaning,not_offensive,not_motivational,positive,positive,positive,positive,0.729066,True,correct
0,image_1.jpg,LOOK THERE MY FRIEND LIGHTYEAR NOW ALL SOHALIKUT TREND PLAY THE 10 YEARS CHALLENGE AT FACEBOOK imgflip.com,LOOK THERE MY FRIEND LIGHTYEAR NOW ALL SOHALIKUT TREND PLAY THE 10 YEARS CHALLENGE AT FACEBOOK imgflip.com,hilarious,general,not_offensive,not_motivational,very_positive,positive,positive,positive,0.7819306,True,correct
58,image_59.jpg,JUST HANGING WITH UR BUDS ...ON ALCOHOL Weed Memes.com ...WITH WEED,JUST HANGING WITH UR BUDS ...ON ALCOHOL Weed Memes.com ...WITH WEED,funny,not_sarcastic,not_offensive,motivational,positive,positive,positive,positive,0.9596708,True,correct
4999,image_5000.png,When you're drunk at a party and your friends walk in:,When you're drunk at a party and your friends walk in:,very_funny,not_sarcastic,slight,not_motivational,negative,negative,negative,positive,0.89525145,False,negative -> positive
4348,image_4349.jpeg,Juggalocialism @UweBollocks Mark Zuckerberg always looks like the guy in a zombie movie who's been bitten but is trying to keep it a secret from everyone. 5:16 am: 15 Nov 18,Juggalocialism @UweBollocks Mark Zuckerberg always looks like the guy in a zombie movie who's been bitten but is trying to keep it a secret from everyone. 5:16 am: 15 Nov 18,very_funny,twisted_meaning,very_offensive,not_motivational,negative,negative,negative,neutral,0.84426385,False,negative -> neutral
2673,image_2674.jpg,GET TO USE MISOGYNY IN A SPEECH GOES VIRAL aussiememes.com.au,GET TO USE MISOGYNY IN A SPEECH GOES VIRAL aussiememes.com.au,not_funny,not_sarcastic,not_offensive,not_motivational,very_positive,positive,positive,positive,0.97513086,True,correct
1489,image_1490.jpg,"BEYONCÉ HAS BEEN “CRAZY IN LOVE"" ""DANGEROUSLY IN LOVE"" & ""DRUNK IN LOVE"" & I CANTEVEN FINDA GUY ILIKE. meregenerator.net","BEYONCÉ HAS BEEN “CRAZY IN LOVE"" ""DANGEROUSLY IN LOVE"" & ""DRUNK IN LOVE"" & I CANTEVEN FINDA GUY I LIKE. meregenerator.net",not_funny,general,slight,not_motivational,neutral,neutral,neutral,neutral,0.977381,True,correct
6147,image_6148.jpeg,HIDE YO KIDS,HIDE YO KIDS  HIDE YO WIFE CUZ THE 2014-2015 BILLS ARE COMING,hilarious,not_sarcastic,not_offensive,motivational,very_positive,positive,positive,neutral,0.97018653,False,positive -> neutral
3853,image_3854.png,GO FUCK YOURSELF SAN DIEGO memegenerator.net Like us for more Funny Sports Memes,GO FUCK YOURSELF SAN DIEGO memegenerator.net Like us for more Funny Sports Memes,very_funny,general,very_offensive,motivational,very_positive,positive,positive,positive,0.9335199,True,correct
1522,image_1523.jpg,One does not simply Find a smart,One does not simply Find a smart cute and funny girlfriend,very_funny,general,not_offensive,not_motivational,positive,positive,positive,positive,0.99686664,True,correct
4870,image_4871.jpg,THATE SCIENCE BUT I LOVE TECHNOLOGY quickmeme.com,THATE SCIENCE BUT I LOVE TECHNOLOGY quickmeme.com,funny,not_sarcastic,not_offensive,not_motivational,very_positive,positive,positive,neutral,0.5994951,False,positive -> neutral
6405,image_6406.png,arry Potter you are a computer,arry hPotter you are a computer Harry I love a good Harry Potter meme  but this is just...not the best.,funny,not_sarcastic,not_offensive,not_motivational,neutral,neutral,neutral,positive,0.88985926,False,neutral -> positive
2375,image_2376.jpg,I WILL FIND THEM AND I WILL CATCH THEM ALL,I WILL FIND THEM AND I WILL CATCH THEM ALL,funny,general,very_offensive,motivational,neutral,neutral,neutral,positive,0.9377987,False,neutral -> positive
247,image_248.jpg,SOCIALLY AWKWARD BEFORE IT WAS COOL,SOCIALLY AWKWARD BEFORE IT WAS COOL,funny,not_sarcastic,not_offensive,not_motivational,positive,positive,positive,positive,0.9921449,True,correct
180,image_181.jpg,HATERS | GONNA HATE quickmeme.com,HATERS | GONNA HATE quickmeme.com,hilarious,not_sarcastic,slight,not_motivational,neutral,neutral,neutral,positive,0.97134846,False,neutral -> positive
4284,image_4285.png,,YES THE KKK DOES SUPPORT OUR LEADER DONALD TRUMP memes.com,not_funny,not_sarcastic,not_offensive,not_motivational,negative,negative,negative,neutral,0.6035521,False,negative -> neutral
4329,image_4330.png,STARK FAMILY HAS BECOME X-MEN Game of Thrones is mutating https://t.co/EmxbNhcFRV,STARK FAMILY HAS BECOME X-MEN Game of Thrones is mutating https://t.co/EmxbNhcFRV,not_funny,not_sarcastic,slight,not_motivational,neutral,neutral,neutral,neutral,0.98021126,True,correct
4375,image_4376.png,Congress when they finally get to question Mark Zuckerberg I have waited a long time for this moment,Congress when they finally get to question Mark Zuckerberg I have waited a long time for this moment  my little green friend . Cackles*,hilarious,not_sarcastic,not_offensive,motivational,positive,positive,positive,neutral,0.99581957,False,positive -> neutral
3331,image_3332.jpg,VLAD. I'LL GNE YOU ANYTHING TO MAKE THESE INVESTIGATIONS GO AWAY MemeCenter.com Donald,VLAD. I'LL GNE YOU ANYTHING TO MAKE THESE INVESTIGATIONS GO AWAY MemeCenter.com Donald  you're already given everything... Your country  your soul  what else can you give?,not_funny,general,slight,motivational,positive,positive,positive,neutral,0.95589954,False,positive -> neutral
5997,image_5998.jpg,You can tell alot about a woman by her hands. For instance,You can tell alot about a woman by her hands. For instance,not_funny,very_twisted,very_offensive,not_motivational,very_positive,positive,positive,positive,0.9848371,True,correct
4890,image_4891.jpg,"Homeless man: ""can't believe I forgot my clothes under that bridge","Homeless man: ""can't believe I forgot my clothes under that bridge I hope nobody takes them and sells them at a high price"" kanye west:",very_funny,general,slight,not_motivational,very_positive,positive,positive,neutral,0.9430581,False,positive -> neutral
5986,image_5987.jpg,NEXT TIME YOU TAKE MY NOSE,NEXT TIME YOU TAKE MY NOSE,not_funny,not_sarcastic,not_offensive,not_motivational,positive,positive,positive,positive,0.8081602,True,correct
5988,image_5989.png,Morpheus searching for Neo The Matrix is 20 years old,Morpheus searching for Neo SHS The Matrix is 20 years old,funny,general,not_offensive,not_motivational,neutral,neutral,neutral,positive,0.97419804,False,neutral -> positive
2643,image_2644.jpg,I HAVE BEEN ON A DIET FOR TWO WEEKS -00 AND ALL THAVE LOST IS 14 DAYS.,I HAVE BEEN ON A DIET FOR TWO WEEKS AND ALL I HAVE LOST IS 14 DAYS.,hilarious,not_sarcastic,not_offensive,not_motivational,positive,positive,positive,positive,0.90509444,True,correct
4085,image_4086.jpg,YOU'RE TELLING ME YOU FILLED YOUR TRUCK AND HAVE NO MONEY FOR UR LAWN MOWER?,YOU'RE TELLING ME YOU FILLED YOUR TRUCK AND HAVE NO MONEY FOR UR LAWN MOWER?,funny,general,not_offensive,not_motivational,neutral,neutral,neutral,neutral,0.86784816,True,correct
5889,image_5890.jpg,THERE'S ONLY TWO THINGS I HATE IN THIS WORLD,THERE'S ONLY TWO THINGS I HATE IN THIS WORLD  PEOPLE WHO ARE INTOLERANT OF OTHER PEOPLE'S CULTURE...AND THE DUTCH Quickmeme.com,very_funny,general,slight,not_motivational,neutral,neutral,neutral,positive,0.9138253,False,neutral -> positive
802,image_803.jpg,Feeding your country Sending a dog to space,Feeding your country Sending a dog to space,funny,twisted_meaning,hateful_offensive,not_motivational,negative,negative,negative,positive,0.6524518,False,negative -> positive
6180,image_6181.jpg,My cat was missing for several hours,My cat was missing for several hours untill I got a call from my neighbor...,funny,general,not_offensive,not_motivational,positive,positive,positive,positive,0.5403187,True,correct
547,image_548.jpg,TWINKLE TWINKLE LITTLE STAR I WANT TO HIT YOU WITH A CAR THROW YOU.OFFA TREE SO HIGH HOPE YOU BREAK YOUR NECK AND DIE.,TWINKLE TWINKLE LITTLE STAR I WANT TO HIT YOU WITH A CAR THROW YOU OFF A TREE SO HIGH HOPE YOU BREAK YOUR NECK AND DIE.,funny,twisted_meaning,slight,motivational,neutral,neutral,neutral,neutral,0.9481422,True,correct
491,image_492.jpg,you are my best friend! DIT V TVTIME.COM well actually benadet... CTV besttiiieeeeee,you are my best friend! CTV TVTIME.COM well actually benadet... CTV besttiiieeeeee,very_funny,not_sarcastic,not_offensive,motivational,positive,positive,positive,positive,0.99597746,True,correct
1090,image_1091.jpg,"THE TWO STATES THAT LEGALIZED.POT ARE GETTING TOGETHER FOR A ""SUPER BOWLehetto","THE TWO STATES THAT LEGALIZED.POT ARE GETTING TOGETHER FOR A ""SUPER BOWLghetto",very_funny,general,not_offensive,not_motivational,positive,positive,positive,positive,0.5203908,True,correct
1343,image_1344.png,How her friends look at you when you first meet them & they've heard all about you FunnyBeing.com,How her friends look at you when you first meet them & they've heard all about you FunnyBeing.com,very_funny,general,not_offensive,not_motivational,positive,positive,positive,positive,0.9631831,True,correct
3788,image_3789.jpg,CHOCOLATE RAIN SOME STAY DRY AND OTHERS FEEL THE PAIN... more internet tomfoolery at runt-of-the-web.com,CHOCOLATE RAIN SOME STAY DRY AND OTHERS FEEL THE PAIN... more internet tomfoolery at runt-of-the-web.com,very_funny,general,slight,motivational,positive,positive,positive,positive,0.95089376,True,correct
4045,image_4046.jpg,LET'S STOP THE MUSIC TO TELL YOU ABOUT OUR NON-STOP MUSIC,LET'S STOP THE MUSIC TO TELL YOU ABOUT OUR NON-STOP MUSIC,funny,general,not_offensive,not_motivational,neutral,neutral,neutral,positive,0.9902822,False,neutral -> positive
4332,image_4333.jpg,X MEN L EX MEN 2,X MEN || EX MEN,funny,twisted_meaning,slight,motivational,positive,positive,positive,positive,0.6636401,True,correct
6278,image_6279.jpg,COLLECT YOUR PURPLE,COLLECT YOUR PURPLE,not_funny,general,slight,not_motivational,very_positive,positive,positive,negative,0.9246589,False,positive -> negative
1480,image_1481.jpg,CM STRESSED OUT BECAUSE OF YOU! IT STRESSES ME OUT THAT YOU DON'T GET STRESSED OUT!,CM STRESSED OUT BECAUSE OF YOU! IT STRESSES ME OUT THAT YOU DON'T GET STRESSED OUT! quickmeme.com,very_funny,general,not_offensive,not_motivational,very_positive,positive,positive,positive,0.9588748,True,correct
5009,image_5010.jpg,Hey girl. If I had a hammer,Hey girl. If I had a hammer  I'd smash the patriarchy...,funny,twisted_meaning,slight,motivational,positive,positive,positive,positive,0.93871635,True,correct
627,image_628.png,WHAT IF THE HUMAN IS NOT MY PET FunnyCatMemes.xyz BUT I'M HIS From Funny Cat Memes,WHAT IF THE HUMAN IS NOT MY PET FunnyCatMemes.xyz BUT I'M HIS From Funny Cat Memes,funny,general,slight,not_motivational,positive,positive,positive,positive,0.9915878,True,correct
2878,image_2879.jpg,FRACKING BECAUSE SOME PEOPLE NEED HAIRSPRAY hd frackfeed.com,FRACKING BECAUSE SOME PEOPLE NEED HAIRSPRAY hd frackfeed.com,funny,general,slight,not_motivational,neutral,neutral,neutral,positive,0.97339207,False,neutral -> positive
5281,image_5282.jpg,Country Music. Country Music Everywhere IIII TOURS.COM,Country Music. Country Music Everywhere Memes memes.com,funny,twisted_meaning,slight,motivational,neutral,neutral,neutral,neutral,0.69673884,True,correct
6010,image_6011.png,LEONARDO DICAPRIO OSCAR MEMES SO HOT RIGHT NOW,LEONARDO DICAPRIO OSCAR MEMES SO HOT RIGHT NOW,hilarious,general,very_offensive,motivational,positive,positive,positive,positive,0.9490675,True,correct
589,image_590.png,WHAT IF THE HUMAN IS NOT MY PET BUT I'M HIS,WHAT IF THE HUMAN IS NOT MY PET BUT I'M HIS,funny,general,very_offensive,not_motivational,positive,positive,positive,neutral,0.9090107,False,positive -> neutral
994,image_995.jpeg,DON'T LET YOUR DREAMS BE DREAMS! NOTHING IS IMPOSSIBLE! Clp Courtesy AMPA 2016,DON'T LET YOUR DREAMS BE DREAMS! NOTHING IS IMPOSSIBLE! Clp Courtesy AMPA 2016,very_funny,not_sarcastic,not_offensive,motivational,positive,positive,positive,positive,0.9799044,True,correct
6321,image_6322.jpg,GENE WILDER? ILL FUCKIN WRECK U M8 CANARSCHERZBURGER.COM,GENE WILDER? ILL FUCKIN WRECK U M8 ICANARSCHEEZBURGER.COM,not_funny,very_twisted,very_offensive,motivational,neutral,neutral,neutral,neutral,0.86966217,True,correct
782,image_783.jpg,GHOSTS SIT AROUND THE CAMPFIRE AND TELL Chuck Norris VIA FUNNYPICSONLY.COM CHUCK NORRIS STORIES,GHOSTS SIT AROUND THE CAMPFIRE AND TELL Chuck Norris VIA FUNNYPICSONLY.COM CHUCK NORRIS STORIES,hilarious,general,slight,motivational,positive,positive,positive,positive,0.9874627,True,correct
6603,image_6604.jpg,If you are Lonely,If you are Lonely,very_funny,general,not_offensive,not_motivational,very_positive,positive,positive,neutral,0.54265684,False,positive -> neutral
2814,image_2815.jpg,WHAT IF I TOLD YOU THAT NO MATTER HOW MUCH INFORMATION YOU SHARE WITH YOUR FRIENDS ABOUT THE CORRUPT GOVERNMENT AND OUR UBERTIES DISAPPEARING 97% JUST WONT CARE UNTIL IT'S TOO LATE & THEN THEY WILL WONDER HOW DID THEY ALLOW THIS TO HAPPEN,WHAT IF I TOLD YOU THAT NO MATTER HOW MUCH INFORMATION YOU SHARE WITH YOUR FRIENDS ABOUT THE CORRUPT GOVERNMENT AND OUR UBERTIES DISAPPEARING 97% JUST WONT CARE UNTIL IT'S TOO LATE & THEN THEY WILL WONDER HOW DID THEY ALLOW THIS TO HAPPEN,not_funny,not_sarcastic,not_offensive,not_motivational,neutral,neutral,neutral,positive,0.97491574,False,neutral -> positive
3292,image_3293.jpg,NOT UKRAINE MYKRAINE memegenerator.119,NOT UKRAINE MYKRAINE memegenerator.119,very_funny,general,slight,not_motivational,neutral,neutral,neutral,neutral,0.6212418,True,correct
4192,image_4193.jpg,Never wears clothes plays naked when showering they never wear clothes but they do at beach memecenter.com Mamelenler,Never wears clothes plays naked when showering they never wear clothes but they do at beach memecenter.com Mamelenler,funny,general,very_offensive,not_motivational,very_positive,positive,positive,positive,0.9629775,True,correct
279,image_280.jpg,ONE NIGHT BEFORE THE EXAM CRICKET TROLLS WWW.CRICKETTROLLS.COM opp AIAIA REACTION OF GIRLS REACTION OF BOYS,ONE NIGHT BEFORE THE EXAM CRICKET TROLLS WWW.CRICKETTROLLS.COM oppo REACTION OF GIRLS REACTION OF BOYS,funny,general,slight,not_motivational,neutral,neutral,neutral,positive,0.8536609,False,neutral -> positive
4051,image_4052.png,THAT FEELING YOU GET WHEN YOU SHARE AN AWESOME TECH TOOL! made on imgur,THAT FEELING YOU GET WHEN YOU SHARE AN AWESOME TECH TOOL! made on imgur,funny,general,not_offensive,not_motivational,positive,positive,positive,positive,0.9987853,True,correct
1909,image_1910.jpg,Is it too late now to say sorry? LIVE What do you mean? officialrandomthoughts Hello. it's me.,Is it too late now to say sorry? LIVE What do you mean? officialrandomthoughts Hello. it's me.,very_funny,very_twisted,very_offensive,motivational,very_positive,positive,positive,positive,0.7153327,True,correct
4601,image_4602.jpeg,SO THEN I SAID,SO THEN I SAID  No THIS LITTLE PIGGY IS GOING TO THE BAR  Zipmeme,funny,general,not_offensive,not_motivational,neutral,neutral,neutral,neutral,0.54053354,True,correct
2687,image_2688.jpg,8-YEAR-OLD WINS VICTORY FOR GENDER EQUALITY IN CHILDREN'S BOOKS by Karen Attwood The Independent,8-YEAR-OLD WINS VICTORY FOR GENDER EQUALITY IN CHILDREN'S BOOKS by Karen Attwood The Independent,not_funny,not_sarcastic,not_offensive,motivational,very_positive,positive,positive,positive,0.5889392,True,correct
2480,image_2481.jpg,when your boy who died at the pregame shows up to the club,when your boy who died at the pregame shows up to the club,very_funny,general,not_offensive,not_motivational,positive,positive,positive,positive,0.9957022,True,correct
3311,image_3312.jpg,"<html><head><meta content=""text/html; charset=UTF-8"" http-equiv=""content-type""><style type=""text/css"">ol{margin:0;padding:0}table td",justgirlythings that one best friend you do everything with,not_funny,general,slight,motivational,positive,positive,positive,positive,0.9950846,True,correct
4206,image_4207.jpg,,IT'S RIGGED! IT'S RIGGED! IT'S A LEFT WING-- NO A RIGHT WING-- NO A MEDIA CONSPIRACY!,very_funny,general,slight,motivational,positive,positive,positive,negative,0.9744882,False,positive -> negative
2565,image_2566.jpg,I am single on Valentine's Day because I have not yet met someone who cam handle all of m awesome.,I am single on Valentine's Day because I have not yet met someone who cam handle all of m awesome.,funny,general,not_offensive,not_motivational,neutral,neutral,neutral,positive,0.99508506,False,neutral -> positive
3988,image_3989.jpg,OHATE TECHNOLOGY EXCEPT FOR ALL OF THE THINGS DEVELOPED BEFORE THE 1800'S,OHATE TECHNOLOGY EXCEPT FOR ALL OF THE THINGS DEVELOPED BEFORE THE 1800'S  @quickmeme.com,hilarious,general,very_offensive,motivational,positive,positive,positive,positive,0.9974962,True,correct
1555,image_1556.jpg,WHEN YOU FINALLY FIND PROOF OF ALIENS HISTORY AND HITLER TRIES TO STEAL IT imgflip.com,WHEN YOU FINALLY FIND PROOF OF ALIENS H HISTORY AND HITLER TRIES TO STEAL IT imgflip.com,hilarious,general,slight,motivational,very_positive,positive,positive,negative,0.9167983,False,positive -> negative
3667,image_3668.jpg,Why do you call it lipstick... ..When I can clearly see you still moving your lips? FUNNY MEME.COM,Why do you call it lipstick... ..When I can clearly see you still moving your lips? FUNNY MEME.COM,not_funny,general,slight,motivational,negative,negative,negative,positive,0.9576334,False,negative -> positive
3610,image_3611.jpg,IF YOU POST SEXIST MEMES INSTRUCTOR YOU'RE GONNA GET CALLED OUT memegenerator.net,IF YOU POST SEXIST MEMES INSTRUCTOR YOU'RE GONNA GET CALLED OUT memegenerator.net,funny,not_sarcastic,not_offensive,not_motivational,very_positive,positive,positive,positive,0.7224621,True,correct
1320,image_1321.jpeg,THAT FACE WHEN YOU WHEN DONALD TRUMP/HILLARY CLINTON BECOMES PRESIDENT... OR,THAT FACE WHEN YOU WHEN DONALD TRUMP/HILLARY CLINTON BECOMES PRESIDENT... OR,not_funny,not_sarcastic,not_offensive,not_motivational,positive,positive,positive,negative,0.7363301,False,positive -> negative
2045,image_2046.jpg,I WORE THE TEAM CAPTAIN SR * BEFORE IT WAS COOL LVCE,I WORE THE TEAM CAPTAIN SR * BEFORE IT WAS COOL LVCE,funny,general,slight,motivational,neutral,neutral,neutral,positive,0.99008614,False,neutral -> positive
6513,image_6514.png,YOU WAKE UP AS P THE JOKER Facebook/officialmvdc WHATS THE FIRST THING YOU DO? ~Andy,YOU WAKE UP AS THE JOKER Facebook/officialmvdc WHATS THE FIRST THING YOU DO? ~Andy,funny,not_sarcastic,not_offensive,not_motivational,positive,positive,positive,neutral,0.95443875,False,positive -> neutral
1975,image_1976.jpg,I am not afraid of an army of lions led by a centipede; I am afraid of an army of centipedes led by a lion. American Proverb,I am not afraid of an army of lions led by a centipede; I am afraid of an army of centipedes led by a lion. American Proverb,not_funny,twisted_meaning,very_offensive,not_motivational,neutral,neutral,neutral,positive,0.9296037,False,neutral -> positive
2188,image_2189.png,DAMMIT,DAMMIT  JIM! YOU'RE AN ACTOR  NOT A DOCTOR.,funny,general,slight,not_motivational,very_positive,positive,positive,negative,0.76209784,False,positive -> negative
3050,image_3051.png,KUWAIT RIGHT THERE A MINUTE. YEMENTO TELL ME IF IRAQ UP THIS WAR DEBT IRAN THE ECONOMY INTO SYRIA'S TROUBLE? OMAN,KUWAIT RIGHT THERE A MINUTE. YEMENTO TELL ME IF IRAQ UP THIS WAR DEBT IRAN THE ECONOMY INTO SYRIA'S TROUBLE? OMAN  THEY ACTUALLY BELIEVE WHAT WE'RE PUTTING ON THE NEWS CHANNEKS ISRAEL WeKnowMemes,funny,general,very_offensive,not_motivational,positive,positive,positive,positive,0.8583648,True,correct
5855,image_5856.jpg,WHEN YOU WAKE UP FROM A ONE NIGHT STAND AND SHE DID THE 10 YEAR CHALLENGE IN ONE NIGHT.,WHEN YOU WAKE UP FROM A ONE NIGHT STAND AND SHE DID THE 10 YEAR CHALLENGE IN ONE NIGHT.,funny,twisted_meaning,very_offensive,motivational,positive,positive,positive,positive,0.5989332,True,correct
268,image_269.jpg,A Natural Way to Get Rid of Clogged Ears 1) Mix a couple of drops of tea tree oil in the glass of hot water. 2) Put your clogged ear on the glass to let the steam enter your ear. 3) This will finally allow you to hear 'Laurel' instead of 'Yanny' ESSENTIALOILSTYLE.COM,A Natural Way to Get Rid of Clogged Ears 1) Mix a couple of drops of tea tree oil in the glass of hot water. 2) Put your clogged ear on the glass to let the steam enter your ear. 3) This will finally allow you to hear 'Laurel' instead of 'Yanny' ESSENTIALOILSTYLE.COM,funny,general,slight,motivational,negative,negative,negative,positive,0.8849655,False,negative -> positive
5050,image_5051.jpg,IF YOU THINK THE MORPHEUS MEME TALKING ABOUT THE WILLY WONKA MEME DISCUSSING THE MICHEAL JACKSON MEME WOULD NOT SHOW UP YOU WERE MISTAKEN...ne,IF YOU THINK THE MORPHEUS MEME TALKING ABOUT THE WILLY WONKA MEME DISCUSSING THE MICHEAL JACKSON MEME WOULD NOT SHOW UP YOU WERE MISTAKEN...net,funny,not_sarcastic,not_offensive,not_motivational,positive,positive,positive,positive,0.95690566,True,correct
2226,image_2227.jpg,"<html><head><meta content=""text/html; charset=UTF-8"" http-equiv=""content-type""><style type=""text/css"">ol{margin:0;padding:0}table td",LSD Cocaine Heroine Meth Wanna know how I got these scars?,hilarious,twisted_meaning,very_offensive,not_motivational,neutral,neutral,neutral,neutral,0.9941472,True,correct
5158,image_5159.jpg,BUT THE RED BUTTON LOOKED SO FUN Imgflip.com,BUT THE RED BUTTON LOOKED SO FUN Imgflip.com,very_funny,twisted_meaning,very_offensive,not_motivational,very_positive,positive,positive,positive,0.9110729,True,correct
2749,image_2750.jpeg,"When you're about to be drafted into the military ANITY FAIR ""Call me Caitlyn 1935)","When you're about to be drafted into the military VANITY FAIR ""Call me Caitlyn"" USA 935",hilarious,very_twisted,very_offensive,not_motivational,very_negative,negative,negative,positive,0.64692783,False,negative -> positive
4328,image_4329.jpg,BE CAREFUL,"BE CAREFUL  YOU'VE ONLY GOT ONE"" MESSAGE INSIDE A ZIPPER",not_funny,general,slight,not_motivational,positive,positive,positive,positive,0.96381074,True,correct
1573,image_1574.jpeg,HOW DOES YOUR HEADPHONE'S CORD GET TANGLED IN YOUR POCKET? ALIENS. HISTORY.COM EIGE SCEOOL MEMES,HOW DOES YOUR HEADPHONE'S CORD GET TANGLED IN YOUR POCKET? ALIENS. HHD HISTORY.COM EIGE SCEOOL MEMES,funny,twisted_meaning,not_offensive,not_motivational,neutral,neutral,neutral,neutral,0.9350526,True,correct
3121,image_3122.jpg,DONT HAVE ANY IDEA ABOUT YOUR BIRTHDAY,DONT HAVE ANY IDEA ABOUT YOUR BIRTHDAY,not_funny,general,slight,not_motivational,very_positive,positive,positive,neutral,0.7692519,False,positive -> neutral
5958,image_5959.jpeg,Flex seal colors will fix any problem that you have. - YOUR BROKEN MARRIAGE - YOUR DECAPITATED ARM - YOUR DEPRESSION,Flex seal colors will fix any problem that you have. - YOUR BROKEN MARRIAGE - YOUR DECAPITATED ARM - YOUR DEPRESSION,not_funny,general,slight,motivational,positive,positive,positive,positive,0.9812118,True,correct
6965,image_6966.png,Baby Mr. Bean Funny Picture,Baby Mr. Bean Funny Picture,very_funny,twisted_meaning,very_offensive,not_motivational,negative,negative,negative,positive,0.96412605,False,negative -> positive
3123,image_3124.png,r/dankmemes Me digging for new penguin memes to hold back the tetris and plague inc. I will not let you die!,r/dankmemes Me digging for new penguin memes to hold back the tetris and plague inc. I will not let you die!,very_funny,twisted_meaning,very_offensive,motivational,very_positive,positive,positive,positive,0.9114868,True,correct
5302,image_5303.jpg,I'M NOT SEXIST. SEXISM IS WRONG AND BEING WRONG IS FOR WOMEN,I'M NOT SEXIST. SEXISM IS WRONG AND BEING WRONG IS FOR WOMEN,very_funny,very_twisted,hateful_offensive,not_motivational,neutral,neutral,neutral,positive,0.6476006,False,neutral -> positive
5319,image_5320.png,HAPPY SEAL FINISH WRITING PAPER IS HAPPY CLOSE 800 TABS AND GO TO BED WALK OUT OF FREEZING CLASSROOM GET NEW IPHONE TO 100 DEGREE SUNSHINE PEEL OFF PLASTIC COVER,HAPPY SEAL FINISH WRITING PAPER IS HAPPY CLOSE 800 TABS AND GO TO BED WALK OUT OF FREEZING CLASSROOM GET NEW IPHONE TO 100 DEGREE SUNSHINE PEEL OFF PLASTIC COVER,very_funny,general,not_offensive,not_motivational,positive,positive,positive,positive,0.9529096,True,correct
82,image_83.png,When you see normies still posting memes about the last Avengers movie Normies get out REEEEEEEEEEEEEEE!,When you see normies still posting memes about the last Avengers movie Normies get out REEEEEEEEEEEEEEE!,very_funny,general,slight,not_motivational,positive,positive,positive,positive,0.9972778,True,correct
49,image_50.jpg,Hawkeye is important in Infinity War Is he though?,Hawkeye is important in Infinity War Is he though?,very_funny,general,very_offensive,motivational,negative,negative,negative,positive,0.9577962,False,negative -> positive
3607,image_3608.jpg,VOTE FOR MY WIFE TRUMP IS SEXIST,VOTE FOR MY WIFE TRUMP IS SEXIST,not_funny,not_sarcastic,not_offensive,motivational,very_negative,negative,negative,negative,0.9058818,True,correct
6323,image_6324.png,Gene Wilder @OfficalGene I have information that will lead to Hillary Clinton's arrest. 8/28/16,Gene Wilder @OfficalGene I have information that will lead to Hillary Clinton's arrest. 8/28/16  6:50 AM 785 RETWEETS 1 432 LIKES ~C,hilarious,not_sarcastic,slight,not_motivational,neutral,neutral,neutral,neutral,0.7010346,True,correct
1827,image_1828.jpg,John Lennon was Harry Potter before Harry Potter could even Harry his Potter,John Lennon was Harry Potter before Harry Potter could even Harry his Potter,funny,twisted_meaning,not_offensive,motivational,positive,positive,positive,neutral,0.6144422,False,positive -> neutral
6197,image_6198.png,"<html><head><meta content=""text/html; charset=UTF-8"" http-equiv=""content-type""><style type=""text/css"">ol{margin:0;padding:0}table td",HE DOESN'T ASK GOOGLE  GOOGLE ASKS HIM! CHUCK.EMPIRE40K.COM,funny,general,not_offensive,not_motivational,neutral,neutral,neutral,positive,0.9600145,False,neutral -> positive
1099,image_1100.jpg,WE'LL HACK PLAYSTATION NETWORK'S SERVERS SO XBOX ONE USERS CAN CLAIM THEIR SERVICE IS BETTER AND MORE STABLE imgflip.com,WE'LL HACK PLAYSTATION NETWORK'S SERVERS SO XBOX ONE USERS CAN CLAIM THEIR SERVICE IS BETTER AND MORE STABLE imgflip.com,very_funny,twisted_meaning,not_offensive,not_motivational,positive,positive,positive,positive,0.5704416,True,correct
3580,image_3581.png,This is a Harp Seal,This is a Harp Seal,very_funny,not_sarcastic,hateful_offensive,motivational,very_positive,positive,positive,neutral,0.96199334,False,positive -> neutral
6597,image_6598.jpeg,My daughter wanted Cinderella-themed party,My daughter wanted Cinderella-themed party  so i invited all her friends over and made them clean the house !,very_funny,general,very_offensive,not_motivational,positive,positive,positive,neutral,0.7214527,False,positive -> neutral
752,image_753.jpg,Chuck Norris Was Here... Via Jokideo.com And He Chose Scissors,Chuck Norris Was Here... Via Jokideo.com And He Chose Scissors,very_funny,not_sarcastic,very_offensive,motivational,neutral,neutral,neutral,positive,0.95704526,False,neutral -> positive
4199,image_4200.png,The Tom and jerry meme isn't accurate because Jerry always escapes Poor cat,The Tom and jerry meme isn't accurate because Jerry always escapes,funny,general,slight,not_motivational,very_positive,positive,positive,positive,0.5028114,True,correct
3796,image_3797.jpg,GODDAMNIT!! I'M THE ONE WHO ASKED SANTA FOR BARBIE'S DREAMHOUSE!,GODDAMNIT!! I'M THE ONE WHO ASKED SANTA FOR BARBIE'S DREAMHOUSE!,funny,general,very_offensive,not_motivational,negative,negative,negative,neutral,0.92378825,False,negative -> neutral
1556,image_1557.png,TELETUBBIES? ALIENS! bit.ly/kaliforniadreaming,TELETUBBIES? ALIENS! bit.ly/kaliforniadreaming,very_funny,not_sarcastic,not_offensive,not_motivational,positive,positive,positive,neutral,0.75750864,False,positive -> neutral
3498,image_3499.png,SEAL OF APPROVAL made on imgur,SEAL OF APPROVAL made on imgur,very_funny,general,very_offensive,motivational,positive,positive,positive,positive,0.92188746,True,correct
4,image_5.png,10 YEAR CHALLENGE WITH NO FILTER 47 Hilarious 10 Year Challenge Memes | What is #10 Year Challenge?,10 YEAR CHALLENGE WITH NO FILTER 47 Hilarious 10 Year Challenge Memes | What is #10 Year Challenge?,hilarious,very_twisted,very_offensive,not_motivational,neutral,neutral,neutral,positive,0.99595284,False,neutral -> positive
2831,image_2832.png,MORPHEUS FROM THE MATRIX (1999) memegenerator.net,MORPHEUS FROM THE MATRIX (1999) memegenerator.net,funny,twisted_meaning,slight,not_motivational,negative,negative,negative,neutral,0.5436665,False,negative -> neutral
827,image_828.jpg,When you see another trailer loaded down with muddy broke down 4wheelers and empty beer cans I see you are also a man of culture,When you see another trailer loaded down with muddy broke down 4wheelers and empty beer cans I see you are also a man of culture,very_funny,general,very_offensive,motivational,very_positive,positive,positive,neutral,0.99735045,False,positive -> neutral
1728,image_1729.jpg,I SEE YOU TRYING TO PUT ME ON THE FRIENDZONE NOT ME B1TCH I GOT MEMES mentesnappen.com,I SEE YOU TRYING TO PUT ME ON THE FRIENDZONE NOT ME B1TCH I GOT MEMES,not_funny,general,slight,motivational,neutral,neutral,neutral,positive,0.99020725,False,neutral -> positive
6745,image_6746.jpg,"When you type ""send nudes"" but it auto corrects to ""send nukes""","When you type ""send nudes"" but it auto corrects to ""send nukes""",funny,general,slight,motivational,positive,positive,positive,negative,0.8502892,False,positive -> negative
5248,image_5249.png,PERCEPTION IS YOUR HIND HAKING UP WHAT YOU SEE OR READ. CLARIFICATION FROM THE SOURCE WILL HELP YOU GET OUT OF STUCK ON STUPID! Skeptical Baby Meme - Imgflip,PERCEPTION IS YOUR HIND HAKING UP WHAT YOU SEE OR READ. CLARIFICATION FROM THE SOURCE WILL HELP YOU GET OUT OF STUCK ON STUPID! Skeptical Baby Meme - Imgflip,very_funny,general,slight,motivational,positive,positive,positive,positive,0.9205956,True,correct
263,image_264.jpg,"New Years Resolution #1 Become more fearless about sharing oils New Years Resolution #2 Don't take anyone's skepticism personal New Years Resolution #3 Refrain from saying ""I told you so"" to anyone's face and say it behind their back instead www.ESSENTIALOILSTYLE.COM","New Years Resolution #1 Become more fearless about sharing oils New Years Resolution #2 Don't take anyone's skepticism personal New Years Resolution #3 Refrain from saying ""I told you so"" to anyone's face and say it behind their back instead www.ESSENTIALOILSTYLE.COM",not_funny,not_sarcastic,not_offensive,not_motivational,neutral,neutral,neutral,positive,0.99431664,False,neutral -> positive
4501,image_4502.jpg,my ears watching me turn up the volume on my song for the 47th time that day mematic.net,my ears watching me turn up the volume on my song for the 47th time that day mematic.net,funny,general,not_offensive,not_motivational,positive,positive,positive,positive,0.5572604,True,correct
4028,image_4029.jpeg,"EVERYTHING WORKS FINE. ""WHAT DO WE EVEN PAY YOU FOR?* CERERE LEEEEE CAREERS SOMETHING ISNT WORKING:""WHAT DO WE EVEN PAY YOU FOR""","EVERYTHING WORKS FINE. ""WHAT DO WE EVEN PAY YOU FOR?* CERERE LEEEEE CAREERS SOMETHING ISNT WORKING:""WHAT DO WE EVEN PAY YOU FOR?""",very_funny,general,slight,motivational,positive,positive,positive,positive,0.59607637,True,correct
5329,image_5330.jpeg,YOU FINISHED YOUR PLATE BECAUSE I WAS STARVING?,YOU FINISHED YOUR PLATE BECAUSE I WAS STARVING?,funny,general,slight,motivational,neutral,neutral,neutral,positive,0.99245316,False,neutral -> positive
6036,image_6037.png,TRUE FACT #1219 MarvelTrueFacts 'LEGION' HAS BEEN CONFIRMED TO BE INITS OWN UNIVERSE. IT WILL NOT BE CONNECTED TO THE X-MEN FILM FRANCHISE. What do you think? #Legion #Xmen ~GL,TRUE FACT #1219 MarvelTrueFacts 'LEGION' HAS BEEN CONFIRMED TO BE INITS OWN UNIVERSE. IT WILL NOT BE CONNECTED TO THE X-MEN FILM FRANCHISE. What do you think? #Legion #Xmen ~GL,funny,not_sarcastic,not_offensive,not_motivational,neutral,neutral,neutral,positive,0.9279954,False,neutral -> positive
1892,image_1893.jpg,AND THE WINNER OF THE 2017 MISS UNIVERSE PAGEANT IS MISS FRA-WAIT,AND THE WINNER OF THE 2017 MISS UNIVERSE PAGEANT IS MISS FRA-WAIT  HOLD-ON YES  IT ACTUALLY IS MISS FRANCE imgflip.com,funny,not_sarcastic,slight,not_motivational,very_positive,positive,positive,positive,0.9402868,True,correct
5471,image_5472.jpg,SO I JUST SUCK ON THAT. AND I GET MILK? Quickmeme.com,SO I JUST SUCK ON THAT. AND I GET MILK? Quickmeme.com,not_funny,general,slight,not_motivational,negative,negative,negative,positive,0.98885006,False,negative -> positive
1167,image_1168.jpeg,We Can Do It! RADICAL FEMINISM It's no longer about the legitimacy of women's original complaints,We Can Do It! RADICAL FEMINISM It's no longer about the legitimacy of women's original complaints  but the internet in-justice of their proposed solutions,very_funny,twisted_meaning,slight,not_motivational,neutral,neutral,neutral,positive,0.81117254,False,neutral -> positive
781,image_782.jpg,WHILE LEARNING CPR CHUCK NORRIS BROUGHT THE DUMMY TO LIFE,WHILE LEARNING CPR CHUCK NORRIS BROUGHT THE DUMMY TO LIFE,funny,general,slight,not_motivational,positive,positive,positive,neutral,0.86773896,False,positive -> neutral
6585,image_6586.jpg,www.catikay.tumblr.com If you're Gandalf,www.catikay.tumblr.com If you're Gandalf  why are you white? Oh my God  Aragorn  you can't just ask people why they're white.,funny,general,not_offensive,not_motivational,positive,positive,positive,positive,0.94769984,True,correct
1478,image_1479.jpg,OH,"OH  YOU SAW SOMEBODY THAT LOOKS LIKE ME? "" WAS SH PRETTY?""",hilarious,general,very_offensive,motivational,very_positive,positive,positive,positive,0.9920901,True,correct
169,image_170.jpeg,Rowan Atkinson's Family How we think it is. How it actually is. We Know Memes,Rowan Atkinson's Family How we think it is. How it actually is.,funny,general,slight,not_motivational,negative,negative,negative,neutral,0.7523886,False,negative -> neutral
3277,image_3278.jpg,I admire a woman who kills her own clothing,I admire a woman who kills her own clothing,funny,general,slight,not_motivational,positive,positive,positive,positive,0.95790863,True,correct
1635,image_1636.jpg,I WANT YOU TO WEAR A SUIT COAT WITH BLUE JEANS. THAT I CANNOT DO. imgflip.com,I WANT YOU TO WEAR A SUIT COAT WITH BLUE JEANS. THAT I CANNOT DO. imgflip.com,very_funny,general,slight,not_motivational,neutral,neutral,neutral,positive,0.93980414,False,neutral -> positive
2441,image_2442.jpg,HOW I FEEL WHEN I FINISH WRITING AN EXAM IT'S OVER IT'S DONE more awesome pictures at THEMETAPICTURE.COM,HOW I FEEL WHEN I FINISH WRITING AN EXAM IT'S OVER IT'S DONE more awesome pictures at THEMETAPICTURE.COM,very_funny,general,very_offensive,not_motivational,neutral,neutral,neutral,positive,0.99874085,False,neutral -> positive
6958,image_6959.jpg,ROBIN THICKE rcedes Ishio IS THE REAL BARNEY STINSON imgib.com,ROBIN THICKE rcedes Ishio IS THE REAL BARNEY STINSON imgflip.com,hilarious,very_twisted,very_offensive,motivational,neutral,neutral,neutral,neutral,0.9773989,True,correct
2105,image_2106.png,hitler: we invade you russia: SOVIET.GULAG Care for some ww2 memes?,hitler: we invade you russia: SOVIET.GULAG Care for some ww2 memes?,hilarious,general,not_offensive,not_motivational,positive,positive,positive,positive,0.98420227,True,correct
4615,image_4616.png,Deadpool had a daughter named Eleanor,Deadpool had a daughter named Eleanor  but Deadpool didn't believe she was his because she was too beautiful,not_funny,not_sarcastic,not_offensive,not_motivational,neutral,neutral,neutral,neutral,0.53591686,True,correct
1689,image_1690.jpg,"HEY TEACHER! ""CAN I GET ANOTHER ANSWER SHEET?!"" imgflip.com","HEY TEACHER! ""CAN I GET ANOTHER ANSWER SHEET?!"" imgflip.com",funny,not_sarcastic,not_offensive,not_motivational,neutral,neutral,neutral,positive,0.9846827,False,neutral -> positive
4909,image_4910.jpg,Shit Too much eye linerum,Shit Too much eye liner,very_funny,general,hateful_offensive,not_motivational,neutral,neutral,neutral,neutral,0.98708075,True,correct
4094,image_4095.png,YOU'RE TELLING ME YOU BUY WATER BECAUSE IT'S GOING TO RAIN TOO MUCH? 9GAG.COM/GAG/5707656 Skeptical Third World Kid on Hurricane Sandy http://9gag.com/gag/5707656,YOU'RE TELLING ME YOU BUY WATER BECAUSE IT'S GOING TO RAIN TOO MUCH? 9GAG.COM/GAG/5707656 Skeptical Third World Kid on Hurricane Sandy http://9gag.com/gag/5707656,funny,general,not_offensive,not_motivational,positive,positive,positive,positive,0.8914964,True,correct
1211,image_1212.jpg,YOU'RE SUPPOSED TO PULL MY CHAIR OUT,YOU'RE SUPPOSED TO PULL MY CHAIR OUT  HOLD THE DOOR OPEN FOR ME  PAY FOR ME AND BE NICE TO ME NO MATTER WHAT WHILE TREATING ME LIKE AND EQUAL. WeKnowMemes,funny,twisted_meaning,very_offensive,motivational,positive,positive,positive,positive,0.8699135,True,correct
3104,image_3105.jpg,When you go to clubpenguin.com and it redirects you to clubpenguinisland.com CW How dare you stand where he stood!,When you go to clubpenguin.com and it redirects you to clubpenguinisland.com CW How dare you stand where he stood!,funny,not_sarcastic,not_offensive,not_motivational,positive,positive,positive,positive,0.99742573,True,correct
1174,image_1175.jpg,WHY IS IT EVERYTIME I SEE THIS FACE ON IMGFLIPI LUST WANNA THROW ACIDINITA imgflip.com,WHY IS IT EVERYTIME I SEE THIS FACE ON IMGFLIPI LUST WANNA THROW ACID IN IT imgflip.com,funny,not_sarcastic,slight,not_motivational,neutral,neutral,neutral,negative,0.49847212,False,neutral -> negative
4937,image_4938.jpeg,"YOU SEE I'M NOT ""LIKE A BOSS"" I'M THE BOSS Stiri","YOU SEE I'M NOT ""LIKE A BOSS"" I'M THE BOSS",very_funny,general,not_offensive,not_motivational,positive,positive,positive,neutral,0.5424016,False,positive -> neutral
4259,image_4260.jpg,,MEET DONALD TRUMP'S HAIRDRESSER,funny,not_sarcastic,slight,motivational,neutral,neutral,neutral,positive,0.97049755,False,neutral -> positive
4400,image_4401.jpg,deer in headlights are like 'are you okay my guy' Image tweeted by @petridishes,deer in headlights are like 'are you okay my guy' Image tweeted by @petridishes,hilarious,twisted_meaning,very_offensive,motivational,very_positive,positive,positive,positive,0.9717352,True,correct
1409,image_1410.png,RIP GENE WILDER Your legend lives on in every Willy Wonka meme. CODES UTOPIA RIP Gene Wilder. Your legend lives on. #Willy Wonka .. #funny #atheist #atheism #religion #lgbt #fuckreligion #freethinker #funnyatheist #secular #humanist #godless #christians #christianity #jesuschrist #bibleverse #biblestudy,RIP GENE WILDER Your legend lives on in every Willy Wonka meme. CODES UTOPIA RIP Gene Wilder. Your legend lives on. #Willy Wonka .. #funny #atheist #atheism #religion #lgbt #fuckreligion #freethinker #funnyatheist #secular #humanist #godless #christians #christianity #jesuschrist #bibleverse #biblestudy,not_funny,not_sarcastic,not_offensive,not_motivational,positive,positive,positive,negative,0.5172451,False,positive -> negative
1288,image_1289.jpeg,_WHEN YOUR BEST FRIENDS MAKE FUN OF YOUR SKILLS AT VIDEO GAMES,WHEN YOUR BEST FRIENDS MAKE FUN OF YOUR SKILLS AT VIDEO GAMES,not_funny,general,slight,not_motivational,negative,negative,negative,positive,0.6453387,False,negative -> positive
6075,image_6076.png,Fuck the 10 year challenge who's brave enough todo this?! 093 Next challenge. Ex vs Current Go on then who's bad?,Fuck the 10 year challenge who's brave enough todo this?! 093 Next challenge. Ex vs Current Go on then who's bad?,funny,general,not_offensive,not_motivational,positive,positive,positive,positive,0.99572253,True,correct
367,image_368.jpg,This is Bill Bill has a girlfriend Bill uploads pics with her on social media often but he doesn't tag them under #relationshipgoals Bill is SMART Be like Bill,This is Bill Bill has a girlfriend Bill uploads pics with her on social media often but he doesn't tag them under #relationshipgoals Bill is SMART Be like Bill,not_funny,not_sarcastic,not_offensive,not_motivational,positive,positive,positive,positive,0.8102782,True,correct
475,image_476.jpg,ON A SCALE OF 1 TO 10. www.aiveo.site,ON A SCALE OF 1 TO 10. HI www.aiveo.site,hilarious,twisted_meaning,slight,not_motivational,very_negative,negative,negative,positive,0.99820507,False,negative -> positive
2211,image_2212.jpeg,Memedroid When you find all the special weapons in a RPG,Memedroid When you find all the special weapons in a RPG,very_funny,general,slight,not_motivational,positive,positive,positive,positive,0.9946392,True,correct
3793,image_3794.jpg,,When you are one of the kids who are peter shoot web at school so you know that he's Spiderman (Visible applause),funny,general,not_offensive,not_motivational,neutral,neutral,neutral,positive,0.8255929,False,neutral -> positive
6449,image_6450.jpeg,SURE,SURE  SHE IS DIRTY BUT IDIOTS AND DEAD PEOPLE WILL STILL VOTE FOR HER. JOURNELOFAMADMAN.COM SHRE IT!,funny,general,not_offensive,motivational,positive,positive,positive,negative,0.652492,False,positive -> negative
5147,image_5148.jpg,THE AVENGERS:FUNNY MEMORABLE MOVIE QUOTES EUROVIUL IS EVERYTHING A JOKE TO YOU? TUJ FUNNY THINGS ARE VITAMIN-HA.COM,THE AVENGERS:FUNNY MEMORABLE MOVIE QUOTES EUROVIUL IS EVERYTHING A JOKE TO YOU? TUJ FUNNY THINGS ARE VITAMIN-HA.COM,very_funny,not_sarcastic,not_offensive,motivational,positive,positive,positive,neutral,0.99723095,False,positive -> neutral
5983,image_5984.png,When your body looks like shit. BODY CARE Jayzco Thope the meme isn't dead yet. Jim Carrey meme,When your body looks like shit. BODY CARE Jayzco Thope the meme isn't dead yet. Jim Carrey meme,very_funny,general,not_offensive,not_motivational,positive,positive,positive,neutral,0.8301545,False,positive -> neutral
4779,image_4780.jpg,final solution wa new cologne by Adolf Hitler,final solution a new cologne by Adolf Hitler,very_funny,general,very_offensive,not_motivational,positive,positive,positive,positive,0.937914,True,correct
3217,image_3218.png,Captain Kirke Trump here. I'd like to offer you the captaincy on the USSF Trump But I just...played a captain.....on TV. I'm not...areal captain. Fine then. You're Fired! Get me Picard.,Captain Kirke Trump here. I'd like to offer you the captaincy on the USSF Trump But I just...played a captain.....on TV. I'm not...areal captain. Fine then. You're Fired! Get me Picard.,very_funny,very_twisted,slight,not_motivational,negative,negative,negative,positive,0.61136496,False,negative -> positive
925,image_926.png,,NOT SURE IF HE'S SUPPOSED TO BE THE RED RANGER...IG|@THEGREEKGUID OR VENOM ~ Deadpool,funny,general,slight,not_motivational,positive,positive,positive,neutral,0.58641404,False,positive -> neutral
5680,image_5681.jpg,BE A FEMINIST! FOCUS ON ONE SEX! EMBRACE BIGOTRY,BE A FEMINIST! FOCUS ON ONE SEX! EMBRACE BIGOTRY  HYPOCRISY AND DISINEFORMATION! TELL PEOPLE YOU'RE NOT ALL LIKE THAT| CALL THEM MISOGYNIST AND RAPE APOLOGISTS IF THEY DISAGREE! Memegenetor.com,very_funny,general,hateful_offensive,not_motivational,positive,positive,positive,positive,0.9977552,True,correct
3259,image_3260.jpg,TANYA,TANYA  THEY CALL ME PUTIN BECAUSE I'D BE PUTIN A SOCK IN YOUR MOUTH,very_funny,general,very_offensive,not_motivational,positive,positive,positive,neutral,0.83603984,False,positive -> neutral
5705,image_5706.png,I DON'T ALWAYS EAT JELL-O BUT WHEN I DO IT'S NOT CONSENSUAL AND BY JELL-O I MEAN HAVE SEX.,I DON'T ALWAYS EAT JELL-O BUT WHEN I DO IT'S NOT CONSENSUAL AND BY JELL-O I MEAN HAVE SEX.,funny,general,slight,motivational,neutral,neutral,neutral,negative,0.7098692,False,neutral -> negative
6355,image_6356.png,When you try to kiss your Latina girlfriend sc: blsnapz being Latino,When you try to kiss your Latina girlfriend sc: blsnapz being Latino,not_funny,not_sarcastic,not_offensive,not_motivational,neutral,neutral,neutral,neutral,0.73827016,True,correct
3213,image_3214.jpeg,GIANT UNDERWATER TURBINES HARNESSING THE ENDLESS ENERGY OF OCEAN CURRENTS WHY THE FUCK IS THIS STILL JUST A CONCEPT FummyFrenzy.com,GIANT UNDERWATER TURBINES HARNESSING THE ENDLESS ENERGY OF OCEAN CURRENTS WHY THE FUCK IS THIS STILL JUST A CONCEPT FunnyFrenzy.com,hilarious,general,not_offensive,motivational,very_positive,positive,positive,positive,0.88381565,True,correct
3119,image_3120.png,its black friday! why are you wearing that? Trainman 1405 Distrocktiv7,its black friday! why are you wearing that? Trainman 1405 Distrocktiv7,very_funny,twisted_meaning,very_offensive,motivational,positive,positive,positive,positive,0.690914,True,correct
3931,image_3932.jpg,WHAT I THINK I LOOK LIKE WHEN PRESENTING A NEW IDEA AT WORK WHAT I ACTUALLY LOOK LIKE,WHAT I THINK I LOOK LIKE WHEN PRESENTING A NEW IDEA AT WORK WHAT I ACTUALLY LOOK LIKE,very_funny,general,slight,motivational,positive,positive,positive,positive,0.9978352,True,correct
4183,image_4184.jpg,When you thought you passed your test but you failed so hard your grade's a G,When you thought you passed your test but you failed so hard your grade's a G,funny,general,slight,motivational,neutral,neutral,neutral,positive,0.721039,False,neutral -> positive
2048,image_2049.jpg,EUR *NEVER LET ANYONE DICTATE WHO YOU ARE,EUR *NEVER LET ANYONE DICTATE WHO YOU ARE  INSTEAD ONLY ALLOW YOURSELF TO DICTATE WHO YOU BECOME. RexF,funny,general,slight,motivational,positive,positive,positive,positive,0.95052487,True,correct
2976,image_2977.png,Who else hated this little cock sucking no titties bitch ass girl that tried to kill our nigga Nemo?? wees Back,Who else hated this little cock sucking no titties bitch ass girl that tried to kill our nigga Nemo??,funny,twisted_meaning,slight,motivational,positive,positive,positive,neutral,0.99234575,False,positive -> neutral
3472,image_3473.jpg,#PAPPUSODUFFER HE WENT TO A DENTIST FOR A BLUETOOTH makeameme.org,#PAPPUSODUFFER HE WENT TO A DENTIST FOR A BLUETOOTH makeameme.org,hilarious,twisted_meaning,not_offensive,not_motivational,neutral,neutral,neutral,neutral,0.9942007,True,correct
2238,image_2239.jpg,HEY LEFTITS CAN YOU COUNT THE GENDERS,HEY LEFTITS CAN YOU COUNT THE GENDERS,not_funny,twisted_meaning,very_offensive,not_motivational,very_negative,negative,negative,positive,0.83120376,False,negative -> positive
3139,image_3140.png,When your sick of penguin memes but they're the only thing that satifies your Karma lust Kowalski opciones meiri,When your sick of penguin memes but they're the only thing that satifies your Karma lust Kowalski opciones meiri,very_funny,twisted_meaning,slight,motivational,very_positive,positive,positive,positive,0.98257506,True,correct
2440,image_2441.jpg,Pass through the Misty Mountains or literally any other safe way avoiding any danger Using the Mines of Moria that you have no idea how to enter or if anyone is even alive in the entire mine,Pass through the Misty Mountains or literally any other safe way avoiding any danger Using the Mines of Moria that you have no idea how to enter or if anyone is even alive in the entire mine,very_funny,general,not_offensive,not_motivational,positive,positive,positive,positive,0.956902,True,correct
351,image_352.png,theonion BEST OF 2018 May Meghan Markle's College Friends Stuck At Table With Sickly Habsburg Cousins It's not a meme,theonion BEST OF 2018 May Meghan Markle's College Friends Stuck At Table With Sickly Habsburg Cousins It's not a meme  but it deserves to be on here,not_funny,not_sarcastic,not_offensive,motivational,neutral,neutral,neutral,neutral,0.88486737,True,correct
2291,image_2292.png,Did you know? | Kim Jong-Un became Kim Jong-il's heir after his oldest Son (Kim Jong-Nam) tried to sneak into Japan so he could go to Disneyland Twitter: BLB247 Snapchat : BELIKEBRO.COM belikebro sarcasm Follow @be.like.bro,Did you know? | Kim Jong-Un became Kim Jong-il's heir after his oldest Son (Kim Jong-Nam) tried to sneak into Japan so he could go to Disneyland Twitter: BLB247 Snapchat : BELIKEBRO.COM belikebro sarcasm Follow @be.like.bro,very_funny,general,slight,motivational,positive,positive,positive,positive,0.9748035,True,correct
5034,image_5035.jpg,Jack Black walks by couple,Jack Black walks by couple  accidently turns them into 'Distracted Boyfriend' meme,funny,general,not_offensive,not_motivational,very_positive,positive,positive,neutral,0.8721293,False,positive -> neutral
6306,image_6307.jpg,WHEN A FRIEND AND I THINK OF SOMETHING IN A DIRTY WAY..,WHEN A FRIEND AND I THINK OF SOMETHING IN A DIRTY WAY..,very_funny,general,slight,not_motivational,positive,positive,positive,positive,0.9691356,True,correct
3674,image_3675.jpg,YOU'RE TELLING ME I SPENT NINE MONTHS ...IN WHERE? DIYLOL.COM,YOU'RE TELLING ME I SPENT NINE MONTHS ...IN WHERE? DIYLOL.COM,funny,not_sarcastic,not_offensive,not_motivational,positive,positive,positive,positive,0.9117401,True,correct
2894,image_2895.jpg,LOOK AT ME NOW memecenter.com Memelenler,LOOK AT ME NOW memecenter.com Memelenler,very_funny,twisted_meaning,very_offensive,motivational,neutral,neutral,neutral,negative,0.37698275,False,neutral -> negative
4911,image_4912.jpg,Steps aside to let MMS become PM in 2009 May not get another chance,Steps aside to let MMS become PM in 2009 May not get another chance,very_funny,twisted_meaning,very_offensive,motivational,positive,positive,positive,positive,0.6629308,True,correct
6257,image_6258.png,KT NELSON @Krang Nelson Follow did I do this right ME MY GF SOME LADY WITH A NICE BUTT 9:41 AM - 23 Aug 2017 505 Retweets 4,KT NELSON @Krang Nelson Follow did I do this right ME MY GF SOME LADY WITH A NICE BUTT 9:41 AM - 23 Aug 2017 505 Retweets 4 592 Likes,funny,general,slight,motivational,neutral,neutral,neutral,positive,0.9503296,False,neutral -> positive
2191,image_2192.jpg,IF IT WASN'T FOR ME YOUR WOULDN'T KNOW HOW TO SPELL BEAUTIFUL Martin 928 memecenter.com MemeCenter,IF IT WASN'T FOR ME YOUR WOULDN'T KNOW HOW TO SPELL BEAUTIFUL Martin 928 memecenter.com MemeCenter,funny,general,slight,not_motivational,positive,positive,positive,positive,0.9004811,True,correct
2451,image_2452.jpg,MATT FONTANE LIKES LORD OF THE RINGS MEMES quickmeme.com,MATT FONTANE LIKES LORD OF THE RINGS MEMES quickmeme.com,very_funny,twisted_meaning,very_offensive,not_motivational,positive,positive,positive,positive,0.9986382,True,correct
2087,image_2088.jpg,When History Repeats.... Do We Notice? SIGA,When History Repeats.... Do We Notice? SIGA,not_funny,general,very_offensive,not_motivational,positive,positive,positive,positive,0.99579453,True,correct
3302,image_3303.png,It's pretty clear that Vladimir Putin would rather have a puppet in the White House than a real president. - Hillary Clinton at the third debate OCCUPY DEMOCRATS Trump is Putin's little puppet. Image by Occupy Democrats,It's pretty clear that Vladimir Putin would rather have a puppet in the White House than a real president. - Hillary Clinton at the third debate OCCUPY DEMOCRATS Trump is Putin's little puppet. Image by Occupy Democrats  Likes our page for more!,funny,twisted_meaning,slight,motivational,positive,positive,positive,positive,0.91346174,True,correct
3049,image_3050.jpg,Ask Osama Bin Laden! ,Ask Osama Bin Laden!,funny,twisted_meaning,very_offensive,not_motivational,negative,negative,negative,positive,0.53051454,False,negative -> positive
1971,image_1972.png,Damn... Hillary aint looking too good these days,Damn... Hillary aint looking too good these days,not_funny,general,very_offensive,not_motivational,very_negative,negative,negative,neutral,0.58816516,False,negative -> neutral
2255,image_2256.png,"THE MOMENT WHEN THE JOKER KNEW JUSTICE LEAGUE.MEMES ""PUDDIN!"" HE WAS GETTING LAID THAT NIGHT ""LET'S GO HOME:"" Finally catching up on Arrow. - Nightwing","THE MOMENT WHEN THE JOKER KNEW JUSTICE LEAGUE.MEMES ""PUDDIN!"" HE WAS GETTING LAID THAT NIGHT ""LET'S GO HOME:"" Finally catching up on Arrow. - Nightwing",hilarious,very_twisted,very_offensive,motivational,neutral,neutral,neutral,neutral,0.74509573,True,correct
2859,image_2860.jpg,BRIAN Memes Happen,BRIAN Memes Happen,not_funny,general,not_offensive,not_motivational,positive,positive,positive,positive,0.98741317,True,correct
2738,image_2739.jpg,SKIPS CLASS ALL SEMESTER ACES THE FINAL memegenerator.net,SKIPS CLASS ALL SEMESTER ACES THE FINAL memegenerator.net,very_funny,very_twisted,hateful_offensive,not_motivational,neutral,neutral,neutral,positive,0.99667895,False,neutral -> positive
348,image_349.png,it's literally that meme,it's literally that meme,very_funny,general,not_offensive,not_motivational,neutral,neutral,neutral,positive,0.7390999,False,neutral -> positive
6937,image_6938.jpg,"EVERY TIME I ALREADY KNOW A VERSE ""I UNDERSTOOD THAT REFERENCE""","EVERY TIME I ALREADY KNOW A VERSE ""I UNDERSTOOD THAT REFERENCE""",very_funny,twisted_meaning,very_offensive,not_motivational,positive,positive,positive,positive,0.9195819,True,correct
2977,image_2978.jpg,If Finding Nemo was an anime:,If Finding Nemo was an anime:,funny,not_sarcastic,not_offensive,not_motivational,neutral,neutral,neutral,positive,0.99665195,False,neutral -> positive
1655,image_1656.jpeg,GREYJOY GREYSAD,GREYJOY GREYSAD,funny,general,not_offensive,not_motivational,positive,positive,positive,neutral,0.9174507,False,positive -> neutral
6727,image_6728.jpg,WHO THE HELL. HAS HAIR LIKE THAT IN A ZOMBIE APOCALYPSE? Pway Cam Porn To Pronk is,WHO THE HELL. HAS HAIR LIKE THAT IN A ZOMBIE APOCALYPSE? Imgflip.com,funny,general,not_offensive,not_motivational,very_positive,positive,positive,positive,0.990734,True,correct
2907,image_2908.png,DATING A BLIND GIRL SAYS SHE WANTS TO START SEEING OTHER PEOPLE,DATING A BLIND GIRL SAYS SHE WANTS TO START SEEING OTHER PEOPLE,very_funny,not_sarcastic,not_offensive,not_motivational,very_positive,positive,positive,positive,0.61040705,True,correct
4953,image_4954.png,You're a wizard,You're a wizard  Harry.,funny,general,very_offensive,not_motivational,positive,positive,positive,neutral,0.9857142,False,positive -> neutral
5460,image_5461.jpg,WHAT KENDRICK SAID TO BARACK @tanyathetanya MEN MY CORNROWS ARE TRYNA GET IT YA BISH,WHAT KENDRICK SAID TO BARACK @tanyathetanya ME N MY CORNROWS ARE TRYNA GET IT YA BISH,not_funny,twisted_meaning,not_offensive,not_motivational,positive,positive,positive,neutral,0.89327633,False,positive -> neutral
3081,image_3082.jpeg,COME AT ME BRO zipmeme,COME AT ME BRO,hilarious,twisted_meaning,very_offensive,motivational,positive,positive,positive,positive,0.5978143,True,correct
5747,image_5748.jpg,BEFORE MY CUP OF COFFEE,BEFORE MY CUP OF COFFEE,funny,not_sarcastic,slight,not_motivational,neutral,neutral,neutral,positive,0.7555901,False,neutral -> positive
2153,image_2154.png,2019 Jim Carrey looks like that cool aunt you can say anything to wilfordbrimly That cool lesbian aunt,2019 Jim Carrey looks like that cool aunt you can say anything to wilfordbrimly That cool lesbian aunt,funny,twisted_meaning,slight,not_motivational,neutral,neutral,neutral,neutral,0.5620255,True,correct
201,image_202.png,IF THERE IS ANY CHARACTER 'WHO IS LOVED BY THE ENTIRE WORLD BACK BENCHERS THEN DEFINITELY THAT MUST BE JOKER AND MR. BEAN,IF THERE IS ANY CHARACTER WHO IS LOVED BY THE ENTIRE WORLD BACK BENCHERS THEN DEFINITELY THAT MUST BE JOKER AND MR. BEAN,funny,general,not_offensive,not_motivational,neutral,neutral,neutral,positive,0.73001343,False,neutral -> positive
1472,image_1473.jpg,WELCOME TO ARGUING WITH YOUR GIRLFRIEND WHERE EVERYTHING'S MADE UP AND GOOD POINTS DONT MATTER ALT Guickmeme.com,WELCOME TO ARGUING WITH YOUR GIRLFRIEND WHERE EVERYTHING'S MADE UP AND GOOD POINTS DONT MATTER,very_funny,twisted_meaning,slight,motivational,negative,negative,negative,neutral,0.53479964,False,negative -> neutral
260,image_261.png,#WisdomLeaks Mr. Bean taught me one thing in life. Enjoy your own company instead of expecting someone else to make you happy.,#WisdomLeaks Mr. Bean taught me one thing in life. Enjoy your own company instead of expecting someone else to make you happy.,funny,general,not_offensive,not_motivational,neutral,neutral,neutral,neutral,0.9656681,True,correct
1973,image_1974.jpg,Donald Trump's animatronic looks like they started making one for Hillary and then switched to Donald halfway through,Donald Trump's animatronic looks like they started making one for Hillary and then switched to Donald halfway through,funny,twisted_meaning,very_offensive,not_motivational,negative,negative,negative,positive,0.9719945,False,negative -> positive
1543,image_1544.png,when ur man all of the sudden acting all cute & shit & u start thinkin bout what his stupid ass did now @ @ @ crazy girlfriend meme bae run nigga running,when ur man all of the sudden acting all cute & shit & u start thinkin bout what his stupid ass did now @ @ @ crazy girlfriend meme bae run nigga running,very_funny,general,not_offensive,not_motivational,positive,positive,positive,positive,0.83080894,True,correct
1899,image_1900.jpg,CONGRATS MICHIGAN STATE COTTON BOWL CHAMPIONS,CONGRATS MICHIGAN STATE COTTON BOWL CHAMPIONS,funny,general,very_offensive,motivational,positive,positive,positive,neutral,0.9966486,False,positive -> neutral
1037,image_1038.png,ME MY HOT DINNER PICKING SOMETHING TO WATCH INSTEAD OF EATING,ME MY HOT DINNER PICKING SOMETHING TO WATCH INSTEAD OF EATING,very_funny,not_sarcastic,not_offensive,not_motivational,positive,positive,positive,positive,0.999178,True,correct
1013,image_1014.png,Tobey Maguire & Leonardo DiCaprio take some time out to bowl in 1989.,Tobey Maguire & Leonardo DiCaprio take some time out to bowl in 1989.,not_funny,general,not_offensive,not_motivational,neutral,neutral,neutral,positive,0.9860356,False,neutral -> positive
3704,image_3705.jpg,THE ONLY TIME SUCCESS COMES BEFORE WORK VIA 9GAG.COM IS IN THE DICTIONARY MEMEFUL.COM,THE ONLY TIME SUCCESS COMES BEFORE WORK VIA 9GAG.COM IS IN THE DICTIONARY MEMEFUL.COM,funny,general,not_offensive,not_motivational,positive,positive,positive,positive,0.99894303,True,correct
1667,image_1668.png,When Grey Worm and Missandei roll up into Winterfell EX,When Grey Worm and Missandei roll up into Winterfell,funny,general,slight,not_motivational,positive,positive,positive,neutral,0.7846671,False,positive -> neutral
4915,image_4916.jpg,Remember,Remember,hilarious,not_sarcastic,not_offensive,motivational,positive,positive,positive,positive,0.8804002,True,correct
6369,image_6370.png,TO ME,TO ME  YIU ARE PERFECT,very_funny,twisted_meaning,very_offensive,motivational,positive,positive,positive,neutral,0.91288453,False,positive -> neutral
5843,image_5844.jpg,FALCONS NFC CHAMPIONSHIP T-SHIRTS GET HERE WEDNESDAY!,FALCONS NFC CHAMPIONSHIP T-SHIRTS GET HERE WEDNESDAY!,funny,general,slight,motivational,neutral,neutral,neutral,positive,0.99738723,False,neutral -> positive
55,image_56.jpg,SEES AVENGERS MOVIE EARLY CREATES COMICS WITH SPOILERS AND PUTS THEM ON THE FRONT PAGE quickmeme.com,SEES AVENGERS MOVIE EARLY CREATES COMICS WITH SPOILERS AND PUTS THEM ON THE FRONT PAGE quickmeme.com,not_funny,not_sarcastic,not_offensive,not_motivational,neutral,neutral,neutral,positive,0.9979538,False,neutral -> positive
2414,image_2415.jpg,I am not a racist DAILY NEWS,I am not a racist DAILY NEWS,funny,general,very_offensive,motivational,positive,positive,positive,neutral,0.96306884,False,positive -> neutral
4874,image_4875.jpeg,RYAN REYNOLDS DESIGNS OMMICHANG DETECTIVE PIKACHU COMING SOON,RYAN REYNOLDS DESIGNS OMMICHANG DETECTIVE PIKACHU COMING SOON,not_funny,general,very_offensive,motivational,neutral,neutral,neutral,positive,0.64822364,False,neutral -> positive
719,image_720.jpg,I'm glad we're having a rehearsal dinner. I rarely practice my meals before I eat.,I'm glad we're having a rehearsal dinner. I rarely practice my meals before I eat.,funny,twisted_meaning,not_offensive,not_motivational,very_positive,positive,positive,positive,0.93874884,True,correct
3877,image_3878.jpg,...LEAVE THE RED SOX THEY SAID Dodgers Dodgers °2361 YOU'LL MAKE THE PLAYOFFS THEY SAID...,...LEAVE THE RED SOX THEY SAID Dodgers Dodgers 23 61 YOU'LL MAKE THE PLAYOFFS THEY SAID...,not_funny,not_sarcastic,very_offensive,motivational,very_positive,positive,positive,positive,0.9435551,True,correct
6038,image_6039.jpg,Soest YOU'LL NEVER WALK ALONE THIS IS BILL LIVERPOOL FOOTBALL CLUB BILL IS A LIVERPOOL FAN EST:1892 WHENEVER LIVERPOOL WINS HE DOESNT SAY THIS IS OUR YEAR BILL KNOWS ITS NOT GONNA HAPPEN BILL IS SMART BE LIKE BILL @BELIKEBILLFOOTBALL,Soest YOU'LL NEVER WALK ALONE THIS IS BILL LIVERPOOL FOOTBALL CLUB BILL IS A LIVERPOOL FAN EST:1892 WHENEVER LIVERPOOL WINS HE DOESNT SAY THIS IS OUR YEAR BILL KNOWS ITS NOT GONNA HAPPEN BILL IS SMART BE LIKE BILL @BELIKEBILLFOOTBALL,very_funny,general,not_offensive,not_motivational,positive,positive,positive,positive,0.8494404,True,correct
3183,image_3184.png,WHEN YOU'RE FINISHED AND SHESTILL WANTS TO GO OUTSIDE Imgi.p.com,WHEN YOU'RE FINISHED AND SHESTILL WANTS TO GO OUTSIDE Imgflip.com,very_funny,general,not_offensive,not_motivational,positive,positive,positive,positive,0.9334669,True,correct
1796,image_1797.jpg,You wanna do something fun? Wanna go to Honeydukes? I CANT GO TO HONEYDUKES I'M ON A NO-SUGAR DIET GOD HERMIONE YOU'RE SO STUPID! LOL WEFCOMICS.COM,You wanna do something fun? Wanna go to Honeydukes? I CANT GO TO HONEYDUKES I'M ON A NO-SUGAR DIET GOD HERMIONE YOU'RE SO STUPID! LOL WEFCOMICS.COM,very_funny,twisted_meaning,very_offensive,motivational,neutral,neutral,neutral,positive,0.7448295,False,neutral -> positive
1717,image_1718.jpg,WHAT DO U MEAN MY STATE OF MIND IS BADI?! Info.com,WHAT DO U MEAN MY STATE OF MIND IS BADI?! Info.com,not_funny,not_sarcastic,not_offensive,not_motivational,neutral,neutral,neutral,positive,0.9967885,False,neutral -> positive
1859,image_1860.jpg,when someone sneezes very hard and you are next to the person: @baemillsslay jesus be more quiet geez,when someone sneezes very hard and you are next to the person: @baemillsslay jesus be more quiet geez,funny,general,not_offensive,not_motivational,neutral,neutral,neutral,positive,0.97595656,False,neutral -> positive
5332,image_5333.png,"HITLER SAID IF HE GETS 1 MILLION LIKES HE WILL INVADE POLAND PLS ""LIKE"" FOR THE FUTURE OF GERMANY LEIK 2 SAIVE GORMENY Adelf Mitler","HITLER SAID IF HE GETS 1 MILLION LIKES HE WILL INVADE POLAND PLS ""LIKE"" FOR THE FUTURE OF GERMANY LEIK 2 SAIVE GORMENY Adelf Mitler",funny,twisted_meaning,very_offensive,not_motivational,neutral,neutral,neutral,negative,0.7755876,False,neutral -> negative
1114,image_1115.png,When u flip out on someone but then realize it was only because u were hungry I'm only Dr. Evil when I'm hungry =,When u flip out on someone but then realize it was only because u were hungry I'm only Dr. Evil when I'm hungry,funny,general,slight,motivational,positive,positive,positive,positive,0.9684361,True,correct
339,image_340.jpg,IPHONE X TRUEDERTH CAMERA,IPHONE X TRUEDEPTH CAMERA,not_funny,not_sarcastic,not_offensive,not_motivational,neutral,neutral,neutral,neutral,0.60897416,True,correct
1379,image_1380.jpg,3x02 GAANOTHSCENES You know what's weird. Donald Duck never wore pants. But whenever he's getting out of the shower,3x02 GAANOTHSCENES You know what's weird. Donald Duck never wore pants. But whenever he's getting out of the shower he always put a towel around his waist.,funny,very_twisted,slight,not_motivational,positive,positive,positive,positive,0.8578457,True,correct
6463,image_6464.png,When there are no ceilings,When there are no ceilings  the sky's the limit. hillary,not_funny,very_twisted,very_offensive,not_motivational,positive,positive,positive,positive,0.96004444,True,correct
1261,image_1262.png,When you come across a feminist meme I KNOW SOME OF THESE WORDS @fuckjerrysdrafts made this but I couldn't find it on his page so it's mine now,When you come across a feminist meme I KNOW SOME OF THESE WORDS @fuckjerrysdrafts made this but I couldn't find it on his page so it's mine now,funny,general,not_offensive,not_motivational,negative,negative,negative,negative,0.5052238,True,correct
2168,image_2169.png,How you look when you tuck your chin so they can't sink in the RNC @thestranglesquad Come back to us,How you look when you tuck your chin so they can't sink in the RNC @thestranglesquad Come back to us 90s Jim Carrey,funny,general,slight,not_motivational,neutral,neutral,neutral,neutral,0.89002836,True,correct
5807,image_5808.jpg,HELLO HUMAN I'M READY TO PLAY NOW quickmeme.com,HELLO HUMAN I'M READY TO PLAY NOW quickmeme.com,very_funny,twisted_meaning,not_offensive,not_motivational,neutral,neutral,neutral,positive,0.7361104,False,neutral -> positive
6906,image_6907.jpg,THATLL TEACH THOSE ORPHANS NOT TO FUCK WITH ME,THATLL TEACH THOSE ORPHANS NOT TO FUCK WITH ME,very_funny,not_sarcastic,not_offensive,not_motivational,positive,positive,positive,negative,0.9854028,False,positive -> negative
6966,image_6967.jpg,WHICH SEAT CAN I TAKE? NOT THIS ONE,WHICH SEAT CAN I TAKE? NOT THIS ONE,funny,twisted_meaning,slight,not_motivational,neutral,neutral,neutral,positive,0.9285879,False,neutral -> positive
1758,image_1759.jpg,Does anyone else think that THIS GUY:,Does anyone else think that THIS GUY:,funny,not_sarcastic,not_offensive,not_motivational,positive,positive,positive,positive,0.9937605,True,correct
2459,image_2460.jpg,The cold never bothered me anyway,The cold never bothered me anyway,funny,general,slight,not_motivational,positive,positive,positive,neutral,0.52596956,False,positive -> neutral
2573,image_2574.jpg,I got expelled from school in pajama day. It's not my fault I sleep naked.,I got expelled from school in pajama day. It's not my fault I sleep naked.,not_funny,twisted_meaning,very_offensive,motivational,positive,positive,positive,neutral,0.97126365,False,positive -> neutral
434,image_435.jpg,THIS IS BILL BILLIS A STICK MAN YOU ARE A HUMAN BESMART DONT BE LIKE BILL,THIS IS BILL BILLIS A STICK MAN YOU ARE A HUMAN BE SMART DONT BE LIKE BILL,funny,twisted_meaning,slight,motivational,neutral,neutral,neutral,positive,0.67485976,False,neutral -> positive
6637,image_6638.png,"@TheLikeGuys IDONT COOK IDONT CLEAN. IDONT WANT KIDS. İDONT DATE UNDER 6 FEET. SOMETIMES I MESSAGE MYEX. ANDIPREFER RICH HOTGUYS. - 10 YEARS LATER WHERE ARE ALL THE GOOD MEN!? ""oh","@TheLikeGuys IDONT COOK IDONT CLEAN. IDONT WANT KIDS. İDONT DATE UNDER 6 FEET. SOMETIMES I MESSAGE MYEX. ANDIPREFER RICH HOTGUYS. - 10 YEARS LATER WHERE ARE ALL THE GOOD MEN!? ""oh  misogyny."" - Uncle",funny,general,hateful_offensive,motivational,positive,positive,positive,neutral,0.58052504,False,positive -> neutral
3047,image_3048.jpg,"OBAMA'S FAREWELL WORDS ""YES WE DID"" DESTROY AMERICA","OBAMA'S FAREWELL WORDS ""YES WE DID"" DESTROY AMERICA",not_funny,general,not_offensive,motivational,positive,positive,positive,neutral,0.70573175,False,positive -> neutral
5156,image_5157.png,AMITHE ONLY ONE HERE WHO BELIEVES THAT VIA 9GAG.COM YET AGAIN,AMITHE ONLY ONE HERE WHO BELIEVES THAT VIA 9GAG.COM YET AGAIN  THIS GUY STOLE THE SHOW.,very_funny,general,slight,not_motivational,very_positive,positive,positive,positive,0.9858473,True,correct
2276,image_2277.jpeg,Kim Jong-Un is now playing Rocket League,Kim Jong-Un is now playing Rocket League,funny,twisted_meaning,slight,motivational,positive,positive,positive,neutral,0.7454532,False,positive -> neutral
2072,image_2073.jpg,HITLER WASN'T THAT BAD OF A GUY AFTER ALL HE DID KILL 6 MILLION JEWS memecenter.com MemeCenter,HITLER WASN'T THAT BAD OF A GUY AFTER ALL HE DID KILL 6 MILLION JEWS memecenter.com MemeCenter,funny,twisted_meaning,very_offensive,not_motivational,neutral,neutral,neutral,neutral,0.68579096,True,correct
5824,image_5825.jpg,TRUMP:T CAN HANDLE THINGS. I'M SMART. NOT LIKE EVERYBODY SAYS LIKE DUMB. I'M SMART! Imgflip.com,TRUMP:T CAN HANDLE THINGS. I'M SMART. NOT LIKE EVERYBODY SAYS LIKE DUMB. I'M SMART! Imgflip.com,very_funny,general,not_offensive,not_motivational,positive,positive,positive,positive,0.8315742,True,correct
668,image_669.jpg,OMG?! They told me this was a solo portrait!,OMG?! They told me this was a solo portrait!,not_funny,not_sarcastic,not_offensive,motivational,negative,negative,negative,positive,0.9733184,False,negative -> positive
4103,image_4104.jpeg,"Titanic and ""Get Out"" have both taught me to stay away from white bitches named ""Rose""","Titanic and ""Get Out"" have both taught me to stay away from white bitches named ""Rose""",funny,general,slight,not_motivational,neutral,neutral,neutral,neutral,0.97643083,True,correct
5175,image_5176.jpg,BELIEVES IN ABOLISHING GENDER ROLES LIVES HIS LIFE AS A FEMALE MEME We Know Memes,BELIEVES IN ABOLISHING GENDER ROLES LIVES HIS LIFE AS A FEMALE MEME We Know Memes,hilarious,twisted_meaning,slight,not_motivational,neutral,neutral,neutral,neutral,0.55757886,True,correct
6990,image_6991.jpg,When I VERY have time is a fantasy No one has time unless they make time. ARHtisticLicense.com,When I have time is a fantasy. no one has time unless they make time. ARHtisticLicense.com,not_funny,twisted_meaning,not_offensive,motivational,very_positive,positive,positive,positive,0.99599046,True,correct
1980,image_1981.jpg,You're not voting for Hillary? MemeCenter.com You must be a misogynist working for the patriarchy.,You're not voting for Hillary? MemeCenter.com You must be a misogynist working for the patriarchy.,very_funny,general,not_offensive,not_motivational,very_positive,positive,positive,neutral,0.7376687,False,positive -> neutral
5398,image_5399.png,HOW TO BE RIGHT in a world gone wrong,HOW TO BE RIGHT in a world gone wrong,not_funny,general,slight,motivational,very_positive,positive,positive,neutral,0.7609937,False,positive -> neutral
6490,image_6491.jpg,WHOEVER CAME UP WITH THE PHRASE,"WHOEVER CAME UP WITH THE PHRASE  ""THE FREAKS COME OUT AT NIGHT"" HAS CLEARLY NEVER BEEN TO WALMART DURING THE DAY.",very_funny,twisted_meaning,slight,not_motivational,positive,positive,positive,neutral,0.5277421,False,positive -> neutral
4617,image_4618.png,"tinder. GENDER IDENTITY OPTIONS It's called ""Why Democrats lost the election."" (No i dont like trump) feminism feminist egalitarian","tinder. GENDER IDENTITY OPTIONS It's called ""Why Democrats lost the election."" (No i dont like trump) feminism feminist egalitarian",very_funny,general,slight,not_motivational,neutral,neutral,neutral,positive,0.96936136,False,neutral -> positive
1785,image_1786.jpg,WOULD YOU LIKE TO BE ONE OF MY HORCRUXES? BECAUSE I'M KILLING TO GETA PIECE OF ME INSIDE OF YOU.,WOULD YOU LIKE TO BE ONE OF MY HORCRUXES? BECAUSE I'M KILLING TO GETA PIECE OF ME INSIDE OF YOU.,funny,general,slight,motivational,positive,positive,positive,neutral,0.9313317,False,positive -> neutral
5176,image_5177.jpeg,We believe the people should be able to control their own data Mr. Mark Zuckerberg Hahahaha What a story Mark,We believe the people should be able to control their own data Mr. Mark Zuckerberg Hahahaha What a story Mark,very_funny,general,very_offensive,motivational,positive,positive,positive,positive,0.84075165,True,correct
5771,image_5772.jpg,WHAT DO YOU MEAN SHELDON FINALLY KISSED AMY? quickmeme.com,WHAT DO YOU MEAN SHELDON FINALLY KISSED AMY? quickmeme.com,funny,not_sarcastic,not_offensive,not_motivational,positive,positive,positive,positive,0.9769428,True,correct
6548,image_6549.jpg,WHY DOESN'T MAGNETO WEAR PURPLE ANYMORE? BECAUSE THE DAYS OF FUCHSIA PASSED,WHY DOESN'T MAGNETO WEAR PURPLE ANYMORE? BECAUSE THE DAYS OF FUCHSIA PASSED,funny,not_sarcastic,not_offensive,not_motivational,positive,positive,positive,positive,0.90085447,True,correct
1585,image_1586.png,train : *looks like a famous meme* me : w greendoline :O,train : *looks like a famous meme* me : U/greendoline :O,funny,general,slight,not_motivational,positive,positive,positive,positive,0.99699724,True,correct
669,image_670.jpg,I WILL DOMINATE THE WORLD AFTER MY NAP quickmeme.com,I WILL DOMINATE THE WORLD AFTER MY NAP quickmeme.com,funny,not_sarcastic,slight,not_motivational,positive,positive,positive,positive,0.9959602,True,correct
5298,image_5299.jpg,Albus,Albus  have you seen m make-up kit? Can't say I have.,not_funny,very_twisted,very_offensive,not_motivational,positive,positive,positive,neutral,0.6363083,False,positive -> neutral
1014,image_1015.png,"Troll Bollywood Memes ACTED IN A FILM CALLED “BEFORE THE FLOOD"" FOR FREE SO THAT HE CAN RAISE THE AWARENESS ABOUT “CLIMATE CHANGE” LEONARDO DICAPRIO FOR YOU © Troll Bollywood fb.com/officialtrollbollywood You can watch it for free on ""Youtube"" - Leonardo DiCaprio (y)","Troll Bollywood Memes ACTED IN A FILM CALLED “BEFORE THE FLOOD"" FOR FREE SO THAT HE CAN RAISE THE AWARENESS ABOUT “CLIMATE CHANGE” LEONARDO DICAPRIO FOR YOU © Troll Bollywood fb.com/officialtrollbollywood You can watch it for free on ""Youtube"" - Leonardo DiCaprio (y)",hilarious,general,slight,motivational,neutral,neutral,neutral,positive,0.94495624,False,neutral -> positive
5294,image_5295.jpg,This is Bill. Bill thinks his an authoritarian on what should be posted on social media. Bill should mind his own f business and not care about what others post. Don't be like Bill. Be yourself. Facebook/Don'Be Like Bill,This is Bill. Bill thinks his an authoritarian on what should be posted on social media. Bill should mind his own f business and not care about what others post. Don't be like Bill. Be yourself. Facebook/Don'Be Like Bill,funny,twisted_meaning,slight,motivational,negative,negative,negative,neutral,0.48599985,False,negative -> neutral
5041,image_5042.jpg,BRACE YOURSELVES HERECOME THE SECRET SEAL MEMES quickmeme.com,BRACE YOURSELVES HERECOME THE SECRET SEAL MEMES quickmeme.com,very_funny,general,not_offensive,not_motivational,positive,positive,positive,positive,0.97453135,True,correct
2767,image_2768.jpg,YOUR OPTIONS ARE MODI AND RAHUL GANDHI AND YOU ARE STILL PROUD OF BEING THE LARGEST DEMOCRACY?,YOUR OPTIONS ARE MODI AND RAHUL GANDHI AND YOU ARE STILL PROUD OF BEING THE LARGEST DEMOCRACY?,hilarious,general,slight,not_motivational,very_positive,positive,positive,positive,0.8720406,True,correct
4892,image_4893.jpg,SOUL WAX PUT WEST001 IN THEIR BEST OF 2017 SHOW SO WE GOT THAT GOING FOR US WHICH IS NICE Imgflip.com,SOUL WAX PUT WEST001 IN THEIR BEST OF 2017 SHOW SO WE GOT THAT GOING FOR US WHICH IS NICE Imgflip.com,funny,general,slight,motivational,neutral,neutral,neutral,neutral,0.9928537,True,correct
471,image_472.jpg,*OC @32oz When someone tells me The Big Bang Theory memes has no potential Oh,*OC @32oz When someone tells me The Big Bang Theory memes has no potential Oh  I hardly think so.,very_funny,general,very_offensive,motivational,very_positive,positive,positive,positive,0.54582965,True,correct
4669,image_4670.jpg,You want to know how I got this cut on my face? NO! oh ok then memecenter.com Memetenter,You want to know how I got this cut on my face? NO! oh ok then memecenter.com Memetenter,very_funny,twisted_meaning,not_offensive,not_motivational,positive,positive,positive,neutral,0.7587983,False,positive -> neutral
3276,image_3277.jpg,PLEASE KILL ME,PLEASE KILL ME,hilarious,general,slight,not_motivational,very_negative,negative,negative,positive,0.5586237,False,negative -> positive
2293,image_2294.jpg,Sad & Useless Humor @sadanduseless It's 2019 and Trump & Kim out here still dressing like they got scooped up in the '03 draft. 4 11:19 AM - 27 Feb 2019,Sad & Useless Humor @sadanduseless It's 2019 and Trump & Kim out here still dressing like they got scooped up in the '03 draft. 11:19 AM - 27 Feb 2019,funny,twisted_meaning,very_offensive,motivational,neutral,neutral,neutral,positive,0.79774463,False,neutral -> positive
6093,image_6094.jpg,NO ONE HIDES FROM,NO ONE HIDES FROM,very_funny,twisted_meaning,very_offensive,motivational,very_positive,positive,positive,positive,0.88542813,True,correct
3622,image_3623.jpg,THEY SAYA WOMAN'S WORK IS NEVER DONE MAYBE THAT'S WHY THEY GET PAID LESS,THEY SAYA WOMAN'S WORK IS NEVER DONE MAYBE THAT'S WHY THEY GET PAID LESS,funny,general,slight,motivational,neutral,neutral,neutral,positive,0.99596655,False,neutral -> positive
6333,image_6334.jpg,Cute things to call your girlfriend: 1. sugar 2. honey 3. magdonals lady 4. uhhhhhhhbTen percent luck 5. 1/2 lb butter 6. twenty percent skill 7. Fifteen percent concentrated power 8. preheat to 375°,Cute things to call your girlfriend: 1. sugar 2. honey 3. magdonals lady 4. uhhhhhhhbTen percent luck 5. 1/2 lb butter 6. twenty percent skill 7. Fifteen percent concentrated power 8. preheat to 375°,very_funny,general,very_offensive,motivational,neutral,neutral,neutral,positive,0.99547285,False,neutral -> positive
3209,image_3210.jpg,OH CAPTAIN PICARD MUST YOU ALWAYS BE SO INCREDIBLY DISSATISFIED? quickmeme.com,OH CAPTAIN PICARD MUST YOU ALWAYS BE SO INCREDIBLY DISSATISFIED? quickmeme.com,funny,general,not_offensive,not_motivational,neutral,neutral,neutral,positive,0.8523217,False,neutral -> positive
6324,image_6325.jpeg,when you screenshot a convo and send it back to the same person,when you screenshot a convo and send it back to the same person,very_funny,twisted_meaning,slight,motivational,positive,positive,positive,positive,0.9762331,True,correct
2067,image_2068.jpg,Hitler gives up on the war decides to play with his Wii!!!,Hitler gives up on the war decides to play with his Wii!!!,very_funny,twisted_meaning,very_offensive,motivational,positive,positive,positive,positive,0.98676014,True,correct
4358,image_4359.jpg,REAL MEN TESTIFY BEFORE CONGRESS WITHOUT A BOOSTER SEAT imgflip.com,REAL MEN TESTIFY BEFORE CONGRESS WITHOUT A BOOSTER SEAT imgflip.com,very_funny,twisted_meaning,not_offensive,not_motivational,very_positive,positive,positive,positive,0.7588693,True,correct
1307,image_1308.jpg,YOU CANT HAVE FAKE FRIENDS Opening IF YOU DON'T HAVE ANY memegenerator.net,YOU CANT HAVE FAKE FRIENDS Opening IF YOU DON'T HAVE ANY memegenerator.net,funny,general,slight,motivational,neutral,neutral,neutral,positive,0.9970143,False,neutral -> positive
2582,image_2583.jpg,OF COURSE I TALK LIKE AN IDIOT HOW ELSE COULD YOU UNDERSTAND ME? .CO,OF COURSE I TALK LIKE AN IDIOT HOW ELSE COULD YOU UNDERSTAND ME?,funny,twisted_meaning,not_offensive,not_motivational,neutral,neutral,neutral,neutral,0.9438385,True,correct
3717,image_3718.jpeg,“YOU KNOW WHO CRIES THE HARDEST IN THE MISS AMERICA PAGEANT? THE WINNER. BECAUSE SHE KNOWS SHE CAN'T WIN AGAIN AND WINNERS ALWAYS WANT TO THE APPJUICE,“YOU KNOW WHO CRIES THE HARDEST IN THE MISS AMERICA PAGEANT? THE WINNER. BECAUSE SHE KNOWS SHE CAN'T WIN AGAIN AND WINNERS ALWAYS WANT TO THE APPJUICE,not_funny,general,not_offensive,motivational,very_positive,positive,positive,positive,0.9800934,True,correct
208,image_209.png,Like this Picture @_dekhbal 'If Mr Bean made your Childhood better Any Mr.Bean fans here ? ☺ Comedy Legend Follow us @_dekhbhai_for more fun,Like this Picture @_dekhbal 'If Mr Bean made your Childhood better Any Mr.Bean fans here ? ☺ Comedy Legend Follow us @_dekhbhai_for more fun,funny,general,slight,not_motivational,positive,positive,positive,positive,0.99811435,True,correct
5633,image_5634.jpg,DID YOUR BRAIN TAKE A. LAXATIVE? BECAUSE THERE IS A LOT OF CRAPCOMING OUT OF YOUR MOUTH,DID YOUR BRAIN TAKE A. LAXATIVE? BECAUSE THERE IS A LOT OF CRAPCOMING OUT OF YOUR MOUTH,funny,general,slight,motivational,neutral,neutral,neutral,neutral,0.72834474,True,correct
4356,image_4357.jpg,When yo girl sends nudes,When yo girl sends nudes,funny,twisted_meaning,slight,motivational,negative,negative,negative,positive,0.9923901,False,negative -> positive
3946,image_3947.jpg,COME TO STUDENT COUNCIL IN THE FACULTY LOUNGE EVERY THURSDAY 1:50PM-2:30PM quickmeme.com,COME TO STUDENT COUNCIL IN THE FACULTY LOUNGE EVERY THURSDAY 1:50PM-2:30PM,funny,general,not_offensive,motivational,neutral,neutral,neutral,positive,0.9967794,False,neutral -> positive
3765,image_3766.jpg,DEAR DIARY TODAY I FUCKED BITCHES AND GOT MONEY,DEAR DIARY TODAY I FUCKED BITCHES AND GOT MONEY,very_funny,twisted_meaning,slight,not_motivational,neutral,neutral,neutral,neutral,0.99476045,True,correct
6253,image_6254.png,"Struggle 1 Struggle 2 struggle 3 Struga A Ố ""Every next level of your life will demand a different you."" -Leonardo Dicaprio 100","Struggle 1 Struggle 2 struggle 3 Struga A Ố ""Every next level of your life will demand a different you."" -Leonardo Dicaprio 100",not_funny,general,not_offensive,not_motivational,very_positive,positive,positive,neutral,0.9404579,False,positive -> neutral
2773,image_2774.jpg,MALTESE PASSPORT? NO,MALTESE PASSPORT?,funny,general,slight,motivational,neutral,neutral,neutral,positive,0.9129789,False,neutral -> positive
1816,image_1817.jpg,Harry... you have your mother's eyes... MY LIFE IS A LIE COMIX ED.COM,Harry... you have your mother's eyes... MY LIFE IS A LIE COMIX ED.COM,very_funny,general,slight,not_motivational,positive,positive,positive,neutral,0.90470487,False,positive -> neutral
6659,image_6660.jpg,Makes a good luck Brian meme just to be a scumbag GANHASCHERZBURGER.COM,Makes a good luck Brian meme just to be a scumbag ICANHASCHEEZBURGER.COM,funny,general,not_offensive,not_motivational,neutral,neutral,neutral,positive,0.98802584,False,neutral -> positive
4647,image_4648.png,"<html><head><meta content=""text/html; charset=UTF-8"" http-equiv=""content-type""><style type=""text/css"">ol{margin:0;padding:0}table td",PERFECTLY HEALTHY GIVES BILLIONS TO CURE DISEASE KEEPS BILLIONS DIES OF CAN,very_funny,general,not_offensive,not_motivational,positive,positive,positive,positive,0.8071558,True,correct
4371,image_4372.jpg,10 FRIENDS SUBSCRIBED TO TOM FROM MYSPACE? façek sok WHY NOT ZUCKERBERG? quickmeme.com,10 FRIENDS SUBSCRIBED TO TOM FROM MYSPACE? façek sok WHY NOT ZUCKERBERG? quickmeme.com,not_funny,very_twisted,very_offensive,not_motivational,positive,positive,positive,positive,0.53446996,True,correct
3892,image_3893.jpg,I'M SO PROUD - OF YOU memegenerator.net,I'M SO PROUD - OF YOU memegenerator.net Steve Jobs,not_funny,general,not_offensive,motivational,very_positive,positive,positive,neutral,0.65372753,False,positive -> neutral
222,image_223.png,THE LOOK YOU GIVESOMEONE WHEN THEY CALL BINGO AND YOUR NUMBER IS ON THE SCREEN!!,THE LOOK YOU GIVE SOMEONE WHEN THEY CALL BINGO AND YOUR NUMBER IS ON THE SCREEN!!,funny,not_sarcastic,not_offensive,not_motivational,neutral,neutral,neutral,positive,0.8582192,False,neutral -> positive
4715,image_4716.png,IF A TREE FALLS IN WASHINGTON INSTALARE DOES ANYBODY HEAR IT OR IS IT OBAMA'S FAULT? More funny Obama memes: http://bit.ly/agBCjz,IF A TREE FALLS IN WASHINGTON INSTALARE DOES ANYBODY HEAR IT OR IS IT OBAMA'S FAULT? More funny Obama memes: http://bit.ly/agBCjz,funny,twisted_meaning,slight,motivational,positive,positive,positive,neutral,0.9476473,False,positive -> neutral
2444,image_2445.jpg,When the nasty chick at the club tries to take your boy home Let him go,When the nasty chick at the club tries to take your boy home Let him go,very_funny,general,very_offensive,motivational,very_positive,positive,positive,neutral,0.990464,False,positive -> neutral
3911,image_3912.jpg,"Palmer Report @PalmerReport ""I am not a genius"" - Albert Einstein ""I'm not a genius"" - Steve Jobs ""I'm a very stable genius"" - Donald Trump","Palmer Report @PalmerReport ""I am not a genius"" - Albert Einstein ""I'm not a genius"" - Steve Jobs ""I'm a very stable genius"" - Donald Trump",very_funny,general,slight,not_motivational,positive,positive,positive,neutral,0.6074802,False,positive -> neutral
3612,image_3613.jpg,FAKE NERD GIRL IS A SEXIST MEME GIRLS DON'T FAKE ANYTHING... EXCEPT ORGASMS AND PREGNANCIES,FAKE NERD GIRL IS A SEXIST MEME GIRLS DON'T FAKE ANYTHING... EXCEPT ORGASMS AND PREGNANCIES,not_funny,twisted_meaning,slight,motivational,neutral,neutral,neutral,positive,0.4081364,False,neutral -> positive
4021,image_4022.jpg,"IT IS WORKING ON IT"" FALSE.I.T. CONTAINS NEITHER INFORMATION NOR TECHNOLOGY makeameme.org","IT IS WORKING ON IT"" FALSE.I.T. CONTAINS NEITHER INFORMATION NOR TECHNOLOGY makeameme.org",very_funny,general,slight,not_motivational,neutral,neutral,neutral,neutral,0.5823857,True,correct
2644,image_2645.jpg,ELEMENTARY KIDS HAVE IPHONES. WHEN I WAS A KID,ELEMENTARY KIDS HAVE IPHONES. WHEN I WAS A KID  I PUT GLUE ON MY HANDS JUST SO I COULD PEEL IT OFF WHEN IT DRIED.,very_funny,not_sarcastic,not_offensive,not_motivational,very_positive,positive,positive,negative,0.7431765,False,positive -> negative
1448,image_1449.jpeg,NOW HIRING a girlfriend -Full Time - please love me,NOW HIRING a girlfriend -Full Time - please love me,funny,not_sarcastic,not_offensive,not_motivational,positive,positive,positive,positive,0.9583372,True,correct
66,image_67.jpg,Ironman takes a dig at Spiderman,Ironman takes a dig at Spiderman,funny,not_sarcastic,not_offensive,not_motivational,neutral,neutral,neutral,neutral,0.9253336,True,correct
1821,image_1822.jpg,HARRYPOTTERDAILY.TUMBLR It's bewitched to look like the sky outside. I read about it on Wikipedia.,HARRYPOTTERDAILY.TUMBLR It's bewitched to look like the sky outside. I read about it on Wikipedia.,funny,general,slight,motivational,positive,positive,positive,positive,0.99042094,True,correct
3542,image_3543.jpg,"*60 years later* ""Grandpa what were you doing during the 2018 Trump and Kim summit"" I was testing the power of flex seal by sawing this boat in half FARE","*60 years later* ""Grandpa what were you doing during the 2018 Trump and Kim summit"" I was testing the power of flex seal by sawing this boat in half",not_funny,not_sarcastic,not_offensive,not_motivational,neutral,neutral,neutral,neutral,0.99843174,True,correct
1513,image_1514.jpg,When your girlfriend is silent during sex Do the roar.,When your girlfriend is silent during sex Do the roar.,funny,general,slight,motivational,positive,positive,positive,positive,0.99130744,True,correct
3693,image_3694.jpg,HURT YOUR FEELINGS? ASK ME IF I GIVE A SHIT und meme.com,HURT YOUR FEELINGS? ASK ME IF I GIVE A SHIT und meme.com,not_funny,twisted_meaning,not_offensive,motivational,very_positive,positive,positive,positive,0.49016875,True,correct
5260,image_5261.png,The doge memes are just bad luck brian memes without the punchline me irl,The doge memes are just bad luck brian memes without the punchline me irl,funny,not_sarcastic,not_offensive,not_motivational,positive,positive,positive,positive,0.99303436,True,correct
1910,image_1911.jpg,IT'S OKAY STEVE. I WOULDA READ IT WRONG TOO!,IT'S OKAY STEVE. I WOULDA READ IT WRONG TOO!,not_funny,general,hateful_offensive,not_motivational,neutral,neutral,neutral,positive,0.9500611,False,neutral -> positive
1820,image_1821.jpg,I'D LOVE TO SLYTHERIN,I'D LOVE TO SLYTHERIN,hilarious,very_twisted,not_offensive,not_motivational,very_positive,positive,positive,neutral,0.93934727,False,positive -> neutral
530,image_531.jpg,This cat lost vision in one eye,This cat lost vision in one eye  but thanks to modern technology advancements  his vision was repaired,very_funny,twisted_meaning,not_offensive,not_motivational,neutral,neutral,neutral,neutral,0.8667488,True,correct
2385,image_2386.jpg,Liam Approves!,Liam Approves!,hilarious,very_twisted,hateful_offensive,motivational,neutral,neutral,neutral,positive,0.9292835,False,neutral -> positive
2204,image_2205.jpg,BATMAN VS JOKER NOW: Im BATMAN VS JOKER IN 50 YEARS: memecenter.com Mametenter,BATMAN VS JOKER NOW: Im BATMAN VS JOKER IN 50 YEARS: memecenter.com Mametenter,funny,not_sarcastic,very_offensive,motivational,very_positive,positive,positive,neutral,0.99114686,False,positive -> neutral
2066,image_2067.jpg,Never arrested. Never convicted. Just as innocent as Hillary.,Never arrested. Never convicted. Just as innocent as Hillary.,very_funny,not_sarcastic,not_offensive,not_motivational,very_positive,positive,positive,neutral,0.66663814,False,positive -> neutral
4587,image_4588.png,Young Leonardo DiCaprio can we take a moment and appreciate Leo,Young Leonardo DiCaprio can we take a moment and appreciate Leo,funny,general,not_offensive,not_motivational,positive,positive,positive,positive,0.8906466,True,correct
3370,image_3371.jpeg,I'M NOT A RACIST. RACISM IS CRIME AND CRIME IS SOMETHING FOR BLACK PEOPLE.,I'M NOT A RACIST. RACISM IS CRIME AND CRIME IS SOMETHING FOR BLACK PEOPLE.,hilarious,general,slight,motivational,positive,positive,positive,neutral,0.5920582,False,positive -> neutral
6130,image_6131.png,rowan @scottpilgrimm Follow i'm obsessed with these memes indie/ alternative wlwa ppl who are afraid of growing up lorde ppl who hate their a hometown indie/ alternative mlm alady 2:11 PM - 15 Aug 2018,rowan @scottpilgrimm Follow i'm obsessed with these memes indie/ alternative wlwa ppl who are afraid of growing up lorde ppl who hate their a hometown indie/ alternative mlm alady 2:11 PM - 15 Aug 2018,hilarious,twisted_meaning,slight,not_motivational,positive,positive,positive,positive,0.99160963,True,correct
2961,image_2962.jpg,THIS FISH IS SO RAW HE'S STILL FINDING NEMO.,THIS FISH IS SO RAW HE'S STILL FINDING NEMO.,funny,not_sarcastic,not_offensive,not_motivational,positive,positive,positive,positive,0.53008527,True,correct
1637,image_1638.jpg,"YOU SEE I'M NOT ""LIKE A BOSS” TAM THE BOSS","YOU SEE I'M NOT ""LIKE A BOSS” I AM THE BOSS",not_funny,general,not_offensive,not_motivational,neutral,neutral,neutral,negative,0.53938466,False,neutral -> negative
4494,image_4495.jpg,When you see a funny meme and the caption says tag ur friends but you have no friends,When you see a funny meme and the caption says tag ur friends but you have no friends,not_funny,not_sarcastic,slight,not_motivational,positive,positive,positive,positive,0.81499654,True,correct
5724,image_5725.jpg,WHAT THE FUCK HAPPENED TO THE SKEPTICAL 3RD WORLD KID MEME? livemamanecom,WHAT THE FUCK HAPPENED TO THE SKEPTICAL 3RD WORLD KID MEME? livemamanecom,very_funny,general,not_offensive,motivational,neutral,neutral,neutral,positive,0.9846259,False,neutral -> positive
2947,image_2948.png,Barber: What Do You Want? Her: You Know That Girl From Finding Nemo? IG: @cargo e cargo JEWE (OC) throwback of Fall Creeks Beauty @marenwarner BACKUP: @cargo,Barber: What Do You Want? Her: You Know That Girl From Finding Nemo? IG: @cargo e cargo JEWE (OC) throwback of Fall Creeks Beauty @marenwarner BACKUP: @cargo,very_funny,not_sarcastic,very_offensive,motivational,positive,positive,positive,neutral,0.676611,False,positive -> neutral
4739,image_4740.jpg,M GONNA MAKE HIM A OFTER HE CANT REFUSE WHAT ARE YA GONNA DO THEN? I'M GONNA SEND VINCENT & JULES imgflip.com,I M GONNA MAKE HIM A OFFER HE CAN'T REFUSE WHAT ARE YA GONNA DO THEN? I'M GONNA SEND VINCENT & JULES,very_funny,not_sarcastic,very_offensive,not_motivational,negative,negative,negative,neutral,0.49274644,False,negative -> neutral
6911,image_6912.jpg,3 BALLS WITH ONE KICK sty MUST BE A RECORD Trendingnuts.com,3 BALLS WITH ONE KICK  MUST BE A RECORD Trendingnuts.com,very_funny,general,very_offensive,motivational,positive,positive,positive,positive,0.95326716,True,correct
5840,image_5841.jpg,DRINK WATER AND NO ONE BATS AN EYE BUY A BOAT AND EVERYONE LOSES THEIR MINDS,DRINK WATER AND NO ONE BATS AN EYE BUY A BOAT AND EVERYONE LOSES THEIR MINDS,very_funny,general,slight,not_motivational,neutral,neutral,neutral,negative,0.7368647,False,neutral -> negative
1703,image_1704.jpg,AFTER DRINKING TOO MUCH WATER MENDI MEMES IN SEHRI,AFTER DRINKING TOO MUCH WATER MEHDI MEMES IN SEHRI,hilarious,twisted_meaning,not_offensive,not_motivational,neutral,neutral,neutral,positive,0.9943064,False,neutral -> positive
3383,image_3384.jpg,You can't be racist if there is no other race STARECAT.COM,You can't be racist if there is no other race STARECAT.COM,funny,twisted_meaning,slight,not_motivational,positive,positive,positive,positive,0.98251706,True,correct
3097,image_3098.jpg,VE socially amazing penguin's entry MemeCenteret,socially amazing penguin's entry MemeCenter,very_funny,general,slight,not_motivational,positive,positive,positive,neutral,0.85571045,False,positive -> neutral
2557,image_2558.jpg,MY HIDDEN TALENT IS HIDDEN SO PERFECTLY THAT I HAVEN'T FOUND IT YET.,MY HIDDEN TALENT IS HIDDEN SO PERFECTLY THAT I HAVEN'T FOUND IT YET.,very_funny,general,very_offensive,not_motivational,positive,positive,positive,positive,0.99071956,True,correct
2496,image_2497.png,when someone says to leave lord of the beans out of the lord of the rings marathon Your words are poison. One of the greatest veggie tale parodies,when someone says to leave lord of the beans out of the lord of the rings marathon Your words are poison. One of the greatest veggie tale parodies,not_funny,twisted_meaning,not_offensive,motivational,negative,negative,negative,neutral,0.80340546,False,negative -> neutral
6378,image_6379.jpg,FEELS BORED RUINS EVERYTHING FOR EVERYONE quickmeme.com,FEELS BORED RUINS EVERYTHING FOR EVERYONE quickmeme.com,very_funny,general,slight,not_motivational,very_positive,positive,positive,positive,0.9948597,True,correct
5317,image_5318.jpg,sometimes i wonder what did my human do to deserve me?,sometimes i wonder what did my human do to deserve me?,not_funny,not_sarcastic,not_offensive,not_motivational,neutral,neutral,neutral,neutral,0.84340924,True,correct
1520,image_1521.png,MY BEAUTIFUL GIRLFRIEND memes.com,MY BEAUTIFUL GIRLFRIEND memes.com,funny,general,not_offensive,not_motivational,positive,positive,positive,positive,0.9914949,True,correct
3876,image_3877.png,SERGIO GARCIA PUTTING NOW BE PROUD,SERGIO GARCIA PUTTING NOW BE PROUD MEXICO,funny,general,not_offensive,not_motivational,neutral,neutral,neutral,neutral,0.9762856,True,correct
105,image_106.jpg,WATCH WHO YOU TRUST EVEN YOUR TEETH BITE YOUR TONGUE EVERY NOW AND THEN,WATCH WHO YOU TRUST EVEN YOUR TEETH BITE YOUR TONGUE EVERY NOW AND THEN,not_funny,general,slight,motivational,neutral,neutral,neutral,positive,0.988971,False,neutral -> positive
2604,image_2605.jpg,What's good present for a baby ghost? BOO-TEES! punquotes.com,What's good present for a baby ghost? BOO-TEES! punquotes.com,very_funny,twisted_meaning,slight,motivational,positive,positive,positive,neutral,0.9613314,False,positive -> neutral
565,image_566.jpg,My kitten keeps bringing us leaves she caught in the garden as presents. Today she was especially proud of this Very Big One.,My kitten keeps bringing us leaves she caught in the garden as presents. Today she was especially proud of this Very Big One.,funny,general,very_offensive,motivational,positive,positive,positive,positive,0.96199256,True,correct
1376,image_1377.png,REST IN PEACE GENE WILDER,shared :'( #genewilder #rip #willywonka REST IN PEACE GENE WILDER 1933 - 2016 shared :'( #genewilder #rip #willywonka,very_funny,general,slight,not_motivational,very_positive,positive,positive,positive,0.94181144,True,correct
641,image_642.jpg,Please,Please  human  for the love of God... SPAY ME!!!!!!!,very_funny,general,not_offensive,not_motivational,very_positive,positive,positive,positive,0.99478287,True,correct
5437,image_5438.jpg,WAITING FOR A NEW GAME OF THRONES imgflip.com,WAITING FOR A NEW GAME OF THRONES imgflip.com,funny,general,not_offensive,not_motivational,positive,positive,positive,neutral,0.48333436,False,positive -> neutral
3458,image_3459.jpg,WHAT DO YOU THINK OF TE HOUSE LOKPALBILLE LIFE IS TOUGH. ELECTRICITY,WHAT DO YOU THINK OF LOKPAL BILL LIFE IS TOUGH. ELECTRICITY  WATER  TELEPHONE  CABLE  MOBILE AND NOW LOKPAL BILL.,very_funny,twisted_meaning,slight,not_motivational,positive,positive,positive,positive,0.99032307,True,correct
2350,image_2351.png,"7 minutes ago Liam Neeson admits to wanting to ""kill"" a ""black bastard"" in disturbing incident from his past 'I don't think so. ""Do not defy the Council","7 minutes ago Liam Neeson admits to wanting to ""kill"" a ""black bastard"" in disturbing incident from his past 'I don't think so. ""Do not defy the Council  Master  not again "" ""I shall do what I must  obi-wan",funny,twisted_meaning,very_offensive,motivational,very_positive,positive,positive,neutral,0.88914984,False,positive -> neutral
3350,image_3351.jpg,"ABRAHAM LINCOLN ONCE SAID TheOfficeisms.com ""IF YOU'RE A RACIST I WILL ATTACK YOU WITH THE NORTH.""","ABRAHAM LINCOLN ONCE SAID TheOfficeisms.com ""IF YOU'RE A RACIST I WILL ATTACK YOU WITH THE NORTH.""",not_funny,not_sarcastic,not_offensive,not_motivational,neutral,neutral,neutral,positive,0.9897794,False,neutral -> positive
467,image_468.jpg,WATCHES BIG BANG THEORY AND STAR WARS OMFG GUISE I'M THE NERD QUEEN quickmeme.com,WATCHES BIG BANG THEORY AND STAR WARS OMFG GUISE I'M THE NERD QUEEN quickmeme.com,funny,twisted_meaning,very_offensive,motivational,positive,positive,positive,positive,0.9750992,True,correct
4580,image_4581.jpg,FEMINIST DREAMS STARECAT.COM REALITY,FEMINIST DREAMS STARECAT.COM REALITY,not_funny,very_twisted,very_offensive,not_motivational,positive,positive,positive,positive,0.99375904,True,correct
2516,image_2517.jpeg,READ THIS OUT LOUD This is this cat. This is is cat. This is how cat. This is to cat. This is keep cat. This is an cat. This is idiot cat. This is busy cat. This is for cat. This is forty cat. This is seconds cat. NOW GO BACK AND READ THE THIRD WORD ONLY IN EACH,READ THIS OUT LOUD This is this cat. This is is cat. This is how cat. This is to cat. This is keep cat. This is an cat. This is idiot cat. This is busy cat. This is for cat. This is forty cat. This is seconds cat. NOW GO BACK AND READ THE THIRD WORD ONLY IN EACH,funny,not_sarcastic,slight,not_motivational,negative,negative,negative,negative,0.6920429,True,correct
266,image_267.jpg,How Not To Go To Bed Angry: Diffuse peppermint and wild orange. This will help you stay awake so you can plot revenge. ESSENTIALOILSTYLE.COM,How Not To Go To Bed Angry: Diffuse peppermint and wild orange. This will help you stay awake so you can plot revenge. ESSENTIALOILSTYLE.COM,hilarious,general,not_offensive,not_motivational,very_positive,positive,positive,positive,0.99314135,True,correct
638,image_639.jpg,Why are teh urflings looking atus?,Why are teh urflings looking at us?,funny,general,not_offensive,not_motivational,neutral,neutral,neutral,positive,0.77891773,False,neutral -> positive
6309,image_6310.jpg,Cousins are awesome. She Well,Cousins are awesome.Well  mine are. I can't speak for yours . Someecards,hilarious,general,not_offensive,not_motivational,neutral,neutral,neutral,positive,0.58787614,False,neutral -> positive
6269,image_6270.png,DENTON FRACKING BAN frackfeed.com ONE MILLION DOLLARS,DENTON FRACKING BAN frackfeed.com ONE MILLION DOLLARS,funny,not_sarcastic,not_offensive,not_motivational,very_positive,positive,positive,negative,0.72863406,False,positive -> negative
6510,image_6511.png,THAT MOMENT... WHEN YOU FIND OUT THE JOKER & ROBIN WENT TO HIGH SCHOOL TOGETHER Mother of God... you're right!! ~Crispy,THAT MOMENT... WHEN YOU FIND OUT THE JOKER & ROBIN WENT TO HIGH SCHOOL TOGETHER Mother of God... you're right!! ~Crispy,hilarious,general,very_offensive,motivational,positive,positive,positive,positive,0.87282085,True,correct
1848,image_1849.png,WHAT ARE YOU STARING AT? COMIC EME IG | NERDY.COMIC.MEMES IS THAT A... HARRY POTTER POSTER,WHAT ARE YOU STARING AT? COMIC EME IG | NERDY.COMIC.MEMES IS THAT A... HARRY POTTER POSTER  AND SCREENSAVER ?! MAY BE...>---> Arsenal,very_funny,general,slight,not_motivational,very_positive,positive,positive,positive,0.94060373,True,correct
5982,image_5983.jpg,LET ME PUT MY WAND... WHERE THE MAGIC HAPPENS 9gag.com/narkys,LET ME PUT MY WAND... WHERE THE MAGIC HAPPENS 9gag.com/narkys,very_funny,very_twisted,not_offensive,motivational,positive,positive,positive,positive,0.9967969,True,correct
1380,image_1381.png,You kissed a guy? in my defense,You kissed a guy? in my defense  it was dark and he was a very pretty guy.,not_funny,general,slight,not_motivational,neutral,neutral,neutral,positive,0.7932529,False,neutral -> positive
178,image_179.jpg,WORD DOCUMENTS If you know what I mean Guickmeme.com,WORD DOCUMENTS If you know what I mean quickmeme.com,very_funny,not_sarcastic,slight,not_motivational,positive,positive,positive,neutral,0.8613422,False,positive -> neutral
2542,image_2543.jpg,ΜΑΤΗ My A Dad T Beats Hме,ΜΑΤΗ My A Dad T Beats Hме,not_funny,not_sarcastic,not_offensive,not_motivational,neutral,neutral,neutral,positive,0.6942113,False,neutral -> positive
923,image_924.jpg,HI I'M DEADPOOL THE OTHER JOLLY GUY IN A RED SUIT WITH A LAP WORTH SITTING ON,HI I'M DEADPOOL THE OTHER JOLLY GUY IN A RED SUIT WITH A LAP WORTH SITTING ON,hilarious,not_sarcastic,not_offensive,motivational,positive,positive,positive,neutral,0.58105475,False,positive -> neutral
2458,image_2459.jpg,WHAT IF THEY WERE WRONG AND YOU CAN SIMPLY WALK INTO MORDOR,WHAT IF THEY WERE WRONG AND YOU CAN SIMPLY WALK INTO MORDOR,very_funny,not_sarcastic,not_offensive,not_motivational,positive,positive,positive,neutral,0.9316101,False,positive -> neutral
3431,image_3432.png,AM I THE ONLY ONE AROUND HERE WHO BOTHERED TO FIND OUT THAT THE COLORADO SPRINGS SHOOTER WAS NOT A REPUBLICAN,AM I THE ONLY ONE AROUND HERE WHO BOTHERED TO FIND OUT THAT THE COLORADO SPRINGS SHOOTER WAS NOT A REPUBLICAN  RELIGIOUS  OR DEMONSTRABLY PRO LIFE?,not_funny,not_sarcastic,very_offensive,not_motivational,negative,negative,negative,positive,0.8957691,False,negative -> positive
6207,image_6208.jpg,WHEN SOMEONE um no do u want to lose fingers? @priceless.craver TOUCHES YOUR HAIR,WHEN SOMEONE um no do u want to lose fingers? @priceless.craver TOUCHES YOUR HAIR,hilarious,not_sarcastic,not_offensive,not_motivational,negative,negative,negative,positive,0.996718,False,negative -> positive
5215,image_5216.jpg,U'M JUST GONNA WATCH FINDING NEMO WITH MY SON AAAAND I'M BAWLING quickmeme.com,I'M JUST GONNA WATCH FINDING NEMO WITH MY SON AAAAND I'M BAWLING quickmeme.com,funny,general,slight,motivational,neutral,neutral,neutral,neutral,0.7397345,True,correct
5442,image_5443.jpg,,I misspoke... ...for 40 minutes,very_funny,general,not_offensive,not_motivational,very_positive,positive,positive,neutral,0.88570166,False,positive -> neutral
2624,image_2625.jpg,gender is a complex issue... CO ..lucky theirs only two!,gender is a complex issue....lucky theirs only two!,very_funny,general,very_offensive,motivational,very_positive,positive,positive,positive,0.974817,True,correct
2329,image_2330.png,THAT FEEL WHEN YOU RULE WITH AN IRON FIST. BUT TWITTER SAYS IRON FIST ME DADDY.,THAT FEEL WHEN YOU RULE WITH AN IRON FIST. BUT TWITTER SAYS IRON FIST ME DADDY.,funny,general,slight,motivational,neutral,neutral,neutral,positive,0.88653576,False,neutral -> positive
3990,image_3991.jpg,YOU CALLED ME AN INFLUENCER? I HAVE NO IDEA WHAT I'M DOING. memegenerator.net,YOU CALLED ME AN INFLUENCER? I HAVE NO IDEA WHAT I'M DOING. memegenerator.net,funny,twisted_meaning,not_offensive,not_motivational,positive,positive,positive,neutral,0.80733436,False,positive -> neutral
3389,image_3390.jpg,GOOD LUCK TODAY ON YOUR ESSAY,GOOD LUCK TODAY ON YOUR ESSAY  ESE AND I'LL SEE U WHEN GET HOME  HOMES,funny,general,not_offensive,not_motivational,neutral,neutral,neutral,positive,0.93188614,False,neutral -> positive
3204,image_3205.jpg,THE FUCK?,THE FUCK?,funny,very_twisted,hateful_offensive,motivational,positive,positive,positive,negative,0.4878418,False,positive -> negative
265,image_266.jpg,Me: I should keep my identity a secret Me to me: but has he heard about the tragedy of Darth Plagueis the Wise? @santa1896,Me: I should keep my identity a secret Me to me: but has he heard about the tragedy of Darth Plagueis the Wise?,hilarious,not_sarcastic,very_offensive,not_motivational,very_negative,negative,negative,positive,0.9896618,False,negative -> positive
655,image_656.jpg,* Free Kitten - a bit fat but otherwise lovely and very talented (Bel Air) ifunny.co,* Free Kitten - a bit fat but otherwise lovely and very talented (Bel Air) ifunny.co,funny,general,slight,not_motivational,positive,positive,positive,positive,0.9531245,True,correct
771,image_772.png,Chuck Norris once passed 6 kidney stones. They were subsequently collected by Thanos and embedded in a Gauntlet. #ArtOfTheDojo @jamesmichael JMSmith.org/art,Chuck Norris once passed 6 kidney stones. They were subsequently collected by Thanos and embedded in a Gauntlet. #ArtOfTheDojo @jamesmichael JMSmith.org/art,not_funny,very_twisted,very_offensive,not_motivational,positive,positive,positive,positive,0.9196475,True,correct
1315,image_1316.png,When all your friends are getting married and you're just like @insta.single I was the original salt master but whatever checkout my hoe @insta.single @insta.single,When all your friends are getting married and you're just like @insta.single I was the original salt master but whatever checkout my hoe @insta.single @insta.single,very_funny,twisted_meaning,not_offensive,not_motivational,very_positive,positive,positive,neutral,0.8782657,False,positive -> neutral
5514,image_5515.jpeg,EAT. PUNKS LIKE YOU FOR SECOND BREAKFAST.,EAT. PUNKS LIKE YOU FOR SECOND BREAKFAST.,hilarious,very_twisted,very_offensive,not_motivational,very_positive,positive,positive,positive,0.9863457,True,correct
2338,image_2339.jpg,YO WHAT DO YOU MEAN THAT WASN'T PRESIDENT OBAMA. We Know Memes,WHAT DO YOU MEAN THAT WASN'T PRESIDENT OBAMA. We Know Memes,very_funny,twisted_meaning,very_offensive,not_motivational,neutral,neutral,neutral,negative,0.8746623,False,neutral -> negative
3921,image_3922.jpg,MICROSOFT U MAD? Troll.me,MICROSOFT U MAD? Troll.me,not_funny,not_sarcastic,slight,not_motivational,neutral,neutral,neutral,positive,0.96220696,False,neutral -> positive
5032,image_5033.png,how I say bye to my friends how I say bye to my best friends quinnandnoah,how I say bye to my friends how I say bye to my best friends quinnandnoah,funny,twisted_meaning,not_offensive,not_motivational,positive,positive,positive,positive,0.5446584,True,correct
1644,image_1645.jpg,OF COURSE TRUMP USES GOT MEMES THE SHOW HAS INCEST IN IT AND WE KNOW HOW HE FEELS ABOUT HIS DAUGHTER. imgflip.com,OF COURSE TRUMP USES GOT MEMES THE SHOW HAS INCEST IN IT AND WE KNOW HOW HE FEELS ABOUT HIS DAUGHTER. imgflip.com,not_funny,not_sarcastic,not_offensive,not_motivational,neutral,neutral,neutral,neutral,0.9851658,True,correct
4493,image_4494.jpg,Chinese titanic,Chinese titanic,not_funny,not_sarcastic,not_offensive,not_motivational,positive,positive,positive,positive,0.98493004,True,correct
3939,image_3940.png,YOU HEARD ME MAKE ME A SANDWICH,YOU HEARD ME MAKE ME A SANDWICH,very_funny,general,not_offensive,not_motivational,positive,positive,positive,positive,0.97149223,True,correct
4202,image_4203.jpg,Me: Can I use the restroom? Teacher: Idk,Me: Can I use the restroom? Teacher: Idk  can you? Memecenter.Com *shits on the table*,very_funny,twisted_meaning,not_offensive,not_motivational,positive,positive,positive,negative,0.76265746,False,positive -> negative
2648,image_2649.jpg,Before you judge me please understand I don't really care what you think! oo gapbagap.us via gapbagap.com,Before you judge me please understand I don't really care what you think! gapbagap.us via gapbagap.com,hilarious,twisted_meaning,not_offensive,motivational,very_positive,positive,positive,positive,0.5057235,True,correct
2425,image_2426.png,DID YOUR BAND WIN A BRIT? DIDN'T THINK SO.,DID YOUR BAND WIN A BRIT? DIDN'T THINK SO.,funny,twisted_meaning,slight,motivational,positive,positive,positive,neutral,0.7944405,False,positive -> neutral
2194,image_2195.png,WEDNESDAY YOUR WEEK PRESENTED BY JIM CARREY It's barely Wednesday! Who's looking forward to the weekend? @pmwhiphop @pmwhiphop @pmwhiphop,WEDNESDAY YOUR WEEK PRESENTED BY JIM CARREY It's barely Wednesday! Who's looking forward to the weekend? @pmwhiphop @pmwhiphop @pmwhiphop,very_funny,general,slight,not_motivational,positive,positive,positive,positive,0.98589617,True,correct
5833,image_5834.jpg,YOU MISS THOSE COMPLETE SENTENCES,YOU MISS THOSE COMPLETE SENTENCES DON'T YOU?,funny,general,not_offensive,not_motivational,positive,positive,positive,positive,0.9836969,True,correct
6282,image_6283.jpg,VIOLENCE AGAINST MEN: YOU GO GIRL VIOLENCE AGAINST WOMEN: STOP THE CYCLE OF VIOLENCE,VIOLENCE AGAINST MEN: YOU GO GIRL VIOLENCE AGAINST WOMEN: STOP THE CYCLE OF VIOLENCE,not_funny,general,hateful_offensive,motivational,neutral,neutral,neutral,neutral,0.7348082,True,correct
507,image_508.png,"The ""I don't watch The Big Bang Theory becuase I'm smart!"" starter pack Science 10 THINKS HE'S COOL DE N The ""you don't watch the Big Bang Theory Starter Pack UE 9 Inicht bereits The smug redditor ""I don't like The Big Bang Theory cuz I'm smart!!1!1!!"" starter pack","The ""I don't watch The Big Bang Theory becuase I'm smart!"" starter pack Science 10 THINKS HE'S COOL DE N The ""you don't watch the Big Bang Theory Starter Pack UE 9 Inicht bereits The smug redditor ""I don't like The Big Bang Theory cuz I'm smart!!1!1!!"" starter pack",not_funny,not_sarcastic,not_offensive,not_motivational,negative,negative,negative,negative,0.8024082,True,correct
5270,image_5271.png,HOME IS WHERE MY CATS ARE FunnyCatMemes From Funny Cat Memes,HOME IS WHERE MY CATS ARE FunnyCatMemes From Funny Cat Memes,not_funny,general,not_offensive,not_motivational,neutral,neutral,neutral,positive,0.99696404,False,neutral -> positive
6508,image_6509.png,SMILEUS PHRA AC LET'S PUTA SMILE ON THAT FACE @justicc.Icague.memes The Joker always knew how to make people smile. ~Green Arrow Sorry I haven't posted much lately. Been away on vacation.,SMILEUS PHRA AC LET'S PUTA SMILE ON THAT FACE @justicc.Icague.memes The Joker always knew how to make people smile. ~Green Arrow Sorry I haven't posted much lately. Been away on vacation.,not_funny,general,very_offensive,not_motivational,very_negative,negative,negative,neutral,0.92227334,False,negative -> neutral
6790,image_6791.jpg,,IT'S ME BOSS... SORRY  YOU HAVE THE WRONG NUMBER!,very_funny,twisted_meaning,slight,motivational,positive,positive,positive,neutral,0.7964587,False,positive -> neutral
184,image_185.jpg,our ov TISSUT TUTISSOT THEY SEE ME ROLLIN MemeCenter.com THEY'RE HATIN,TISSUT TUTISSOT THEY SEE ME ROLLIN MemeCenter.com THEY'RE HATIN,hilarious,twisted_meaning,slight,not_motivational,very_positive,positive,positive,positive,0.9443183,True,correct
2905,image_2906.jpg,GIVE ME THE KEYS BRIAN YOU'RE DRUNK,GIVE ME THE KEYS BRIAN YOU'RE DRUNK,hilarious,not_sarcastic,not_offensive,not_motivational,neutral,neutral,neutral,positive,0.7759198,False,neutral -> positive
2156,image_2157.jpeg,THIS GUY TAUGHT ME HOW TO SPELL BEAUTIFUL,THIS GUY TAUGHT ME HOW TO SPELL BEAUTIFUL,funny,general,not_offensive,not_motivational,positive,positive,positive,neutral,0.87317175,False,positive -> neutral
6033,image_6034.jpg,THIS IS BILL BILL VOTED FOR DONALD TRUMP NOT BECAUSE HELIKED DONALD TRUMP,THIS IS BILL BILL VOTED FOR DONALD TRUMP NOT BECAUSE HE LIKED DONALD TRUMP  BUT BECAUSE HE KNEW HILLARY WOULD BE FAR   FAR WORSE BILL IS SMART BE LIKE BILL.,very_funny,not_sarcastic,not_offensive,not_motivational,positive,positive,positive,positive,0.65399,True,correct
4484,image_4485.jpg,(Stares in American),(Stares in American),funny,general,slight,motivational,negative,negative,negative,positive,0.9879987,False,negative -> positive
20,image_21.jpg,REMEMBER THIS KID? THIS IS HIM NOW FEEL OLD YET?,REMEMBER THIS KID? THIS IS HIM NOW FEEL OLD YET?,funny,general,not_offensive,not_motivational,neutral,neutral,neutral,positive,0.990892,False,neutral -> positive
4693,image_4694.jpg,When your best friend tags someone else in a meme you would have loved. memecenter.com does he make you laugh?,When your best friend tags someone else in a meme you would have loved. memecenter.com does he make you laugh?,funny,general,not_offensive,not_motivational,positive,positive,positive,positive,0.88992196,True,correct
3929,image_3930.png,This Is The Son Of A Syrian Immigrant Steve Jobs' father would not be allowed to enter the United States today.,This Is The Son Of A Syrian Immigrant Steve Jobs' father would not be allowed to enter the United States today.,very_funny,general,very_offensive,motivational,very_positive,positive,positive,negative,0.6894651,False,positive -> negative
1180,image_1181.jpg,LEFT THE KITCHEN TOO MANY TIMES quickmeme.com,LEFT THE KITCHEN TOO MANY TIMES quickmeme.com,not_funny,general,slight,motivational,negative,negative,negative,positive,0.994981,False,negative -> positive
1157,image_1158.jpg,IT'S A FINISHED PAINTING OF THE PEOPLE WHO WANT TO DATE YOU. We Know Memes,OH LOOK IT'S A FINISHED PAINTING OF THE PEOPLE WHO WANT TO DATE YOU. WeKnowMemes,very_funny,general,very_offensive,motivational,negative,negative,negative,positive,0.9805964,False,negative -> positive
1192,image_1193.jpg,ONCE WE FIND OUT WHAT STORES CARRY THEM HON Speal THIS IS WHAT A WE ARE GOING TO BOYCOTT SENDGRID,ONCE WE FIND OUT WHAT STORES CARRY THEM HON Speal THIS IS WHAT A WE ARE GOING TO BOYCOTT SENDGRID,not_funny,twisted_meaning,slight,motivational,positive,positive,positive,negative,0.5010825,False,positive -> negative
3248,image_3249.jpg,TRUMP AND PUTIN IS LIKE ASHFORD AND SIMPSON THEYRE SOLID AS A ROCK imgflip.com,TRUMP AND PUTIN IS LIKE ASHFORD AND SIMPSON THEYRE SOLID AS A ROCK imgflip.com,hilarious,general,slight,motivational,positive,positive,positive,positive,0.94588983,True,correct
4087,image_4088.jpg,SO YOU'RE SAYING YOU KNOW PEOPLE THAT DON'T EAT ON PURPOSE?!,SO YOU'RE SAYING YOU KNOW PEOPLE THAT DON'T EAT ON PURPOSE?!,not_funny,general,slight,not_motivational,neutral,neutral,neutral,positive,0.99069107,False,neutral -> positive
5964,image_5965.jpg,EXCUSE ME,EXCUSE ME  DID YOU SEE MY FATHER? memecenter.com MemeCenter,funny,general,not_offensive,not_motivational,positive,positive,positive,neutral,0.74057764,False,positive -> neutral
329,image_330.jpg,4TATIOாபாலமேன WITH ROCKET LAUNCHER,PLAY FORNITE DUO WITH ROCKET LAUNCHER,funny,general,slight,motivational,positive,positive,positive,positive,0.9984688,True,correct
3638,image_3639.png,MY HUSBAND DOES EVERYTHINGIASK BUT I HAVE TO ASK 10 Sexist Memes We Should Probably Stop Using | Complex,MY HUSBAND DOES EVERYTHINGIASK BUT I HAVE TO ASK 10 Sexist Memes We Should Probably Stop Using | Complex,funny,general,not_offensive,not_motivational,positive,positive,positive,neutral,0.5359738,False,positive -> neutral
6721,image_6722.jpg,I forgot what the hell I was doing! imgflip.com,I forgot what the hell I was doing! imgflip.com,not_funny,general,slight,motivational,neutral,neutral,neutral,positive,0.94737524,False,neutral -> positive
245,image_246.png,Hi [prospect name),Hi [prospect name] ARE YOU SURE? memegenerator.net Best [your name],very_funny,not_sarcastic,not_offensive,not_motivational,positive,positive,positive,positive,0.9829586,True,correct
2518,image_2519.jpg,MINIONS DONTGET VACCINATIONS WHY SHOULD YOUR CHILDREN,MINIONS DONTGET VACCINATIONS WHY SHOULD YOUR CHILDREN,very_funny,general,slight,motivational,positive,positive,positive,positive,0.6627152,True,correct
440,image_441.jpg,This is Bill Bill sees something on the internet that offends him Bill gets over it and moves on with his life Be like Bill,This is Bill Bill sees something on the internet that offends him Bill gets over it and moves on with his life Be like Bill,very_funny,general,slight,not_motivational,neutral,neutral,neutral,positive,0.9226455,False,neutral -> positive
6530,image_6531.jpg,GOING TO RELEASE A SECRET FLEET BUILD FUCK YEAH! quickmeme.com,GOING TO RELEASE A SECRET FLEET BUILD FUCK YEAH! quickmeme.com,very_funny,general,not_offensive,not_motivational,positive,positive,positive,positive,0.85013306,True,correct
5354,image_5355.jpeg,RIP LEONARDO OSCAR MEMES 1994-2016,RIP LEONARDO OSCAR MEMES 1994-2016,hilarious,not_sarcastic,not_offensive,not_motivational,positive,positive,positive,negative,0.6183874,False,positive -> negative
4956,image_4957.jpg,THAT MOMENT YOU REALIZE I WILL MURDER YOU THE PIZZA SHOP DOESN'T HAVE YOUR FAVOURITE KIND imgflip.com,"THAT MOMENT YOU REALIZE  THE PIZZA SHOP DOESN'T HAVE YOUR FAVOURITE KIND ""I WILL MURDER YOU"" imgflip.com",not_funny,twisted_meaning,not_offensive,not_motivational,negative,negative,negative,positive,0.8610287,False,negative -> positive
3761,image_3762.jpg,i hope no one saw me kill this guy,i hope no one saw me kill this guy,not_funny,not_sarcastic,very_offensive,not_motivational,negative,negative,negative,negative,0.68421507,True,correct
5403,image_5404.jpg,deaneggsandsam: when u sneeze in front of your pet and they look like you've just offended their great ancestors setheverman 382,deaneggsandsam: when u sneeze in front of your pet and they look like you've just offended their great ancestors setheverman 382 226 notes,not_funny,not_sarcastic,not_offensive,not_motivational,neutral,neutral,neutral,positive,0.7324196,False,neutral -> positive
4035,image_4036.jpg,Onee-sama @yanderefam Me every time I wake up Fuck 6:53 pm · 15/02/2019. Twitter for iPhone,Onee-sama @yanderefam Me every time I wake up Fuck 6:53 pm · 15/02/2019. Twitter for iPhone,funny,general,slight,not_motivational,neutral,neutral,neutral,neutral,0.9462454,True,correct
3056,image_3057.jpg,I LOVE YOUBARRY. I LOVE YOU TOO SPONGEBOB. imgflip.com,I LOVE YOUBARRY. I LOVE YOU TOO SPONGEBOB. imgflip.com,very_funny,general,slight,not_motivational,positive,positive,positive,neutral,0.99599046,False,positive -> neutral
350,image_351.png,THE CATS HAVE BEEN FED DONT LISTEN TO THEIR BULLSHIT We searched through the ICanHasCheezburger archive to bring you cat memes YOU liked most this year! #cats # funny cats #cat memes # funny memes # animal memes # best of # 2018,THE CATS HAVE BEEN FED DONT LISTEN TO THEIR BULLSHIT We searched through the ICanHasCheezburger archive to bring you cat memes YOU liked most this year! #cats # funny cats #cat memes # funny memes # animal memes # best of # 2018,not_funny,general,not_offensive,not_motivational,very_negative,negative,negative,positive,0.99640167,False,negative -> positive
4788,image_4789.png,How I imagine Texans preparing for the hurricane HARVEY COME AT ME BROO0000 (IG: @sadmichaeljordan),How I imagine Texans preparing for the hurricane HARVEY COME AT ME BROO0000 (IG: @sadmichaeljordan),not_funny,very_twisted,very_offensive,not_motivational,positive,positive,positive,positive,0.5376441,True,correct
3412,image_3413.jpg,I'M SICK OF POLITICS Cederos otrios ThePas otion HERES A PICTURE OF MICHELLE OBAMA RIDING A'UNICORN,I'M SICK OF POLITICS Cederos otrios ThePas otion HERES A PICTURE OF MICHELLE OBAMA RIDING A'UNICORN,very_funny,general,very_offensive,motivational,positive,positive,positive,negative,0.7250629,False,positive -> negative
2566,image_2567.jpg,My boss told me to Have a good day... so I went home,My boss told me to Have a good day... so I went home,hilarious,twisted_meaning,not_offensive,motivational,positive,positive,positive,positive,0.9532039,True,correct
146,image_147.jpg,When I get sad,When I get sad  I stop being sad and be awesome instead. True Story.,hilarious,general,not_offensive,motivational,neutral,neutral,neutral,positive,0.99902284,False,neutral -> positive
5068,image_5069.jpg,When you see someone you pushed out a window 10 fucking years ago drawang,When you see someone you pushed out a window 10 fucking years ago drawang,funny,general,not_offensive,not_motivational,neutral,neutral,neutral,positive,0.8517545,False,neutral -> positive
808,image_809.jpg,O 0090 61% 8:21 PM Tutern Touring I DON'T NEED A PERFECT RELATIONSHIP. I JUST NEED SOMEONE TO ACT SILLY WITH,O 0090 61% 8:21 PM Tutern Touring I DON'T NEED A PERFECT RELATIONSHIP. I JUST NEED SOMEONE TO ACT SILLY WITH  SOMEONE WHO TREATS ME WELL AND LOVES BEING WITH ME MORE THAN ANYTHING.,not_funny,general,not_offensive,not_motivational,positive,positive,positive,positive,0.61072195,True,correct
720,image_721.jpg,WHAT IF I HAD THE GUTS TO QUIT MY JOB? I'D PROBABLY WRITING FOR THE NEW YORKER,WHAT IF I HAD THE GUTS TO QUIT MY JOB? I'D PROBABLY WRITING FOR THE NEW YORKER  GETTTING PAID TO BE FUNNY. BUT JOB'S FUN TOO! I MAN TOMORROW  I-I DON'T HAVE TO WEAR A TIE... quickmeme.com,funny,general,slight,not_motivational,very_positive,positive,positive,neutral,0.43793023,False,positive -> neutral
6943,image_6944.jpg,YOU TELL THAT PENGUIN WITH THE BAD WEAVE KEEP MESSING WITH AYOOLA,YOU TELL THAT PENGUIN WITH THE BAD WEAVE KEEP MESSING WITH AYOOLA  AND THAT WEAVE WILL BE EATING PAVEMENT! quickmeme.com,funny,general,slight,not_motivational,neutral,neutral,neutral,positive,0.9336161,False,neutral -> positive
4548,image_4549.jpg,me when a person is hurt me when a direwolf is on Game of Thrones hurt on Game of Thrones,me when a person is hurt me when a direwolf is on Game of Thrones hurt on Game of Thrones,very_funny,twisted_meaning,slight,motivational,positive,positive,positive,negative,0.5419773,False,positive -> negative
5620,image_5621.jpg,"SO I'M NOT ""AMEME"" PERHAPS I DON'T ""TRANSLATE WELL TO THE INTERNET"" MAYBE I'M TOO OLD OF A REFRENCE FOR REDDIT TO GET""","SO I'M NOT ""AMEME"" PERHAPS I DON'T ""TRANSLATE WELL TO THE INTERNET"" MAYBE I'M TOO OLD OF A REFRENCE FOR REDDIT TO GET""",very_funny,general,not_offensive,not_motivational,positive,positive,positive,negative,0.5383378,False,positive -> negative
5457,image_5458.png,When ur mom brushes ur hair and tells you what a handsome boy u are Tank Sinatra,When ur mom brushes ur hair and tells you what a handsome boy u are Tank Sinatra,funny,not_sarcastic,not_offensive,not_motivational,neutral,neutral,neutral,positive,0.87204623,False,neutral -> positive
551,image_552.jpg,Can YOU see the angry bunny face?,Can YOU see the angry bunny face?,very_funny,not_sarcastic,not_offensive,not_motivational,positive,positive,positive,positive,0.9923586,True,correct
2812,image_2813.jpg,WHAT IF I TOLD YOU THE RED DOT IS CONTROLLED BY A HUMAN,WHAT IF I TOLD YOU THE RED DOT IS CONTROLLED BY A HUMAN,funny,very_twisted,not_offensive,motivational,negative,negative,negative,positive,0.9643232,False,negative -> positive
6685,image_6686.jpg,PRESDENT OBAMA REACHING OUT TO FEMALE VOTERS POLITICALMEMES.BLOGSPOT.COM,PRESDENT OBAMA REACHING OUT TO FEMALE VOTERS POLITICALMEMES.BLOGSPOT.COM,funny,twisted_meaning,slight,motivational,neutral,neutral,neutral,positive,0.9921595,False,neutral -> positive
5506,image_5507.jpg,WE CANTALL BE THE PRINCESS SOMEONE HAS TO SIT ON THE CURB AND CLAP ASI GO BY,WE CAN'T ALL BE THE PRINCESS SOMEONE HAS TO SIT ON THE CURB AND CLAP AS I GO BY,funny,general,not_offensive,not_motivational,positive,positive,positive,positive,0.80320156,True,correct
721,image_722.jpg,Chandler Trolling on someone else's account BEFORE IT WAS COOL,Chandler Trolling on someone else's account BEFORE IT WAS COOL,funny,not_sarcastic,not_offensive,not_motivational,positive,positive,positive,positive,0.87653893,True,correct
3463,image_3464.jpg,I LOVE RAHUL GANDHI A.K.A AKASH PRIYADARSHI makeameme.org,I LOVE RAHUL GANDHI A.K.A AKASH PRIYADARSHI makeameme.org,funny,general,not_offensive,not_motivational,positive,positive,positive,positive,0.5142541,True,correct
5177,image_5178.jpg,WILL NOT FINISH IN LAST PLACE THIS YEAR.... STROS @OUSTON 441 DUSTOR STRD STROS IN THE NL CENTRAL,WILL NOT FINISH IN LAST PLACE THIS YEAR.... STROS @OUSTON 441 DUSTOR STRD STROS IN THE NL CENTRAL,funny,not_sarcastic,slight,motivational,positive,positive,positive,positive,0.9929097,True,correct
5480,image_5481.png,LOGAN X-MEN EVOLUTION MARVEL DA DEPRESSAO X-23.,LOGAN X-MEN EVOLUTION MARVEL DA DEPRESSAO X-23.,hilarious,twisted_meaning,very_offensive,motivational,positive,positive,positive,neutral,0.71711195,False,positive -> neutral
4030,image_4031.jpg,IN A HURRY TO GET ON BASE? NOT BEFORE I TELL THE STORY OF MY LIFE TO THE GATE GUARD,IN A HURRY TO GET ON BASE? NOT BEFORE I TELL THE STORY OF MY LIFE TO THE GATE GUARD,funny,general,not_offensive,not_motivational,positive,positive,positive,positive,0.9895718,True,correct
4018,image_4019.jpg,HAVE YOU TRIED TURNING IT OFF AND ON AGAIN? imgflip.com,HAVE YOU TRIED TURNING IT OFF AND ON AGAIN? imgflip.com,funny,general,slight,motivational,very_positive,positive,positive,positive,0.96733576,True,correct
2732,image_2733.jpg,DOES ANYONE ELSE WISH WE COULD TRADE THESE 3 PEOPLE TO GET THESE 3 PEOPLE BACK?,DOES ANYONE ELSE WISH WE COULD TRADE THESE 3 PEOPLE TO GET THESE 3 PEOPLE BACK?,not_funny,general,slight,not_motivational,positive,positive,positive,negative,0.55884886,False,positive -> negative
4972,image_4973.jpg,STILL A BETTER LOVE STORY WAZZZUUUUPPPPP!!! WAAZUUUUUUP THAN TWILIGHT nalo.com WAAZZZUUUUUPPO,STILL A BETTER LOVE STORY WAZZZUUUUPPPPP!!! WAAZUUUUUUP THAN TWILIGHT nalo.com WAAZZZUUUUUPPO,very_funny,twisted_meaning,very_offensive,not_motivational,negative,negative,negative,positive,0.94038296,False,negative -> positive
4492,image_4493.jpg,STEP 1. COMEUP WITH A RANDOM THOUGHT STEP 2. PUT IT NEXT TO A MINION DOING SOMETHING TOTALLY UNRELATED TO THE THOUGHT TheWorks.co.uk <BECAUSE APPARENTLY AN IDEA CANTBE CONVEYED PROPERLY IF IT ISN'T WRITTEN NEXT TOAMINION>,STEP 1. COMEUP WITH A RANDOM THOUGHT STEP 2. PUT IT NEXT TO A MINION DOING SOMETHING TOTALLY UNRELATED TO THE THOUGHT TheWorks.co.uk,not_funny,twisted_meaning,not_offensive,not_motivational,very_positive,positive,positive,positive,0.98944587,True,correct
4961,image_4962.jpg,Give me India for 20 years and.. I will give you a developed nation. Pappu leave India for 20 years with family.. It will automatically become a developed nation!,Give me India for 20 years and.. I will give you a developed nation. Pappu leave India for 20 years with family.. It will automatically become a developed nation!,very_funny,twisted_meaning,slight,not_motivational,positive,positive,positive,positive,0.95985043,True,correct
1033,image_1034.jpg,"Andrew J Abernathy @ajabernathy Follow v Looking up stock photos for work and I think I found ""distracted bf"" girl. 2:16 PM - 20 Nov 2017","Andrew J Abernathy @ajabernathy Follow v Looking up stock photos for work and I think I found ""distracted bf"" girl. 2:16 PM - 20 Nov 2017",funny,twisted_meaning,slight,not_motivational,neutral,neutral,neutral,positive,0.99574524,False,neutral -> positive
5925,image_5926.jpg,MIDDLE SCHOOL HIGH SCHOOL BEB VISIT IGI THEBLERDVISION COLLEGE 9-5 JOB...,MIDDLE SCHOOL HIGH SCHOOL BEB VISIT IGI THEBLERDVISION COLLEGE 9-5 JOB...,hilarious,twisted_meaning,very_offensive,motivational,positive,positive,positive,neutral,0.9729682,False,positive -> neutral
2454,image_2455.jpg,- It is not our fight - Are we not part of this world? - No,- It is not our fight - Are we not part of this world? - No  we are not even in the book!,not_funny,very_twisted,very_offensive,not_motivational,positive,positive,positive,positive,0.9564615,True,correct
2085,image_2086.jpg,THE AMOUNT OF HITLER MEMES IS TOO DAMN HIGH memecenter.com Memetenter,THE AMOUNT OF HITLER MEMES IS TOO DAMN HIGH memecenter.com Memetenter,very_funny,general,very_offensive,not_motivational,positive,positive,positive,positive,0.6873411,True,correct
456,image_457.jpg,WHERE TOP DONT YOU EVER DISINFECT THIS TAXI imgflip.com,WHERE TOP DONT YOU EVER DISINFECT THIS TAXI imgflip.com,funny,twisted_meaning,slight,motivational,neutral,neutral,neutral,positive,0.9641151,False,neutral -> positive
6712,image_6713.jpg,"Keayallvill zee they always say ""weird flex but okay"" but never ""weird flex","Keayallvill zee they always say ""weird flex but okay"" but never ""weird flex but okay"" but never ""weired flex  are you okay?""",not_funny,general,slight,motivational,positive,positive,positive,positive,0.70199674,True,correct
3296,image_3297.png,GOOD JOB PUTIN memes.com,GOOD JOB BRILLIANT! PUTIN memes.com,very_funny,general,very_offensive,not_motivational,neutral,neutral,neutral,positive,0.824672,False,neutral -> positive
3205,image_3206.png,WHY THE FUCK IS THIS NOT ALREADY CONFIRMED,WHY THE FUCK IS THIS NOT ALREADY CONFIRMED,very_funny,general,slight,not_motivational,positive,positive,positive,positive,0.9836272,True,correct
5150,image_5151.jpg,"THE WOMAN WHO INVENTED THE PHRASE ""ALL GUYS ARE THE SAME"" WAS A CHINESE WOMAN WHO LOST HER HUSBAND IN A CROWD INCHINA.","THE WOMAN WHO INVENTED THE PHRASE ""ALL GUYS ARE THE SAME"" WAS A CHINESE WOMAN WHO LOST HER HUSBAND IN A CROWD IN CHINA.",hilarious,twisted_meaning,not_offensive,not_motivational,very_positive,positive,positive,neutral,0.9727108,False,positive -> neutral
2490,image_2491.jpg,I WOULD MAKE ANOTHER LOTR JOKE BUT ALL THE GOOD ONES ARAGORN quickmem,I WOULD MAKE ANOTHER LOTR JOKE BUT ALL THE GOOD ONES ARAGORN quickmem,very_funny,general,very_offensive,motivational,very_positive,positive,positive,positive,0.643731,True,correct
6841,image_6842.png,When you're on the Titanic DIE me_irl,When you're on the Titanic DIE me_irl,funny,not_sarcastic,not_offensive,not_motivational,positive,positive,positive,neutral,0.47087452,False,positive -> neutral
2618,image_2619.jpg,Dear McDonalds,Dear McDonalds  thank you for not serving hot dogs. I don't think I could order a super-sized McWeiner with a straight face.,funny,general,slight,motivational,neutral,neutral,neutral,positive,0.93450797,False,neutral -> positive
3423,image_3424.png,NO ONE IS BORN RACIST,NO ONE IS BORN RACIST  IT'S TAUGHT QUIT TEACHING IT,funny,twisted_meaning,not_offensive,motivational,very_positive,positive,positive,positive,0.9940745,True,correct
874,image_875.png,I'M A COUNTRY MUSIC SINGER wehatepopcountry.com AND I HAVE OCEAN FRONT PROPERTY IN ARIZONA,I'M A COUNTRY MUSIC SINGER wehatepopcountry.com AND I HAVE OCEAN FRONT PROPERTY IN ARIZONA,very_funny,twisted_meaning,not_offensive,not_motivational,positive,positive,positive,neutral,0.65684193,False,positive -> neutral
4321,image_4322.png,CAN'T FIND MAGNETO OR READ HIS MIND DUE TO THAT FANCY HELMET NEVER EVEN THINKS OF TARGETING THE BLUE BITCH ALWAYS AT HIS SIDE made on imgur,CAN'T FIND MAGNETO OR READ HIS MIND DUE TO THAT FANCY HELMET NEVER EVEN THINKS OF TARGETING THE BLUE BITCH ALWAYS AT HIS SIDE made on imgur,funny,general,slight,motivational,neutral,neutral,neutral,positive,0.9386357,False,neutral -> positive
4983,image_4984.jpg,THERE IS NO SUCH THING AS GLOBAL WARMING,THERE IS NO SUCH THING AS GLOBAL WARMING,not_funny,very_twisted,very_offensive,not_motivational,positive,positive,positive,negative,0.66242516,False,positive -> negative
1634,image_1635.jpg,TODAY IS GIUSEPPE'S BIRTHDAY 0000 GIVE HIM A BIRTHDAY WISH HE CAN'T REFUSE imgflip.com,TODAY IS GIUSEPPE'S BIRTHDAY GIVE HIM A BIRTHDAY WISH HE CAN'T REFUSE imgflip.com,funny,not_sarcastic,not_offensive,not_motivational,neutral,neutral,neutral,positive,0.9552824,False,neutral -> positive
1931,image_1932.jpg,THE YEAR HILLARY CLINTON WENT AS HERSELF FOR HALLOWEEN imgflip.com,THE YEAR HILLARY CLINTON WENT AS HERSELF FOR HALLOWEEN imgflip.com,funny,general,slight,not_motivational,neutral,neutral,neutral,positive,0.98553294,False,neutral -> positive
6957,image_6958.jpg,I TRIED TO BE FRIENDZONED I FAILED Yeah right. Only girl that that friendzoned him! EPIC! memecenter.com Memetenter.com,I TRIED TO BE FRIENDZONED,very_funny,very_twisted,very_offensive,motivational,very_positive,positive,positive,positive,0.95162654,True,correct
2514,image_2515.jpg,Shot my first turkey today... Scared the crap out of everyone in the frozen food section. I was Awesome!,Shot my first turkey today... Scared the crap out of everyone in the frozen food section. I was Awesome!,funny,not_sarcastic,not_offensive,motivational,positive,positive,positive,positive,0.9860513,True,correct
6810,image_6811.jpg,CHUCK NORRIS GOT A COMPUTER VIRUS AND IT DIED memegenerator.net,CHUCK NORRIS GOT A COMPUTER VIRUS AND IT DIED memegenerator.net,funny,general,not_offensive,not_motivational,positive,positive,positive,neutral,0.57324314,False,positive -> neutral
5154,image_5155.jpg,January 17,January 17 1964 - Michelle Obama was born. She turns 54 years old.,not_funny,not_sarcastic,very_offensive,not_motivational,negative,negative,negative,positive,0.44811803,False,negative -> positive
1220,image_1221.jpg,Hey girl. I do not need a binder of women since I have an overall commitment to fair and inclusive hiring practices at all times.,Hey girl. I do not need a binder of women since I have an overall commitment to fair and inclusive hiring practices at all times.,not_funny,general,not_offensive,not_motivational,neutral,neutral,neutral,positive,0.958271,False,neutral -> positive
317,image_318.jpg,RIP to those we've lost in 2018 00 MICAVE @lenicritic333,RIP to those we've lost in 2018 MICAVE @lenicritic333,hilarious,general,slight,motivational,positive,positive,positive,positive,0.987884,True,correct
6507,image_6508.jpg,Simone Giertz THATS MY GIRL imgflip.com,Simone Giertz THATS MY GIRL imgflip.com,very_funny,very_twisted,slight,motivational,positive,positive,positive,positive,0.7711955,True,correct
6189,image_6190.jpg,google number one most searched item on Bing for 28th straight month MemeCenter.com I guide others to a treasure that I cannot possess,google number one most searched item on Bing for 28th straight month MemeCenter.com I guide others to a treasure that I cannot possess,hilarious,general,very_offensive,motivational,neutral,neutral,neutral,positive,0.94389755,False,neutral -> positive
6,image_7.png,10 years challenge is lit af Üs & B erg 1945 1955 Wow such transformation!,10 years challenge is lit af Üs & B erg 1945 1955 Wow such transformation!,not_funny,not_sarcastic,not_offensive,not_motivational,negative,negative,negative,neutral,0.9462207,False,negative -> neutral
1434,image_1435.jpeg,LOOK AT THAT,LOOK AT THAT GENE...THEY STILL LOVE US imgflip.com,not_funny,general,hateful_offensive,motivational,very_positive,positive,positive,positive,0.993946,True,correct
914,image_915.jpg,HERE'S HOW DEADPOOL MADE HIS DREAM COME TRUE,HERE'S HOW DEADPOOL AAAARGH MADE HIS DREAM COME TRUE,very_funny,general,slight,motivational,neutral,neutral,neutral,neutral,0.9835518,True,correct
2091,image_2092.png,Everyone: Hitler is the most evil person ever! How could someone just kill 6 million people? Stalin: w/SovietToucan сука блять by Soviet Toucan MORE MEMES,Everyone: Hitler is the most evil person ever! How could someone just kill 6 million people? Stalin: w/SovietToucan сука блять by Soviet Toucan MORE MEMES,not_funny,general,slight,not_motivational,neutral,neutral,neutral,positive,0.98949975,False,neutral -> positive
3520,image_3521.png,A cat who thinks he's a SEAL TOANRASOHERZBURGER.COM,A cat who thinks he's a SEAL ICANHASACHEEZBURGER.COM,funny,general,not_offensive,not_motivational,positive,positive,positive,positive,0.95216817,True,correct
2102,image_2103.jpg,You can't hate Jews when there is no Jews. -Adolf 1942,You can't hate Jews when there is no Jews. -Adolf 1942,funny,general,slight,not_motivational,positive,positive,positive,positive,0.73360634,True,correct
2720,image_2721.jpg,WAITING FOR A WONDER WOMAN MOVIE memegenerator.net,WAITING FOR A WONDER WOMAN MOVIE memegenerator.net,not_funny,not_sarcastic,not_offensive,motivational,neutral,neutral,neutral,neutral,0.5680956,True,correct
6459,image_6460.png,IF I HAD A BRICK FOR EVERY LIE HILLARY TOLD I COULD BUILD TWO WALLS Absolutely!,IF I HAD A BRICK FOR EVERY LIE HILLARY TOLD I COULD BUILD TWO WALLS Absolutely!,hilarious,general,very_offensive,motivational,positive,positive,positive,positive,0.77229494,True,correct
4914,image_4915.jpg,Who's Awesome? wYou're Awesome.,Who's Awesome? wYou're Awesome.,funny,general,not_offensive,motivational,very_positive,positive,positive,positive,0.96856624,True,correct
6942,image_6943.jpg,WE CAN ONLY HAVE ONE DRUNK BABY MEME | YOU'RE GOING TO MAKE ONE OF THEM DISAPPEAR BEFORE MY NAP TIME 9GAG.COM/GAG/5186230,WE CAN ONLY HAVE ONE DRUNK BABY MEME | YOU'RE GOING TO MAKE ONE OF THEM DISAPPEAR BEFORE MY NAP TIME 9GAG.COM/GAG/5186230,not_funny,not_sarcastic,not_offensive,not_motivational,negative,negative,negative,positive,0.74533373,False,negative -> positive
6695,image_6696.jpg,Penguin is Anguin @penjiševodáck,Penguin is Anguin @penjiševodáck,very_funny,not_sarcastic,not_offensive,not_motivational,positive,positive,positive,positive,0.9569926,True,correct
6234,image_6235.jpg,WHEN YOU OUTLIFT SOMEONE BIGGER THAN YOU,WHEN YOU OUTLIFT SOMEONE BIGGER THAN YOU,funny,twisted_meaning,not_offensive,motivational,neutral,neutral,neutral,neutral,0.5518663,True,correct
1901,image_1902.jpg,AND THE WINNER OF THE NFC EAST IS,AND THE WINNER OF THE NFC EAST IS  THE DALLAS COWBOYS!,hilarious,not_sarcastic,not_offensive,motivational,positive,positive,positive,positive,0.97381794,True,correct
931,image_932.png,DailyGeekFacts Deadpool once formed a team with alternate versions of himself. The team consisted of Headpool,DailyGeekFacts Deadpool once formed a team with alternate versions of himself. The team consisted of Headpool  Lady Deadpool  Kid Deadpool  and Dogpool,funny,not_sarcastic,slight,not_motivational,neutral,neutral,neutral,neutral,0.7369703,True,correct
6924,image_6925.jpg,FBI: We need to start updating our facial recognition database Facebook: We could do a 10 year challenge and users will do it for you FBI:,FBI: We need to start updating our facial recognition database Facebook: We could do a 10 year challenge and users will do it for you FBI:,very_funny,general,not_offensive,not_motivational,neutral,neutral,neutral,neutral,0.82859606,True,correct
1658,image_1659.jpg,Game of Thrones' season 8 could potentially not air until 2019 Me: Fb.com/BestofGameofThrones,Game of Thrones' season 8 could potentially not air until 2019 Me: Fb.com/BestofGameofThrones,funny,general,not_offensive,not_motivational,positive,positive,positive,positive,0.8350461,True,correct
2669,image_2670.jpg,FEMINISM. YOU KEEP USING THAT WORD I DO NOT THINK IT MEANS WHAT YOU THINK IT MEANS eiieyeliatuttet,FEMINISM. YOU KEEP USING THAT WORD I DO NOT THINK IT MEANS WHAT YOU THINK IT MEANS memegenerator.net,funny,not_sarcastic,not_offensive,not_motivational,very_positive,positive,positive,neutral,0.6947816,False,positive -> neutral
2874,image_2875.jpg,WAITS WHOLE LIFE FOR ZOMBIE APOCALYPSE GETS INFECTED IN HIS SLEEP,WAITS WHOLE LIFE FOR ZOMBIE APOCALYPSE GETS INFECTED IN HIS SLEEP,very_funny,general,very_offensive,motivational,positive,positive,positive,positive,0.9960906,True,correct
3973,image_3974.jpg,I DON'T ALWAYS DRINK COFFEE Peanut Butter BUNN BECAUSE I'MACAT,I DON'T ALWAYS DRINK COFFEE Peanut Butter BUNN BECAUSE I'M A CAT,funny,twisted_meaning,slight,not_motivational,positive,positive,positive,positive,0.5666104,True,correct
4832,image_4833.png,I WILL FIND YOU AND GET MY TUPPERWARE BACK imgflip.com Liam Neeson Taken Meme - Imgflip,I WILL FIND YOU AND GET MY TUPPERWARE BACK imgflip.com Liam Neeson Taken Meme - Imgflip,funny,general,not_offensive,not_motivational,neutral,neutral,neutral,positive,0.98522633,False,neutral -> positive
805,image_806.jpeg,When she's a good christian but you're still trying to fuck Spotify WORLD OF WARNING CONTAINS OLEPLY OFFENSIVE WATERIAL Your Heart Belongs To Jesus,When she's a good christian but you're still trying to fuck Spotify WORLD OF WARNING CONTAINS OLEPLY OFFENSIVE WATERIAL Your Heart Belongs To Jesus  but your ass belongs to me,not_funny,general,not_offensive,motivational,neutral,neutral,neutral,neutral,0.9721663,True,correct
1530,image_1531.jpg,When bae accidentally pocket dials you and you tryna listen to see if you hear another girl in the background.,When bae accidentally pocket dials you and you tryna listen to see if you hear another girl in the background.,not_funny,not_sarcastic,not_offensive,not_motivational,neutral,neutral,neutral,positive,0.4275094,False,neutral -> positive
4626,image_4627.jpg,School Days Exam Days,School Days Exam Days,very_funny,not_sarcastic,not_offensive,not_motivational,neutral,neutral,neutral,positive,0.66662663,False,neutral -> positive
2779,image_2780.jpg,Mohandas Modi sharing some dank memes with Jawaharlal Nehru in 1947 FCA FILTER COPY,Mohandas Modi sharing some dank memes with Jawaharlal Nehru in 1947 FCA FILTER COPY,hilarious,general,not_offensive,not_motivational,positive,positive,positive,positive,0.9143226,True,correct
4650,image_4651.jpeg,His dream come true XX We are getting a McDonald's!,His dream come true XX We are getting a McDonald's!,very_funny,general,very_offensive,motivational,very_positive,positive,positive,neutral,0.85358983,False,positive -> neutral
3785,image_3786.png,"Spider-man is being treated for cancer after seeing new meme format ""When mom calls you by your full name"" Save spiderman!","Spider-man is being treated for cancer after seeing new meme format ""When mom calls you by your full name"" Save spiderman!",very_funny,twisted_meaning,slight,not_motivational,positive,positive,positive,positive,0.96227,True,correct
3103,image_3104.jpg,My reaction to everything bc I've killed all my brain cells and it takes me a minute to process even the simplest of situations,My reaction to everything bc I've killed all my brain cells and it takes me a minute to process even the simplest of situations,funny,twisted_meaning,not_offensive,not_motivational,positive,positive,positive,neutral,0.9063968,False,positive -> neutral
3578,image_3579.png,"That moment after you throw up and your friend asks you ""YOU GOOD BRO?"" I'M FUCKIN LIT funny.co","That moment after you throw up and your friend asks you ""YOU GOOD BRO?"" I'M FUCKIN LIT ifunny.co",funny,twisted_meaning,very_offensive,motivational,positive,positive,positive,negative,0.59706175,False,positive -> negative
5659,image_5660.jpg,THE LIFE OF A COLLEGESTUDENT,THE LIFE OF A COLLEGE STUDENT,funny,not_sarcastic,slight,not_motivational,very_positive,positive,positive,neutral,0.99225396,False,positive -> neutral
2169,image_2170.png,I hope everybody could get rich and famous and will have everything they ever dreamed of,"I hope everybody could get rich and famous and will have everything they ever dreamed of  so they will know that it's not the answer."" Jim Carrey",very_funny,general,very_offensive,motivational,positive,positive,positive,positive,0.9927954,True,correct
1078,image_1079.jpg,CAN I GET A HUG?,CAN I GET A HUG?,very_funny,twisted_meaning,not_offensive,not_motivational,very_positive,positive,positive,positive,0.8552574,True,correct
3279,image_3280.jpg,VLADIMIR PUTIN NOT KNOWN FOR GIVING A FUCK,VLADIMIR PUTIN NOT KNOWN FOR GIVING A FUCK,not_funny,not_sarcastic,not_offensive,motivational,neutral,neutral,neutral,positive,0.44758523,False,neutral -> positive
1621,image_1622.png,Never hate your enemies,Never hate your enemies  it affect your judgement. The Godfather,funny,general,not_offensive,not_motivational,positive,positive,positive,positive,0.9742795,True,correct
3970,image_3971.jpg,HOW WE TOOK WWWWWWWWWWWWWWWW SNAP-ON TOOLS eco SELFIES IN THE 1980'S imgflip.com,HOW WE TOOK SNAP-ON TOOLS SELFIES IN THE 1980'S imgflip.com,funny,general,very_offensive,not_motivational,negative,negative,negative,neutral,0.9138556,False,negative -> neutral
6232,image_6233.jpg,HEY GUYS LOOK I'M Captain America,HEY GUYS LOOK I'M Captain America,very_funny,not_sarcastic,very_offensive,motivational,very_positive,positive,positive,neutral,0.80855644,False,positive -> neutral
1109,image_1110.png,Two and a half Skrillion Dollars Silly Dr. Evil always dropping the bass,Two and a half Skrillion Dollars Silly Dr. Evil always dropping the bass,funny,twisted_meaning,slight,motivational,very_positive,positive,positive,neutral,0.8151544,False,positive -> neutral
6003,image_6004.jpg,Tom and jerry had the realest beef of all time ... never said a word .. It was just on sight,Tom and jerry had the realest beef of all time ... never said a word .. It was just on sight,not_funny,not_sarcastic,slight,not_motivational,neutral,neutral,neutral,neutral,0.5244316,True,correct
3885,image_3886.jpg,My job is not to be easy on people. My job is to make them better. - Steve Jobs,My job is not to be easy on people. My job is to make them better. - Steve Jobs,not_funny,not_sarcastic,not_offensive,motivational,very_positive,positive,positive,neutral,0.8693674,False,positive -> neutral
435,image_436.jpg,THIS IS BILL Bill likes to eat. Bill doesn't leave his dirty dishes in the sink. Bill is Smart Be like Bill.,THIS IS BILL Bill likes to eat. Bill doesn't leave his dirty dishes in the sink. Bill is Smart Be like Bill.,hilarious,general,not_offensive,not_motivational,neutral,neutral,neutral,positive,0.81037503,False,neutral -> positive
2355,image_2356.jpg,LIAM HOWLETT DRINKS DUFF BEER LIKE A BOSS quickmeme.com,LIAM HOWLETT DRINKS DUFF BEER LIKE A BOSS quickmeme.com,not_funny,general,slight,not_motivational,negative,negative,negative,positive,0.99362814,False,negative -> positive
948,image_949.png,RT @leoactivity: Leonardo DiCaprio and Kate Moss on their way to an art show in New York City (1993) https://t.co/sbbaLog2Qq.,RT @leoactivity: Leonardo DiCaprio and Kate Moss on their way to an art show in New York City (1993) https://t.co/sbbaLog2Qq.,very_funny,general,very_offensive,motivational,very_positive,positive,positive,positive,0.6322287,True,correct
6162,image_6163.jpg,DAY 11: THE DOG STILL THINKS I'M FUR,DAY 11: THE DOG STILL THINKS I'M FUR,very_funny,general,hateful_offensive,not_motivational,very_positive,positive,positive,neutral,0.8497604,False,positive -> neutral
11,image_12.jpg,State Dining Room in the White House: 2009 vs. 2019 boredpanda.com,State Dining Room in the White House: 2009 vs. 2019 boredpanda.com,not_funny,very_twisted,very_offensive,not_motivational,very_positive,positive,positive,positive,0.53165054,True,correct
4901,image_4902.jpg,The Mather WE'LL CALL THE FRANCHISE DOMINO'S PIZZA AND MAKE AN OFFER THEY CAN'T REFUSE. 03 16 PARMESAN BREAD BITES FOR $1 AND 2-MEDIUM 2-TOPPING PIZZAS FOR $5.99 EACH THE GODFATHER TRILOGY jgeoff.com/godfather! CRONO 2 P ort Rount Corporation Alagam,The Mather WE'LL CALL THE FRANCHISE DOMINO'S PIZZA AND MAKE AN OFFER THEY CAN'T REFUSE. 03 16 PARMESAN BREAD BITES FOR $1 AND 2-MEDIUM 2-TOPPING PIZZAS FOR $5.99 EACH THE GODFATHER TRILOGY jgeoff.com/godfather! CRONO 2 P ort Rount Corporation Alagam,not_funny,not_sarcastic,not_offensive,not_motivational,positive,positive,positive,positive,0.8463995,True,correct
354,image_355.jpg,,THE METAL IS STRONG WITH THIS ONE memegenerator.net,very_funny,general,very_offensive,not_motivational,negative,negative,negative,positive,0.97868425,False,negative -> positive
1433,image_1434.jpg,SO YOU LIKE STRAIGHTENING YOUR HAIR... TELL ME MORE ABOUT HOW DOES IT MAKE YOU LOOK LIKE ME SO YOU LIKE BEING SARCASTIC... TELL ME MORE ABOUT YOUR OTHER AWESOME MOVIES,SO YOU LIKE STRAIGHTENING YOUR HAIR... TELL ME MORE ABOUT HOW DOES IT MAKE YOU LOOK LIKE ME SO YOU LIKE BEING SARCASTIC... TELL ME MORE ABOUT YOUR OTHER AWESOME MOVIES,funny,very_twisted,very_offensive,motivational,very_positive,positive,positive,positive,0.99815124,True,correct
299,image_300.jpg,Perspective everything ARHtistic License.com,Perspective everything ARHtistic License.com,not_funny,not_sarcastic,not_offensive,motivational,very_positive,positive,positive,positive,0.9536367,True,correct
3755,image_3756.jpg,DONT MIND ME JUST DOING SOME REDECORATING,DONT MIND ME JUST DOING SOME REDECORATING,very_funny,general,very_offensive,motivational,neutral,neutral,neutral,positive,0.8577329,False,neutral -> positive
221,image_222.png,Mr. Bean loves his rides to the Vet,Mr. Bean loves his rides to the Vet  this time he got to see snow for the first time.,very_funny,general,slight,not_motivational,positive,positive,positive,positive,0.9362108,True,correct
1277,image_1278.jpg,WHY NOT STUDY PALAEONTOLOGY? imgflip.com,WHY NOT STUDY PALAEONTOLOGY? imgflip.com,funny,general,slight,not_motivational,very_positive,positive,positive,positive,0.9871027,True,correct
2912,image_2913.jpg,HEY BRIAN 03/20/2008 HOW DOES PIE SOUND FOR DESSERT? emegenerator.net,HEY BRIAN 03/20/2008 HOW DOES PIE SOUND FOR DESSERT? emegenerator.net,very_funny,general,slight,motivational,negative,negative,negative,positive,0.9163555,False,negative -> positive
4148,image_4149.png,NICE JOB,NICE JOB SEARS. nice job  sears-titanic sinking | Meme Genrator,not_funny,general,not_offensive,not_motivational,positive,positive,positive,positive,0.601406,True,correct
4367,image_4368.jpg,THINK YOU MAKE AN ORIGINAL MEME PULL A MARK ZUCKERBERG INSTEAD quickmeme.com,THINK YOU MAKE AN ORIGINAL MEME PULL A MARK ZUCKERBERG INSTEAD quickmeme.com,funny,general,not_offensive,not_motivational,positive,positive,positive,positive,0.6316119,True,correct
1587,image_1588.png,Steal his look Giorgio Armani Gold Aviators $305 Brunello Cucinelli Men's Cream Blazer $305 Sweetkaratemoves Burberry Cambridge Slim Fit Button Down $305 Gucci Custom Tailored Slacks $305 Italian Silk Pocket Square $305 i just realised my last 3 posts are lazytown,Steal his look Giorgio Armani Gold Aviators $305 Brunello Cucinelli Men's Cream Blazer $305 Sweetkaratemoves Burberry Cambridge Slim Fit Button Down $305 Gucci Custom Tailored Slacks $305 Italian Silk Pocket Square $305 i just realised my last 3 posts are lazytown,not_funny,general,not_offensive,not_motivational,positive,positive,positive,positive,0.548102,True,correct
476,image_477.jpg,You know what they say. Revenge is a dish best served nude! -Sheldon Cooper THE BIG BANG THEORY Thursdays 8/7c OCBS,You know what they say. Revenge is a dish best served nude! -Sheldon Cooper THE BIG BANG THEORY Thursdays 8/7c OCBS,very_funny,general,slight,motivational,very_positive,positive,positive,positive,0.9990081,True,correct
3448,image_3449.jpg,CRYPTOCURRENCY CREATED IN BLOUSE OF VEG SELLER - RAHUL GANDHI,CRYPTOCURRENCY CREATED IN BLOUSE OF VEG SELLER - RAHUL GANDHI,very_funny,general,slight,motivational,positive,positive,positive,positive,0.9742371,True,correct
1206,image_1207.png,FEMINISM BECAUSE RICH WHITE GIRLS NEED TO FEEL OPPRESSED TOO,FEMINISM BECAUSE RICH WHITE GIRLS NEED TO FEEL OPPRESSED TOO,not_funny,twisted_meaning,not_offensive,not_motivational,positive,positive,positive,negative,0.9745812,False,positive -> negative
5785,image_5786.png,DEADPOOL CHRISTMAS MOVIE TITLE REPORTEDLY SET TO BE 'THE DEADPOOL BEFORE CHRISTMAS,DEADPOOL CHRISTMAS MOVIE TITLE REPORTEDLY SET TO BE 'THE DEADPOOL BEFORE CHRISTMAS,very_funny,general,slight,not_motivational,very_positive,positive,positive,positive,0.8610583,True,correct
4012,image_4013.jpg,VIRUS SCAN? AINT NOBODY GOT TIME FOR THAT! imgflip.com,VIRUS SCAN? AINT NOBODY GOT TIME FOR THAT! imgflip.com,very_funny,general,slight,not_motivational,very_positive,positive,positive,positive,0.99217093,True,correct
3952,image_3953.jpg,FINALLY GOT SOME PUBIC HAIR imgflip.com,FINALLY GOT SOME PUBIC HAIR imgflip.com,funny,not_sarcastic,slight,not_motivational,positive,positive,positive,neutral,0.8347351,False,positive -> neutral
6805,image_6806.jpg,Tsunami - T is silent Honest - H is silent ! Information Technology Memes information Technology Memes Island - S is silent Queue - ueue is silent Issue - Developer is silent,Tsunami - T is silent Honest - H is silent ! Information Technology Memes information Technology Memes Island - S is silent Queue - ueue is silent Issue - Developer is silent,very_funny,general,not_offensive,not_motivational,positive,positive,positive,positive,0.99343455,True,correct
2576,image_2577.jpg,If people are talking about you behind your back,If people are talking about you behind your back  Then Just  fart!,very_funny,not_sarcastic,very_offensive,not_motivational,positive,positive,positive,positive,0.80827034,True,correct
2675,image_2676.jpg,me after having a five minute conversation with a drunk girl im meeting for the first time She is the mother I've never had,me after having a five minute conversation with a drunk girl im meeting for the first time She is the mother I've never had  she is the sister everybody  would want  and the friend everybody deserves. i don't know a better person.,very_funny,twisted_meaning,very_offensive,not_motivational,negative,negative,negative,neutral,0.7226555,False,negative -> neutral
1840,image_1841.png,Harry Potter and the mystery of Russian public transport.,Harry Potter and the mystery of Russian public transport.,not_funny,twisted_meaning,not_offensive,not_motivational,positive,positive,positive,positive,0.5154967,True,correct
6398,image_6399.jpg,We're gonna build a wall around these wildlings. They are murderers and rapist. Some l assume,"We're gonna build a wall around these wildlings. They are murderers and rapist. Some l assume  are good people"". Make the Nights Watch great again",very_funny,general,not_offensive,not_motivational,positive,positive,positive,neutral,0.6216328,False,positive -> neutral
234,image_235.png,Mr. Bean taught me one thing in life. Enjoy your own company instead of expecting someone else to make you happy.,Mr. Bean taught me one thing in life. Enjoy your own company instead of expecting someone else to make you happy.,funny,general,slight,not_motivational,neutral,neutral,neutral,neutral,0.7286832,True,correct
5652,image_5653.png,THERE IS NO SUCH THING AS GLOBAL WARMING Chuck Norris memes without bottom text - Album on Imgur,THERE IS NO SUCH THING AS GLOBAL WARMING Chuck Norris memes without bottom text - Album on Imgur,not_funny,not_sarcastic,slight,motivational,positive,positive,positive,positive,0.9970059,True,correct
651,image_652.jpg,BIBLICAL BRAVE ASPLORER KITTEHS ON A QUEST TO FIND THE GARDEN OF EATIN,BIBLICAL BRAVE ASPLORER KITTEHS ON A QUEST TO FIND THE GARDEN OF EATIN.,hilarious,not_sarcastic,slight,not_motivational,positive,positive,positive,positive,0.885956,True,correct
3449,image_3450.jpg,Rahul Gandhi caught stealing AALU tikki from customers in McDonald. He said that he will turn them into #RahulGandhi,Rahul Gandhi caught stealing AALU tikki from customers in McDonald. He said that he will turn them into #RahulGandhi,not_funny,not_sarcastic,hateful_offensive,not_motivational,very_negative,negative,negative,neutral,0.9564698,False,negative -> neutral
6307,image_6308.jpg,WHEN YOU AND YOUR FRIEND VIA 9GAG.COM SAY THE SAME THING AT THE SAME TIME MEMEFUL.COM,WHEN YOU AND YOUR FRIEND VIA 9GAG.COM SAY THE SAME THING AT THE SAME TIME MEMEFUL.COM,funny,not_sarcastic,not_offensive,motivational,positive,positive,positive,positive,0.60036993,True,correct
2218,image_2219.jpg,say you're a veteran who opposes the war and the current president and nobody bats an eye say you're a veteran who hates troop worship and nationalism and everyone loses their minds quickmeme.com,say you're a veteran who opposes the war and the current president and nobody bats an eye say you're a veteran who hates troop worship and nationalism and everyone loses their minds quickmeme.com,not_funny,twisted_meaning,hateful_offensive,not_motivational,very_negative,negative,negative,negative,0.93109167,True,correct
3712,image_3713.jpg,LOYALTY IS RARE. CHERISH IT. INSTAGRAM | UPSCALEQUOTES,LOYALTY IS RARE. CHERISH IT. INSTAGRAM | UPSCALEQUOTES,very_funny,twisted_meaning,very_offensive,not_motivational,very_negative,negative,negative,positive,0.9865914,False,negative -> positive
5423,image_5424.jpg,Chuck Norris frequently donates blood to the Red Cross. Just never his own. -,Chuck Norris frequently donates blood to the Red Cross. Just never his own. -,very_funny,very_twisted,slight,motivational,positive,positive,positive,negative,0.8088168,False,positive -> negative
6828,image_6829.jpg,OKAY,OKAY,hilarious,twisted_meaning,hateful_offensive,motivational,very_positive,positive,positive,positive,0.72585994,True,correct
2429,image_2430.jpeg,ONE DOES NOT SIMPLY WALK INTO MORDOR ALSO,ONE DOES NOT SIMPLY WALK INTO MORDOR,very_funny,general,slight,not_motivational,positive,positive,positive,neutral,0.97906256,False,positive -> neutral
4975,image_4976.jpg,"my fave part of ""the godfather"" is when his mustache turns into a tree STARECAT.COM","my fave part of ""the godfather"" is when his mustache turns into a tree STARECAT.COM",not_funny,not_sarcastic,not_offensive,not_motivational,positive,positive,positive,neutral,0.5701524,False,positive -> neutral
5628,image_5629.png,BRAGS FOR ATTENTION ACCUSES YOU OF SEXISM DIYLOL.COM,BRAGS FOR ATTENTION ACCUSES YOU OF SEXISM DIYLOL.COM,funny,not_sarcastic,slight,not_motivational,positive,positive,positive,positive,0.7896109,True,correct
442,image_443.jpg,Can you pay my telephone bills Can you pay my automobiles Maybe then we can chill Maybe!?,Can you pay my telephone bills Can you pay my automobiles Maybe then we can chill Maybe!?,very_funny,twisted_meaning,not_offensive,not_motivational,positive,positive,positive,positive,0.8921727,True,correct
6196,image_6197.jpg,CHUCK NORRIS FACT OF THE DAY.. CHUCK NORRIS ONCE ATE A RUBIX CUBE AND SHIT IT OUT SOLVED f @SleepyPanda.me @SleepyPanda.me y @SleepyPandame,CHUCK NORRIS FACT OF THE DAY.. CHUCK NORRIS ONCE ATE A RUBIX CUBE AND SHIT IT OUT SOLVED,hilarious,very_twisted,very_offensive,motivational,negative,negative,negative,neutral,0.94406325,False,negative -> neutral
2202,image_2203.jpeg,To practice for his role in the new Joker film,To practice for his role in the new Joker film  Jaoquin Phoenix became a gamer and lived in society for 984 days,funny,general,slight,not_motivational,neutral,neutral,neutral,neutral,0.48309687,True,correct
4245,image_4246.png,,I inherited a mess! - Donald Trump. No  you inherited a fortune. We elected a mess!,very_funny,twisted_meaning,slight,motivational,very_positive,positive,positive,positive,0.9641378,True,correct
1732,image_1733.jpg,IF MONDAY MORNING WAS A PERSON,IF MONDAY MORNING WAS A PERSON,not_funny,general,slight,not_motivational,neutral,neutral,neutral,positive,0.75861657,False,neutral -> positive
6746,image_6747.png,Moscow Anonymous sources say that Russia is funding the Russian Army CM 2:30 PM CET Intelligence 100 Putin is actually Vladimir,Moscow Anonymous sources say that Russia is funding the Russian Army CNN 2:30 PM CET Intelligence 100 Putin is actually Vladimir,funny,general,slight,motivational,positive,positive,positive,negative,0.9374644,False,positive -> negative
5996,image_5997.jpg,WHEN YOU GO DOWN ON YOUR GIRL NEXT TIME ENJOY THE SMELL OF MY BALLS memegen memegenerator.net,WHEN YOU GO DOWN ON YOUR GIRL NEXT TIME ENJOY THE SMELL OF MY BALLS memegen memegenerator.net,not_funny,not_sarcastic,not_offensive,not_motivational,negative,negative,negative,neutral,0.5362489,False,negative -> neutral
4536,image_4537.jpg,REMEMBER THAT TIME YOU COLLUDED WITH RUSSIA BUT LOST THE ELECTION SO YOU ACCUSED TRUMP OF COLLUDING WITH RUSSIA BUT THEN EVERYONE FOUND OUT IT WAS REALLY YOU? THAT WAS AWESOME Almedin.com,REMEMBER THAT TIME YOU COLLUDED WITH RUSSIA BUT LOST THE ELECTION SO YOU ACCUSED TRUMP OF COLLUDING WITH RUSSIA BUT THEN EVERYONE FOUND OUT IT WAS REALLY YOU? THAT WAS AWESOME imgflip.com,very_funny,twisted_meaning,slight,motivational,very_positive,positive,positive,negative,0.5468376,False,positive -> negative
920,image_921.jpg,IF YOU DON'T SEE MY MOVIE BAD THINGS WILL HAPPEN imgflip.com,IF YOU DON'T SEE MY MOVIE BAD THINGS WILL HAPPEN imgflip.com,very_funny,general,very_offensive,not_motivational,very_positive,positive,positive,neutral,0.6339833,False,positive -> neutral
36,image_37.png,No plot info No action Only like 5 characters appear Big surprise title reveal is the same one fans have been guessing for months Know literally the same amount about the movie as I did before the trailer,No plot info No action Only like 5 characters appear Big surprise title reveal is the same one fans have been guessing for months Know literally the same amount about the movie as I did before the trailer,funny,general,slight,not_motivational,very_positive,positive,positive,positive,0.9350335,True,correct
5322,image_5323.jpg,WHAT IF I TOLD YOU THAT MOST UK MUSLIMS ARE BRITISH,WHAT IF I TOLD YOU THAT MOST UK MUSLIMS ARE BRITISH,funny,twisted_meaning,slight,motivational,positive,positive,positive,positive,0.9822103,True,correct
2545,image_2546.jpg,When a girl tells you about her problems,When a girl tells you about her problems  it does not means that she's complaining  it means she trusts you<3,not_funny,very_twisted,very_offensive,not_motivational,positive,positive,positive,positive,0.99795437,True,correct
5602,image_5603.jpg,HEY! THAT'S MY SPOT! memegenerator.net,HEY! THAT'S MY SPOT! memegenerator.net,very_funny,twisted_meaning,slight,motivational,positive,positive,positive,positive,0.87545186,True,correct
5063,image_5064.jpg,Never thought I'd die fighting side by side with an Orc. What about side by side with a friend? Aye. I could do that.,Never thought I'd die fighting side by side with an Orc. What about side by side with a friend? Aye. I could do that.,very_funny,general,hateful_offensive,motivational,negative,negative,negative,neutral,0.9040754,False,negative -> neutral
24,image_25.jpg,LANGUAGE! (..REALLY? REALLY IG BLERD.VISION ...DID WE JUST BECOME BEST FRIENDS?! ...LATER,LANGUAGE! (..REALLY? IG BLERD.VISION ...DID WE JUST BECOME BEST FRIENDS?! ...LATER,not_funny,not_sarcastic,not_offensive,not_motivational,neutral,neutral,neutral,neutral,0.99807596,True,correct
4327,image_4328.jpg,So,So  what is his powers?,hilarious,general,slight,not_motivational,positive,positive,positive,neutral,0.8029789,False,positive -> neutral
4201,image_4202.jpg,I AM NOT SLEEPING. JUST RESTING MY EYES.,I AM NOT SLEEPING. JUST RESTING MY EYES.,very_funny,general,slight,motivational,neutral,neutral,neutral,positive,0.6196318,False,neutral -> positive
70,image_71.jpg,"72:27 The Lord of the G-Strings: The Femaleship of the String y don'kthink Gandalf meant for us to come to come this way""","72:27 The Lord of the G-Strings: The Femaleship of the String y don'kthink Gandalf meant for us to come to come this way""",funny,not_sarcastic,slight,not_motivational,positive,positive,positive,positive,0.76864535,True,correct
198,image_199.jpg,OLYMPIC CEREMONY SUCKS? LET ME SAVE IT _ FOR YOU We Know Memes,OLYMPIC CEREMONY SUCKS? LET ME SAVE IT FOR YOU,funny,general,slight,not_motivational,positive,positive,positive,positive,0.99435836,True,correct
5978,image_5979.jpeg,When you walk into the furry convention and you pull your AR-15 out MemeCenter.com Purification is imminent,When you walk into the furry convention and you pull your AR-15 out MemeCenter.com Purification is imminent,very_funny,general,slight,motivational,neutral,neutral,neutral,positive,0.89506257,False,neutral -> positive
6636,image_6637.jpg,WHAT ARE YOU? AN IDIOT SANDWICH,WHAT ARE YOU? AN IDIOT SANDWICH,funny,not_sarcastic,not_offensive,not_motivational,neutral,neutral,neutral,neutral,0.9767284,True,correct
3743,image_3744.jpg,HOLD ON A SEC IMA RUB THESE ROCKS,HOLD ON A SEC IMA RUB THESE ROCKS,hilarious,general,slight,motivational,very_positive,positive,positive,positive,0.96110874,True,correct
6168,image_6169.jpg,WILL YOU STILL LOVE ME TOMORROW? TOMORROW? I DON'T EVEN LIKE YOU TODAY,WILL YOU STILL LOVE ME TOMORROW? TOMORROW? I DON'T EVEN LIKE YOU TODAY,funny,general,slight,motivational,neutral,neutral,neutral,positive,0.93016434,False,neutral -> positive
3027,image_3028.jpg,ALL I'M SAYING IS... PUT SOME RESPECK ON MY SPEECH...,ALL I'M SAYING IS... PUT SOME RESPECK ON MY SPEECH...,very_funny,not_sarcastic,slight,not_motivational,positive,positive,positive,positive,0.7518312,True,correct
167,image_168.jpg,Daughter,Daughter  is the you? Thei nternet sacvenger- PMSLweb.com,hilarious,twisted_meaning,very_offensive,motivational,positive,positive,positive,positive,0.94276255,True,correct
3835,image_3836.jpg,THAT FEELING OF BEING DONE WITH WORKOUTS FOR THE WEEK,THAT FEELING OF BEING DONE WITH WORKOUTS FOR THE WEEK,not_funny,general,slight,not_motivational,very_positive,positive,positive,positive,0.99242425,True,correct
5146,image_5147.jpg,HAD ONE JOB DID IT imgiip.com,HAD ONE JOB DID IT imgiip.com,not_funny,general,not_offensive,not_motivational,neutral,neutral,neutral,neutral,0.96886146,True,correct
3278,image_3279.jpg,TO MEME OR NOT TO MEME? A SUA,TO MEME OR NOT TO MEME? A SUA,very_funny,general,not_offensive,not_motivational,very_positive,positive,positive,neutral,0.83742505,False,positive -> neutral
5790,image_5791.jpg,FIGHTS FOR TRANSWOMEN'S RIGHTS TO SURVEIL FEMALE-ONLY SPACES AND REPORT BACK,FIGHTS FOR TRANSWOMEN'S RIGHTS TO SURVEIL FEMALE-ONLY SPACES AND REPORT BACK,not_funny,not_sarcastic,slight,not_motivational,neutral,neutral,neutral,positive,0.8704578,False,neutral -> positive
360,image_361.png,This is Bill. Bill is rich. Bill is smart. Follow your dreams,This is Bill. Bill is rich. Bill is smart. Follow your dreams  Be like Bill .,not_funny,not_sarcastic,not_offensive,motivational,very_positive,positive,positive,positive,0.8893041,True,correct
3905,image_3906.jpg,I rose on my own,I rose on my own,very_funny,not_sarcastic,not_offensive,not_motivational,neutral,neutral,neutral,negative,0.5433231,False,neutral -> negative
6502,image_6503.jpeg,ITS NOT FUNNY ANYMORE WHERE ARE THE REAL CANDIDATES? imgflip.com,ITS NOT FUNNY ANYMORE WHERE ARE THE REAL CANDIDATES? imgflip.com,not_funny,twisted_meaning,not_offensive,motivational,positive,positive,positive,positive,0.99903667,True,correct
1647,image_1648.jpg,I like setting myself on fire. thodou What a coincidence! I like setting others on fire. Where have you been all my life?,I like setting myself on fire. thodou What a coincidence! I like setting others on fire. Where have you been all my life?,very_funny,twisted_meaning,slight,not_motivational,very_positive,positive,positive,neutral,0.9957333,False,positive -> neutral
1591,image_1592.jpg,ALIENS PUT THEIR PROBES WHERE??? Beth@Total Tsoukaliciousness memecenter.com MameCenter,ALIENS PUT THEIR PROBES WHERE??? Beth@Total Tsoukaliciousness memecenter.com MameCenter,hilarious,not_sarcastic,hateful_offensive,not_motivational,neutral,neutral,neutral,positive,0.974725,False,neutral -> positive
6045,image_6046.png,WHO DID THIS? Kill me plz 8,WHO DID THIS? Kill me plz 8,hilarious,twisted_meaning,not_offensive,not_motivational,neutral,neutral,neutral,positive,0.89320326,False,neutral -> positive
6380,image_6381.png,Game of Thrones season 8 spoilers: Bran Stark IS the Night King - here's the proof The only proof I need is the massive nose,Game of Thrones season 8 spoilers: Bran Stark IS the Night King - here's the proof The only proof I need is the massive nose,funny,twisted_meaning,not_offensive,not_motivational,positive,positive,positive,positive,0.94524115,True,correct
1932,image_1933.jpg,"WHAT DO YOU SAY WHEN PEOPLE COMPARE BILL TO HARVEY WEINSTEINP ""I SAY CLOSE BUT NO CIGAR"" imgflip.com","WHAT DO YOU SAY WHEN PEOPLE COMPARE BILL TO HARVEY WEINSTEINP ""I SAY CLOSE BUT NO CIGAR"" imgflip.com",very_funny,general,slight,not_motivational,neutral,neutral,neutral,neutral,0.5760478,True,correct
6440,image_6441.jpg,Steve Harvey without facial hair looks like The Mask,Steve Harvey without facial hair looks like The Mask,very_funny,general,not_offensive,not_motivational,neutral,neutral,neutral,positive,0.90370196,False,neutral -> positive
4716,image_4717.jpg,When you see the gas bill,When you see the gas bill,funny,general,slight,motivational,neutral,neutral,neutral,positive,0.9766982,False,neutral -> positive
6153,image_6154.jpg,BABY I'LL TREAT YOU LIKE MY HOMEWORK I'LL SLAM YOU ON THE TABLE AND DO YOU ALL NIGHT LONG quickmeme.com,BABY I'LL TREAT YOU LIKE MY HOMEWORK I'LL SLAM YOU ON THE TABLE AND DO YOU ALL NIGHT LONG quickmeme.com,very_funny,twisted_meaning,slight,not_motivational,neutral,neutral,neutral,neutral,0.98555124,True,correct
4810,image_4811.jpg,Me Christmas dinner without pigs in blankets,Me Christmas dinner without pigs in blankets,funny,twisted_meaning,slight,not_motivational,neutral,neutral,neutral,neutral,0.9911533,True,correct
981,image_982.jpg,Rose?,Rose?,very_funny,twisted_meaning,very_offensive,motivational,positive,positive,positive,positive,0.9637979,True,correct
4227,image_4228.jpg,,I ALWAYS FELT LIKE I WAS IN THE MILITARY,funny,general,slight,motivational,neutral,neutral,neutral,neutral,0.95147574,True,correct
5059,image_5060.jpg,MERICA wo FRENCH FRY HOLDER FUCK YEAH imgflip.com,MERICA FRENCH FRY HOLDER FUCK YEAH imgflip.com,funny,general,not_offensive,not_motivational,positive,positive,positive,positive,0.6659924,True,correct
806,image_807.jpg,www.CleanMemes.com country muSIC taught me how a man should treat a woman Miranda Lambert | taught me what to do when he screws up!,www.CleanMemes.com country muSIC taught me how a man should treat a woman Miranda Lambert | taught me what to do when he screws up!,not_funny,general,not_offensive,not_motivational,neutral,neutral,neutral,neutral,0.7297011,True,correct
6070,image_6071.png,"When you type ""send nudes"" but it auto corrects to ""send nukes"" 20 Vladimir Putin Memes You Should Totally See Sayinglmages.com","When you type ""send nudes"" but it auto corrects to ""send nukes"" 20 Vladimir Putin Memes You Should Totally See | Sayinglmages.com",funny,general,not_offensive,not_motivational,neutral,neutral,neutral,positive,0.9303661,False,neutral -> positive
1572,image_1573.jpg,YOU BELIEVE IN ALIENS CHEERS HISTORY.COM imgflip.com,YOU BELIEVE IN ALIENS CHEERS HISTORY.COM imgflip.com,funny,twisted_meaning,slight,motivational,neutral,neutral,neutral,positive,0.62347186,False,neutral -> positive
5640,image_5641.jpg,HEY ROMNEY,HEY ROMNEY  YOU MAD BRO?,funny,general,slight,motivational,neutral,neutral,neutral,neutral,0.9809341,True,correct
1210,image_1211.jpg,WHAT IF I TOLD YOU YOUR INABILITY TO GRASP FEMINISM IS NOT AN ARGUMENT AGAINST IT,WHAT IF I TOLD YOU YOUR INABILITY TO GRASP FEMINISM IS NOT AN ARGUMENT AGAINST IT.net,funny,not_sarcastic,not_offensive,motivational,positive,positive,positive,positive,0.88534606,True,correct
4390,image_4391.png,INSTAGRAM @IFACTS.DAILY You can't block Mark Zuckerberg on Facebook. mark,INSTAGRAM @IFACTS.DAILY You can't block Mark Zuckerberg on Facebook.,not_funny,not_sarcastic,not_offensive,not_motivational,neutral,neutral,neutral,positive,0.9929876,False,neutral -> positive
726,image_727.jpg,You didn't cry when Bambi's mother died? Yes,You didn't cry when Bambi's mother died? Yes  it was very sad when the guy stopped drawing the deer.,not_funny,general,not_offensive,motivational,neutral,neutral,neutral,negative,0.4597079,False,neutral -> negative
4760,image_4761.jpg,that D is somethin ill never 4get to: from:,that D is somethin ill never 4get to: from:,funny,general,slight,not_motivational,positive,positive,positive,neutral,0.8605824,False,positive -> neutral
2924,image_2925.jpg,FISHIE eni YU NO WAKE UP?!,FISHIE Y U NO WAKE UP?!,not_funny,general,not_offensive,not_motivational,neutral,neutral,neutral,positive,0.80985713,False,neutral -> positive
6947,image_6948.jpg,LEAVE THE GUN TAKE THE CHEERIOS MC memecenter.com/godfather85,LEAVE THE GUN TAKE THE CHEERIOS MC memecenter.com/godfather85,funny,general,very_offensive,not_motivational,positive,positive,positive,negative,0.8121453,False,positive -> negative
1854,image_1855.jpg,ASK YOURSELF. WHAT WOULD HARVEY DO? umeme.com,ASK YOURSELF. WHAT WOULD HARVEY DO? umeme.com,not_funny,twisted_meaning,very_offensive,motivational,positive,positive,positive,neutral,0.90801346,False,positive -> neutral
1166,image_1167.jpeg,When you're a feminist so you try to open the pickle jar by yourself but you can't like men now.,When you're a feminist so you try to open the pickle jar by yourself but you can't I like men now.,funny,very_twisted,very_offensive,not_motivational,positive,positive,positive,positive,0.86601096,True,correct
2564,image_2565.jpg,Sleeping is my drug,Sleeping is my drug,not_funny,twisted_meaning,very_offensive,motivational,positive,positive,positive,positive,0.79236895,True,correct
4594,image_4595.jpg,AND NOT A SINGLE FUCK 11025 Menecerle maturan De All Police on Alert ZUT TO KILL CASTRO! WAS GIVEN THAT DAY,AND NOT A SINGLE FUCK 11025 Menecerle maturan De All Police on Alert ZUT TO KILL CASTRO! WAS GIVEN THAT DAY,hilarious,very_twisted,very_offensive,not_motivational,negative,negative,negative,negative,0.6518012,True,correct
4525,image_4526.jpg,Vote for me... and i will ask Chota Bheem to develop this country.,Vote for me... and i will ask Chota Bheem to develop this country.,very_funny,general,not_offensive,not_motivational,neutral,neutral,neutral,positive,0.8407093,False,neutral -> positive
3861,image_3862.jpg,LL. HOES Orioles IN DIFFERENT AREA CODES,L.J.HOES Orioles IN DIFFERENT AREA CODES,very_funny,not_sarcastic,not_offensive,not_motivational,positive,positive,positive,positive,0.9742914,True,correct
5949,image_5950.jpg,"I KEEP ALL MY EMAILS ON A ""PRIVATE SERVER"" imgflip.com","I KEEP ALL MY EMAILS ON A ""PRIVATE SERVER"" imgflip.com",funny,general,slight,not_motivational,neutral,neutral,neutral,positive,0.98738164,False,neutral -> positive
2333,image_2334.jpg,YOU KNOW,YOU KNOW  I HAVE ONE SIMPLE REQUEST. AND THAT IS TO HAVE SHARKS WITH FRICKIN' LASER BEAMS ATTACHED TO THEIR HEADS! made on imagur,funny,not_sarcastic,not_offensive,motivational,positive,positive,positive,positive,0.9662823,True,correct
1327,image_1328.jpg,A GOOD FRIEND KNOWS ALL YOUR BEST STORIES FB @I'm just a Guy A BEST FRIEND HAS LIVED THEM WITH YOU,A GOOD FRIEND KNOWS ALL YOUR BEST STORIES FB @I'm just a Guy A BEST FRIEND HAS LIVED THEM WITH YOU,very_funny,general,not_offensive,not_motivational,very_positive,positive,positive,neutral,0.9403666,False,positive -> neutral
4313,image_4314.jpg,OBVIOUSLY WOLVERINE ISNT HAPPY WITH MY X-MEN REVIEW,OBVIOUSLY WOLVERINE ISNT HAPPY WITH MY X-MEN REVIEW,not_funny,very_twisted,slight,not_motivational,neutral,neutral,neutral,neutral,0.43094602,True,correct
5528,image_5529.jpg,ABOUT THESE FEMALE TEACHERS SLEEPING WITH THEIR STUDENTS,.... ABOUT THESE FEMALE TEACHERS SLEEPING WITH THEIR STUDENTS,funny,twisted_meaning,hateful_offensive,not_motivational,positive,positive,positive,neutral,0.93425035,False,positive -> neutral
3625,image_3626.png,HATES CHILDREN ASIA MERIT BECOMES TEACHER 10 Sexist Memes We Should Probably Stop Using | Complex,HATES CHILDREN ASIA MERIT BECOMES TEACHER 10 Sexist Memes We Should Probably Stop Using | Complex,very_funny,twisted_meaning,not_offensive,not_motivational,neutral,neutral,neutral,positive,0.99610496,False,neutral -> positive
4222,image_4223.jpg,,STAGE #1- ACTION COMPLETE STAGE 32-MAKE IT STICK,very_funny,general,slight,not_motivational,neutral,neutral,neutral,positive,0.97694314,False,neutral -> positive
724,image_725.png,JAN-ICE JAN-ICE JAN-ICE Don't you know it yet? YOU LOVE ME CHANDLER BING. You seek me out. Something deep inside of you calls out to me like a foghorn,JAN-ICE JAN-ICE JAN-ICE Don't you know it yet? YOU LOVE ME CHANDLER BING. You seek me out. Something deep inside of you calls out to me like a foghorn,not_funny,twisted_meaning,not_offensive,motivational,neutral,neutral,neutral,neutral,0.91416496,True,correct
821,image_822.jpg,Fake country girls: Real country girls: Learn the difference,Fake country girls: Real country girls: Learn the difference  gentlemen !,not_funny,general,slight,not_motivational,positive,positive,positive,neutral,0.998095,False,positive -> neutral
1733,image_1734.jpg,Daenerys Targaryen @danygonebad Follow When someone informs you that bae is actually your aunt... #Awkward #Dany Problems #Gameofthrones,Daenerys Targaryen @danygonebad Follow When someone informs you that bae is actually your aunt... #Awkward #Dany Problems #Gameofthrones,hilarious,not_sarcastic,hateful_offensive,not_motivational,negative,negative,negative,neutral,0.94907576,False,negative -> neutral
1705,image_1706.png,"GETS SPURNED BY ONE ""PRINCE THAT WAS PROMISED"" IMMEDIATELY NAMES SOMEONE ELSE THE SAVIOR made on Imgur","GETS SPURNED BY ONE ""PRINCE THAT WAS PROMISED"" IMMEDIATELY NAMES SOMEONE ELSE THE SAVIOR made on Imgur",not_funny,not_sarcastic,not_offensive,not_motivational,neutral,neutral,neutral,neutral,0.5632966,True,correct
2334,image_2335.png,OUR FEARLESS LEADER WUNDUM FUK imgflip.com,OUR FEARLESS LEADER WUNDUM FUK imgflip.com,very_funny,general,very_offensive,not_motivational,positive,positive,positive,neutral,0.65643895,False,positive -> neutral
5266,image_5267.jpg,THE CATHEDRAL OP MISOGINS A meme-laden joke adventure for 4-6 Players 5e ROUGhas TUOSE 9 POSTMORTEM STUDIOS,THE CATHEDRAL OP MISOGINS A meme-laden joke adventure for 4-6 Players 5e OGL ROUGhas TUOSE 9 POSTMORTEM STUDIOS,not_funny,not_sarcastic,not_offensive,motivational,negative,negative,negative,neutral,0.81828797,False,negative -> neutral
5140,image_5141.jpg,TUCK HAVE YOU SEEN MY NEW SHOES,TUCK HAVE YOU SEEN MY NEW SHOES,funny,twisted_meaning,not_offensive,not_motivational,neutral,neutral,neutral,positive,0.54577076,False,neutral -> positive
4830,image_4831.png,"<html><head><meta content=""text/html; charset=UTF-8"" http-equiv=""content-type""><style type=""text/css"">ol{margin:0;padding:0}table td",WHAT I TOLD YOU TODAY'S SECRET WORD?,funny,very_twisted,very_offensive,not_motivational,positive,positive,positive,positive,0.8743813,True,correct
1782,image_1783.jpg,When storming Hogwarts. the Dark Lord always uses Crest! brushio Dentum!,When storming Hogwarts. the Dark Lord always uses Crest! brushio Dentum!,very_funny,very_twisted,very_offensive,motivational,positive,positive,positive,positive,0.857331,True,correct
5611,image_5612.png,Trump works out a Trade Deal with Kim Jong-Un,Trump works out a Trade Deal with Kim Jong-Un,very_funny,twisted_meaning,very_offensive,motivational,neutral,neutral,neutral,negative,0.4496104,False,neutral -> negative
984,image_985.jpg,UAM REALLY MOVED BY ALL THE PEOPLE ON THE INTERNET DEMANDING THAT I SHOULD WIN AN OSCAR BUT TO BE HONEST,I AM REALLY MOVED BY ALL THE PEOPLE ON THE INTERNET DEMANDING THAT I SHOULD WIN AN OSCAR BUT TO BE HONEST  I ONLY DO THIS JOB BECAUSE I LOVE IT  NOT TO WIN PRIZES - LEONARDO DICAPRIO,not_funny,not_sarcastic,not_offensive,motivational,positive,positive,positive,positive,0.9821858,True,correct
6643,image_6644.jpg,ICLEARED THE CIVIL SERVICES EXAMINATION AND JOINEDIRSAS AN ASSISTANT COMMISSIONER OF INCOME TAX imgflip.com,ICLEARED THE CIVIL SERVICES EXAMINATION AND JOINEDIRSAS AN ASSISTANT COMMISSIONER OF INCOME TAX imgflip.com,funny,general,not_offensive,not_motivational,neutral,neutral,neutral,negative,0.6459601,False,neutral -> negative
5694,image_5695.jpg,Yo Chuck,Yo Chuck ima gonna let you finish but.... You know what you go right ahead and finish.,very_funny,twisted_meaning,slight,motivational,positive,positive,positive,neutral,0.647382,False,positive -> neutral
1347,image_1348.jpeg,MY FAMILIAL AWARENESS IS HAZY; HOWEVER,MY FAMILIAL AWARENESS IS HAZY; HOWEVER,funny,general,slight,motivational,neutral,neutral,neutral,positive,0.9397808,False,neutral -> positive
6529,image_6530.jpg,HAS TO TELL DAUGHTER SHE IS GOING TO BE KIDNAPPED AGAIN,HAS TO TELL DAUGHTER SHE IS GOING TO BE KIDNAPPED AGAIN quickmeme.com,hilarious,general,slight,motivational,very_positive,positive,positive,positive,0.7868344,True,correct
1256,image_1257.jpg,"W FEMINISM @WeNeedFeminism When someone says what I'm doing isn't ""lady-like"" Traducir del inglés show me where i asked","W FEMINISM @WeNeedFeminism When someone says what I'm doing isn't ""lady-like"" Traducir del inglés show me where i asked",not_funny,general,slight,not_motivational,neutral,neutral,neutral,positive,0.9761879,False,neutral -> positive
1467,image_1468.jpg,HE WILL NEVER HAVEA GIRLFRIEND memegenerator.net,HE WILL NEVER HAVEA GIRLFRIEND memegenerator.net,funny,general,slight,not_motivational,neutral,neutral,neutral,positive,0.67707694,False,neutral -> positive
5932,image_5933.jpg,AND THE WINNER IS.. HILLARY CLINTON! memegenerator.net,AND THE WINNER IS.. HILLARY CLINTON! memegenerator.net,very_funny,twisted_meaning,not_offensive,not_motivational,neutral,neutral,neutral,positive,0.9494641,False,neutral -> positive
6765,image_6766.png,Capital One what's in your wallet? This commercial racist as hell,Capital One what's in your wallet?,funny,not_sarcastic,not_offensive,not_motivational,positive,positive,positive,positive,0.73962647,True,correct
2832,image_2833.jpg,What if I told you That you are about to take anarrowto the knees memecenter.com Memetenter,What if I told you That you are about to take an arrow to the knees memecenter.com Memetenter,hilarious,general,very_offensive,motivational,positive,positive,positive,neutral,0.77017105,False,positive -> neutral
4534,image_4535.png,CHUCK NORRIS WAS A BADASSS FOR SO LONG A TIME ONLY BECAUSE LYANNA WAS BUSY HAVING TEA PARTIES WITH BEARS,CHUCK NORRIS WAS A BADASSS FOR SO LONG A TIME ONLY BECAUSE LYANNA WAS BUSY HAVING TEA PARTIES WITH BEARS,very_funny,twisted_meaning,very_offensive,motivational,negative,negative,negative,neutral,0.6871801,False,negative -> neutral
4171,image_4172.jpeg,Me: *wake up from nap* The other people at the morgue:,Me: *wake up from nap* The other people at the morgue:,funny,general,slight,not_motivational,negative,negative,negative,positive,0.94660693,False,negative -> positive
196,image_197.png,Forrest Edwards SLAP Pals Questions SLAP SUBSCRIBE Subscribed 347 videos THRASHER KATEBOAROM QUAM AZINE this nigga look like a hood me bean funkERA3131 16 hours ago 1080 Boy deadasssss,Forrest Edwards SLAP Pals Questions SLAP SUBSCRIBE Subscribed 347 videos THRASHER KATEBOAROM QUAM AZINE this nigga look like a hood me bean funkERA3131 16 hours ago 1080 Boy deadasssss,funny,not_sarcastic,not_offensive,not_motivational,positive,positive,positive,neutral,0.58406824,False,positive -> neutral
2251,image_2252.jpg,NASTY YOU BE LIKE BITCH makeameme.org,NASTY YOU BE LIKE BITCH makeameme.org,funny,twisted_meaning,slight,motivational,neutral,neutral,neutral,neutral,0.89374965,True,correct
6074,image_6075.jpg,When you hurriedly participated in the #10YearsChallenge without checking your photo,When you hurriedly participated in the #10YearsChallenge without checking your photo  now your sub down expire.,funny,not_sarcastic,slight,not_motivational,negative,negative,negative,positive,0.8286809,False,negative -> positive
4517,image_4518.jpg,When you promised him you'll stop acting crazy but you see a girl breathing his air,When you promised him you'll stop acting crazy but you see a girl breathing his air,not_funny,general,not_offensive,motivational,very_positive,positive,positive,neutral,0.9402606,False,positive -> neutral
2318,image_2319.jpg,TITUTTGT READY FOR WAR,KIM JUNG UN READY FOR WAR,funny,general,not_offensive,not_motivational,very_positive,positive,positive,positive,0.95183206,True,correct
6210,image_6211.jpeg,IT'S SO QUIET AT HILLARY'S H.Q. RIGHT NOW liberty Memes YOU CAN HEAR AN EMAIL BEING DELETED,IT'S SO QUIET AT HILLARY'S H.Q. RIGHT NOW liberty Memes YOU CAN HEAR AN EMAIL BEING DELETED,not_funny,not_sarcastic,not_offensive,not_motivational,negative,negative,negative,positive,0.56232524,False,negative -> positive
4415,image_4416.png,Things that I want: Mark Zuckerberg should host meme review Zucc,Things that I want: Mark Zuckerberg should host meme review Zucc,very_funny,general,slight,not_motivational,positive,positive,positive,positive,0.98918915,True,correct
3211,image_3212.jpg,PICARD MEMES FINALLY! memegenerator.net,PICARD MEMES FINALLY! memegenerator.net,not_funny,general,not_offensive,not_motivational,neutral,neutral,neutral,positive,0.99497944,False,neutral -> positive
2873,image_2874.jpg,CAN SOMEONE TAG BRIAN I HEARD HE WANTS TO RIDEA PONY,CAN SOMEONE TAG BRIAN I HEARD HE WANTS TO RIDE A PONY,funny,general,not_offensive,not_motivational,neutral,neutral,neutral,neutral,0.9403934,True,correct
6582,image_6583.jpg,I would simply walk into Mordor for you,I would simply walk into Mordor for you,very_funny,general,very_offensive,motivational,very_positive,positive,positive,neutral,0.9595769,False,positive -> neutral
2275,image_2276.jpeg,Kim prepares to launch the nukes (2017,Kim prepares to launch the nukes (2017 colorized),not_funny,general,slight,not_motivational,positive,positive,positive,positive,0.99411607,True,correct
5946,image_5947.png,ALL I WANT FOR CHRISTMAS IS JEW memecrunch.com hitler memes - Bing Images,ALL I WANT FOR CHRISTMAS IS JEW memecrunch.com hitler memes - Bing Images,not_funny,general,very_offensive,motivational,positive,positive,positive,positive,0.57102793,True,correct
6987,image_6988.jpg,Tuesday is Mardi Gras Wednesday is Valentine's Friday is the Chinese New Year To those who celebrate in full force; I'll be waiting for you at the end of the week with a digestive blend. ESSENTIALOILSTYLE.COM,Tuesday is Mardi Gras Wednesday is Valentine's Friday is the Chinese New Year To those who celebrate in full force; I'll be waiting for you at the end of the week with a digestive blend. ESSENTIALOILSTYLE.COM,very_funny,twisted_meaning,very_offensive,motivational,neutral,neutral,neutral,positive,0.99369,False,neutral -> positive
3124,image_3125.png,MEETS A HOT GIRL BREAKS THE ICE,MEETS A HOT GIRL BREAKS THE ICE,funny,general,slight,motivational,neutral,neutral,neutral,positive,0.9468845,False,neutral -> positive
6981,image_6982.png,@DCMARVEL_MEMES TAG A FRIEND SO THEY OPEN THEIR PHONE TO SEE THIS,@DCMARVEL_MEMES TAG A FRIEND SO THEY OPEN THEIR PHONE TO SEE THIS,funny,general,not_offensive,not_motivational,neutral,neutral,neutral,positive,0.96616936,False,neutral -> positive
294,image_295.jpg,This is a midroll comedy video compilation from a prior stream. Any fail,This is a midroll comedy video compilation from a prior stream. Any fail  insult  memes or RIP headphones is only for the LOLs,funny,general,slight,not_motivational,positive,positive,positive,positive,0.9268286,True,correct
84,image_85.jpg,BABY GODFATHER MEME CAN EAT MY DICK! quickmeme.com,BABY GODFATHER MEME CAN EAT MY DICK! quickmeme.com,funny,not_sarcastic,not_offensive,not_motivational,very_positive,positive,positive,positive,0.9444948,True,correct
499,image_500.png,SHELDON: BAZINGA BIG BANG THEORY STUDIO AUDIENCE: SHIT NEGRO THATS ALL YOU HAD TO SAY பற பற பற penny பற பற பற penny mau penny,SHELDON: BAZINGA BIG BANG THEORY STUDIO AUDIENCE: SHIT NEGRO THATS ALL YOU HAD TO SAY பற பற பற penny பற பற பற penny  penny,very_funny,not_sarcastic,not_offensive,not_motivational,neutral,neutral,neutral,neutral,0.52620435,True,correct
5142,image_5143.png,North Korea's Kim Jong Un Is So Fat He Might Have Hurt His knee Again Cristina Silva International Business Times January 17,North Korea's Kim Jong Un Is So Fat He Might Have Hurt His knee Again Cristina Silva International Business Times January 17,funny,general,slight,motivational,positive,positive,positive,positive,0.7487698,True,correct
33,image_34.jpg,AVENGERS MOVIE STILL NOT WATCHED memegenerator.net,AVENGERS MOVIE STILL NOT WATCHED memegenerator.net,funny,general,not_offensive,not_motivational,very_positive,positive,positive,positive,0.9377995,True,correct
3706,image_3707.jpg,HOW BADLY YOU WANT SOMETHING DICTATES HOW HARD YOU WILL WORK AT IT,HOW BADLY YOU WANT SOMETHING DICTATES HOW HARD YOU WILL WORK AT IT,not_funny,general,slight,not_motivational,neutral,neutral,neutral,positive,0.9320545,False,neutral -> positive
4677,image_4678.jpg,"David Steele @David_C_Steele “We just left a rest stop! Why didn't you go then?"" SMITH Qoc","David Steele @David_C_Steele “We just left a rest stop! Why didn't you go then?"" SMITH Qoc",very_funny,twisted_meaning,slight,not_motivational,positive,positive,positive,positive,0.9269436,True,correct
6928,image_6929.jpg,"Donald J. Trump OrealDonald Trump ""We build too many walls and not enough bridges."" - Isaac Newton 4:11 PM Oct 7 2013 Twitter Web Client 79.8K Retweets 66.2K Likes Mod. this whole operation was your des","Donald J. Trump OrealDonald Trump ""We build too many walls and not enough bridges."" - Isaac Newton 4:11 PM Oct 7 2013 Twitter Web Client 79.8K Retweets 66.2K Likes Mod. this whole operation was your idea",very_funny,general,slight,motivational,positive,positive,positive,positive,0.89533734,True,correct
558,image_559.jpg,www.CleanMemes.com You threw away the bird I gave you? That was a present!,www.CleanMemes.com You threw away the bird I gave you? That was a present!,not_funny,not_sarcastic,slight,not_motivational,positive,positive,positive,positive,0.99064726,True,correct
5243,image_5244.jpg,SOME ANNOYING ASS QUOTE NEXT TO A MINION YOUR AUNT WILL SHARE ON FACEBOOK,SOME ANNOYING ASS QUOTE NEXT TO A MINION YOUR AUNT WILL SHARE ON FACEBOOK,hilarious,general,not_offensive,not_motivational,neutral,neutral,neutral,positive,0.99693704,False,neutral -> positive
6628,image_6629.jpg,WHEN ITS VALENTINES DAY AND YOU HAVE MISOGYNY memegenerator.net,WHEN ITS VALENTINES DAY AND YOU HAVE MISOGYNY memegenerator.net,very_funny,twisted_meaning,slight,motivational,very_positive,positive,positive,positive,0.9900197,True,correct
6453,image_6454.jpg,* 46.467% HUGE! LEAKED: Hillary's Tru... SHARE 11:08 www.tdnewswire.com Newswire Hillary Clinton suffers from what doctors described as TYPE 1 LIEABETES Type one Lieabetes is a chronic disease. It can be kept under control but only with DUCT TAPE and that will not help Hillary in the debate.,* 46.467% HUGE! LEAKED: Hillary's Tru... SHARE 11:08 www.tdnewswire.com Newswire Hillary Clinton suffers from what doctors described as TYPE 1 LIEABETES Type one Lieabetes is a chronic disease. It can be kept under control but only with DUCT TAPE and that will not help Hillary in the debate.,hilarious,general,hateful_offensive,motivational,positive,positive,positive,positive,0.81734926,True,correct
1144,image_1145.jpg,AND THENOSAYSTOHER,AND THEN I SAYS TO HER  I SAYS  NO  I GOT YOUR NOSE.,hilarious,general,not_offensive,not_motivational,positive,positive,positive,neutral,0.67455626,False,positive -> neutral
1991,image_1992.png,HILLARY CLINTON SUPPORTERS ARE LIKE CHRISTMAS LIGHTS HALF DONT WORK AND THE OTHER HALF ARENT VERY BRIGHT. -Jacob,HILLARY CLINTON SUPPORTERS ARE LIKE CHRISTMAS LIGHTS HALF DONT WORK AND THE OTHER HALF ARENT VERY BRIGHT. -Jacob,funny,general,not_offensive,not_motivational,positive,positive,positive,positive,0.9768596,True,correct
3838,image_3839.png,ATLANTA SPORTS CURRENTLY.... 22. LAST PLACE SWEPT OUT OF THE PLAYOFFS AGAIN @NFL_MEMES STARTED 6-1,ATLANTA SPORTS CURRENTLY.... SWEPT OUT OF THE PLAYOFFS AGAIN 7-22  LAST PLACE @NFL_MEMES STARTED 6-1  FINISHED 8-8 3-9  FINISHED IN LAST PLACE,funny,general,slight,not_motivational,positive,positive,positive,positive,0.5547076,True,correct
5800,image_5801.png,Facebook was a mistake.” -Mark Zuckerberg,Facebook was a mistake.” -Mark Zuckerberg,hilarious,twisted_meaning,slight,not_motivational,negative,negative,negative,neutral,0.6783145,False,negative -> neutral
3868,image_3869.jpg,I sharted. memecenter.com MameCenter,I sharted. memecenter.com MameCenter,funny,general,slight,not_motivational,positive,positive,positive,negative,0.49330047,False,positive -> negative
6245,image_6246.png,Leonardo DiCaprio at age 19 and age 39 Looks like someone had a taste from Morgan Freeman's fountain of youth.,Leonardo DiCaprio at age 19 and age 39 Looks like someone had a taste from Morgan Freeman's fountain of youth.,not_funny,general,not_offensive,not_motivational,very_positive,positive,positive,neutral,0.88814616,False,positive -> neutral
5530,image_5531.jpg,"Teacher: Why are you talking during my lesson?"" Student: ""Why are you vou & trying to teach while I sodomize infants?""","Teacher: ""Why are you talking during my lesson?"" Student: ""Why are you vou & trying to teach while I sodomize infants?""",funny,general,not_offensive,not_motivational,positive,positive,positive,positive,0.7291623,True,correct
3581,image_3582.jpg,"THIS GUY CAN'T SING AND WON'T STOP DANCING...HAVE HIM ""ALRIGHTA HAPPY MEAL"" imgflip.com","THIS GUY CAN'T SING AND WON'T STOP DANCING...HAVE HIM ""ALRIGHTA HAPPY MEAL"" imgflip.com",not_funny,not_sarcastic,not_offensive,not_motivational,positive,positive,positive,neutral,0.92693335,False,positive -> neutral
2502,image_2503.jpg,I hate how chocolates immediately melt on my fingers. I mean,I hate how chocolates immediately melt on my fingers. I mean  am I THAT HOT?,not_funny,general,hateful_offensive,not_motivational,neutral,neutral,neutral,positive,0.8979412,False,neutral -> positive
1719,image_1720.png,"<html><head><meta content=""text/html; charset=UTF-8"" http-equiv=""content-type""><style type=""text/css"">ol{margin:0;padding:0}table td",I DOWNVOTED THEM. I DOWNVOTED THEM ALL AND NOT JUST THE SHITPOSTS  BUT THE HIGH EFFORT MEMES  AND THE GIFs. I HATE THEM,funny,general,not_offensive,not_motivational,positive,positive,positive,positive,0.8429072,True,correct
5285,image_5286.png,CHUCK NORRIS NEVER COMPLETES CUSTODIAN INTERVIEW FORMS BECAUSE CHUCK NORRIS NEVER SUBMITS @exterro,CHUCK NORRIS NEVER COMPLETES CUSTODIAN INTERVIEW FORMS BECAUSE CHUCK NORRIS NEVER SUBMITS @exterro,hilarious,not_sarcastic,not_offensive,motivational,very_positive,positive,positive,positive,0.98649466,True,correct
3425,image_3426.jpeg,A cotton field in 1930s haters gonna say it's photoshop,A cotton field in 1930s haters gonna say it's photoshop,not_funny,twisted_meaning,not_offensive,motivational,positive,positive,positive,positive,0.9055565,True,correct
5455,image_5456.jpg,NG HELP IM BURNING 3128245 no one cares P203128245,NG HELP IM BURNING 3128245 no one cares P203128245,very_funny,general,very_offensive,motivational,positive,positive,positive,positive,0.9832133,True,correct
2253,image_2254.png,steal meme nobody care moon make look nicer everyone mad,steal meme nobody care moon make look nicer everyone mad,not_funny,general,slight,not_motivational,positive,positive,positive,positive,0.9807751,True,correct
6527,image_6528.png,Did you know? fb.com/legendaryfacts Kim Jong Un is the new face for Vogue,Did you know? fb.com/legendaryfacts Kim Jong Un is the new face for Vogue,funny,general,slight,not_motivational,positive,positive,positive,positive,0.9977938,True,correct
2189,image_2190.png,Someone with a crush on me: *exists* Me: W Are you real We still making Jim Carrey memes?,Someone with a crush on me: *exists* Me: W Are you real We still making Jim Carrey memes?,funny,not_sarcastic,very_offensive,motivational,very_positive,positive,positive,positive,0.97550076,True,correct
1683,image_1684.jpg,THE BRAINS THE LOOKS THE MUSCLE | WILDCARD!,THE BRAINS THE LOOKS THE MUSCLE WILDCARD!,funny,general,not_offensive,not_motivational,positive,positive,positive,positive,0.9991455,True,correct
4840,image_4841.png,This woman makes the voice of Howard's mother in the big bang theory Now I Can Die in Peace You may now die in peace... Like & Share if you did not know this ! Like The Big Bang Theory Memes for more BBT!,This woman makes the voice of Howard's mother in the big bang theory Now I Can Die in Peace You may now die in peace... Like & Share if you did not know this ! Like The Big Bang Theory Memes for more BBT!,funny,twisted_meaning,slight,motivational,neutral,neutral,neutral,positive,0.91807044,False,neutral -> positive
6129,image_6130.jpg,not a cell phone in sight. just living in the moment,not a cell phone in sight. just living in the moment. absolutely beautiful wish we could go back,not_funny,very_twisted,very_offensive,not_motivational,positive,positive,positive,positive,0.96374923,True,correct
3266,image_3267.jpg,"When you opened your math exam paper and the asian kid next to you silently says ""fuck"" ""This will be the end of Wakanda","When you opened your math exam paper and the asian kid next to you silently says ""fuck"" ""This will be the end of Wakanda""",very_funny,not_sarcastic,not_offensive,not_motivational,positive,positive,positive,negative,0.9500079,False,positive -> negative
5632,image_5633.jpg,ONCE FARTED,ONCE FARTED,very_funny,general,slight,motivational,positive,positive,positive,neutral,0.9849871,False,positive -> neutral
4266,image_4267.jpg,,TRUMP IS SO BAD AT HAVING AFFAIRS WITH WOMEN HE GET SUED AFTER PAYING THEM MONEY,not_funny,very_twisted,hateful_offensive,not_motivational,positive,positive,positive,neutral,0.53723997,False,positive -> neutral
4632,image_4633.jpg,YOU HAVE A CASE OF INTERNALIZED MISOGYNY meregenerator.net,YOU HAVE A CASE OF INTERNALIZED MISOGYNY,funny,not_sarcastic,not_offensive,not_motivational,neutral,neutral,neutral,positive,0.91204613,False,neutral -> positive
586,image_587.jpg,Heck yeah,Heck yeah  I'm a cat guy www.petfinder.com/IAmA CatParent,very_funny,twisted_meaning,very_offensive,not_motivational,positive,positive,positive,positive,0.98022366,True,correct
2068,image_2069.jpg,YOU MUSS BE ZIS TALL TO RIDEN ZIE RIDE DIYLOL.COM,YOU MUSS BE ZIS TALL TO RIDEN ZIE RIDE DIYLOL.COM,very_funny,general,slight,not_motivational,neutral,neutral,neutral,positive,0.9082888,False,neutral -> positive
2877,image_2878.jpg,GETS SURPRISED BY MORNING WAKE UP SEX IN PRISONS imgflip.com,GETS SURPRISED BY MORNING WAKE UP SEX IN PRISONS imgflip.com,very_funny,general,hateful_offensive,not_motivational,positive,positive,positive,positive,0.58922094,True,correct
6491,image_6492.jpg,STOP CHANGING YOUR PROFILE PICS. WHAT IF YOU GOMISSING? HOW CAN WE FIND YOU IF YOU LOOK LIKE BEYONCE ON FACEBOOK AND CHEWBACCA IN PERSON imgflip.com,STOP CHANGING YOUR PROFILE PICS. WHAT IF YOU GOMISSING? HOW CAN WE FIND YOU IF YOU LOOK LIKE BEYONCE ON FACEBOOK AND CHEWBACCA IN PERSON imgflip.com,not_funny,general,slight,not_motivational,neutral,neutral,neutral,positive,0.95957035,False,neutral -> positive
5020,image_5021.jpg,BITCH,BITCH  PLEASE.... I'M HARRY SPECTER quickmeme.com,funny,not_sarcastic,not_offensive,motivational,positive,positive,positive,positive,0.6146292,True,correct
5696,image_5697.jpg,CAN'T GET RAPE CONDOM OFF quickmeme.com,CAN'T GET RAPE CONDOM OFF quickmeme.com,funny,general,not_offensive,not_motivational,very_positive,positive,positive,neutral,0.52095854,False,positive -> neutral
2619,image_2620.png,DE AR officers I HAVE A LIST OF PEOPLE i keep in my freezer,DE AR officers I HAVE A LIST OF PEOPLE i keep in my freezer,very_funny,twisted_meaning,very_offensive,motivational,positive,positive,positive,neutral,0.9342812,False,positive -> neutral
2324,image_2325.jpg,Remember Shangai Noon? This is them now... feel old yet?,Remember Shangai Noon? This is them now... feel old yet?,funny,twisted_meaning,very_offensive,not_motivational,very_positive,positive,positive,positive,0.9968161,True,correct
4823,image_4824.jpg,S'all good. Just chilling with a cat and a monkey.,S'all good. Just chilling with a cat and a monkey.,funny,not_sarcastic,very_offensive,motivational,neutral,neutral,neutral,neutral,0.89424056,True,correct
3862,image_3863.jpg,I love hockey except for the agonizing moments when no fight is happening. De CL someecards,love hockey except for the agonizing moments when no fight is happening. someecards,hilarious,very_twisted,hateful_offensive,not_motivational,very_positive,positive,positive,positive,0.993583,True,correct
2236,image_2237.png,SCREW ROMEO AND JULIET! I WANT A LOVE LIKE THE JOKER AND HARLEY QUINN! FOR GOD'S SAKE READ A DAMN COMIC BOOK! JOKER IS A MANIPULATIVE ABUSIVE LUNATIC AND HARLEY IS A VICTIM WITH EXTREME STOCKHOLM SYNDROME. DC Comics,SCREW ROMEO AND JULIET! I WANT A LOVE LIKE THE JOKER AND HARLEY QUINN! FOR GOD'S SAKE READ A DAMN COMIC BOOK! JOKER IS A MANIPULATIVE ABUSIVE LUNATIC AND HARLEY IS A VICTIM WITH EXTREME STOCKHOLM SYNDROME. DC Comics,not_funny,not_sarcastic,not_offensive,not_motivational,positive,positive,positive,positive,0.85815686,True,correct
2606,image_2607.jpg,Just because I can't sing,JUST BECAUSE I CAN'T SING DOESN'T  MEAN I WON'T SING,funny,not_sarcastic,not_offensive,motivational,neutral,neutral,neutral,positive,0.7726114,False,neutral -> positive
3323,image_3324.jpg,RIP VLADIMIR PUTIN LEADER OF CROATIA VICTOR OF THE KARGIL WAR SOUN elemekerne,RIP VLADIMIR PUTIN LEADER OF CROATIA VICTOR OF THE KARGIL WAR SOUN elemekerne,funny,general,slight,motivational,positive,positive,positive,positive,0.5002391,True,correct
3666,image_3667.jpg,WAIT A SECOND BILLA AM I SKEPTICAL BABY GROWN UP? funnyism.com 8,WAIT A SECOND BILLA AM I SKEPTICAL BABY GROWN UP? funnyism.com XD,funny,twisted_meaning,slight,not_motivational,neutral,neutral,neutral,neutral,0.99494064,True,correct
4397,image_4398.jpg,Mark Zuckerberg swearing under oath before Senate Committee over data scandal. (2018,Mark Zuckerberg swearing under oath before Senate Committee over data scandal. (2018  colorized),hilarious,not_sarcastic,not_offensive,not_motivational,neutral,neutral,neutral,neutral,0.89679825,True,correct
2628,image_2629.jpg,The moment you're laughing so hard and you try to stop,The moment you're laughing so hard and you try to stop  but you look at the person and laugh again.,very_funny,twisted_meaning,slight,motivational,positive,positive,positive,positive,0.5178236,True,correct
1385,image_1386.png,When you were a dead meme but now you're actually dead VIA 9GAG.COM,When you were a dead meme but now you're actually dead VIA 9GAG.COM,funny,general,very_offensive,not_motivational,neutral,neutral,neutral,neutral,0.9766212,True,correct
1044,image_1045.jpg,@viminist jungkook all the possible artists to cover from justin bieber,@viminist jungkook all the possible artists to cover from justin bieber,very_funny,twisted_meaning,not_offensive,motivational,very_positive,positive,positive,positive,0.97381616,True,correct
2641,image_2642.jpg,Stop waiting for Prince Charming. Get up and find him. The poor idiot may be stuck in a tree or something. Fb.com/Minion Quotes DespicableMeMinions.org,Stop waiting for Prince Charming. Get up and find him. The poor idiot may be stuck in a tree or something. Fb.com/Minion Quotes DespicableMeMinions.org,not_funny,general,not_offensive,not_motivational,neutral,neutral,neutral,positive,0.9593095,False,neutral -> positive
4108,image_4109.jpg,U'M SORRY,I'M SORRY  THERE'S NOT ENOUGH SPACE  YOU MUST LIVE  BECAUSE I LOVE YOU WHAT THE F*CK IS THE PROBLEM The internet scavenger- PMSLweb.com,funny,twisted_meaning,very_offensive,not_motivational,positive,positive,positive,positive,0.9912696,True,correct
3494,image_3495.jpg,HEY GIRL DO U LIKE ICE quickmeme.com,HEY GIRL DO U LIKE ICE quickmeme.com,funny,general,not_offensive,not_motivational,positive,positive,positive,positive,0.99457526,True,correct
3405,image_3406.png,MOST RACIST MOMENT worthyreview.com ON TV EVER! it's crazy smh,MOST RACIST MOMENT worthyreview.com ON TV EVER! it's crazy smh,not_funny,twisted_meaning,slight,not_motivational,positive,positive,positive,positive,0.8979722,True,correct
118,image_119.jpg,AWESOME How my friends see me How my family How society sees sees me me How my camera sees me How I see me How I really am,AWESOME How my friends see me How my family How society sees sees me me How my camera sees me How I see me How I really am,not_funny,not_sarcastic,slight,motivational,positive,positive,positive,neutral,0.6677543,False,positive -> neutral
2526,image_2527.jpg,I'm sorry Amina!! G Please donthate me <3 Guickmeme.com,I'm sorry Amina!! Please don't hate me <3 quickmeme.com,not_funny,general,not_offensive,not_motivational,neutral,neutral,neutral,positive,0.5966886,False,neutral -> positive
1160,image_1161.jpg,HILLARY IS RESPONSIBLE FOR THE DEATHS OF INNOCENT AMERICANS? .1 IV WHO CARES? TRUMP IS RUDE! imgflip.com,HILLARY IS RESPONSIBLE FOR THE DEATHS OF INNOCENT AMERICANS? .1 IV WHO CARES? TRUMP IS RUDE! imgflip.com,very_funny,twisted_meaning,very_offensive,not_motivational,very_positive,positive,positive,negative,0.40206176,False,positive -> negative
2633,image_2634.png,TAG SOMEONE SO THEY WILL HAVE TO UNLOCK THEIR PHONE AND LOOK AT THESE SEXY MINIONS BUTTS. Smash dat mofo like button and tag someone who needs to see this TT1000111: ~KuroNekoFag,TAG SOMEONE SO THEY WILL HAVE TO UNLOCK THEIR PHONE AND LOOK AT THESE SEXY MINIONS BUTTS. Smash dat mofo like button and tag someone who needs to see this TT1000111: ~KuroNekoFag,hilarious,general,not_offensive,not_motivational,very_positive,positive,positive,positive,0.9909504,True,correct
4552,image_4553.jpg,R1 PUBLX PLAL TO OPEN HELLO I'M THE DOCTOR Alright-y then!,R1 PUBLX PLAL TO OPEN HELLO I'M THE DOCTOR Alright-y then!,hilarious,not_sarcastic,hateful_offensive,motivational,positive,positive,positive,positive,0.9852389,True,correct
1612,image_1613.png,GODFATHER FAMILY FIRST GODFATHERPEW RESPECTWAMAN RESPECT WAMAN,GODFATHER FAMILY FIRST,very_funny,general,not_offensive,not_motivational,positive,positive,positive,positive,0.9142126,True,correct
3613,image_3614.jpg,when boys wrestle with you memecenter.com Memetenter,when boys wrestle with you memecenter.com MemeCenter,not_funny,twisted_meaning,not_offensive,not_motivational,neutral,neutral,neutral,positive,0.95563084,False,neutral -> positive
4557,image_4558.jpg,WHY ARE THERE MORE CHUCK NORRIS JOKES THAN BRUCE LEE? BECAUSE BRUCE LEE IS NO JOKE,WHY ARE THERE MORE CHUCK NORRIS JOKES THAN BRUCE LEE? BECAUSE BRUCE LEE IS NO JOKE,not_funny,twisted_meaning,not_offensive,motivational,positive,positive,positive,positive,0.99583614,True,correct
5890,image_5891.jpg,I do not want pizza I want my oscar,I do not want pizza I want my oscar,funny,not_sarcastic,slight,not_motivational,neutral,neutral,neutral,neutral,0.47462136,True,correct
228,image_229.jpg,THE FUNNIEST MAN ON EARTH imgflip.com,THE FUNNIEST MAN ON EARTH imgflip.com,funny,not_sarcastic,not_offensive,not_motivational,neutral,neutral,neutral,neutral,0.60640776,True,correct
3380,image_3381.jpg,"Normie: ""Your meme's are racist and offensive","Normie: ""Your meme's are racist and offensive  I'm unfollowing"" Me:"" take this on your way out"" nigger",not_funny,general,not_offensive,not_motivational,neutral,neutral,neutral,neutral,0.9919769,True,correct
6039,image_6040.jpg,A group of 3 friends is always legendary,A group of 3 friends is always legendary,hilarious,not_sarcastic,not_offensive,not_motivational,neutral,neutral,neutral,neutral,0.7848494,True,correct
2829,image_2830.jpg,The Home of Pedo Bear #appealséU WHAT I IF TOLD YOU THAT YOU READ THE TOP LINE WRONG memecenter.com MemeCenter,The Home of Pedo Bear #appealséU WHAT I IF TOLD YOU THAT YOU READ THE TOP LINE WRONG memecenter.com MemeCenter,not_funny,not_sarcastic,not_offensive,motivational,positive,positive,positive,neutral,0.96649164,False,positive -> neutral
165,image_166.jpg,WHEN YOUR BABY'S ULGY AND WHEN IT OPENS IT EYES imgflip.com,WHEN YOUR BABY'S ULGY AND WHEN IT OPENS IT EYES imgflip.com,very_funny,twisted_meaning,not_offensive,motivational,negative,negative,negative,neutral,0.67674917,False,negative -> neutral
3002,image_3003.jpg,Win Nobel Peace Prize More than 350k US troops at war MEMEBASE.COM,Win Nobel Peace Prize More than 350k US troops at war MEMEBASE.COM,very_funny,general,slight,not_motivational,positive,positive,positive,positive,0.7405718,True,correct
898,image_899.jpg,MONDAY? SCREW IT I'M OUT Imgflip.com,MONDAY? SCREW IT I'M OUT Imgflip.com,not_funny,very_twisted,very_offensive,not_motivational,positive,positive,positive,neutral,0.49946257,False,positive -> neutral
4702,image_4703.jpg,Heard you were fucked by Ramsey? Glad,Heard you were fucked by Ramsey? Glad  he wasn't my nephew,funny,general,slight,not_motivational,neutral,neutral,neutral,neutral,0.9914996,True,correct
223,image_224.jpg,The moment when your tongue serbs and you need to scratch memecenter.com Memetentera,The moment when your tongue serbs and you need to scratch memecenter.com MemeCenter,very_funny,twisted_meaning,very_offensive,not_motivational,positive,positive,positive,positive,0.98261297,True,correct
3169,image_3170.jpg,when your teacher tells you to stop laughing but your friends are too funny,when your teacher tells you to stop laughing but your friends are too funny ifuny.co,funny,not_sarcastic,not_offensive,not_motivational,neutral,neutral,neutral,positive,0.88849026,False,neutral -> positive
958,image_959.png,BREAKING HEADLINES Scarface Remake Starring Leonardo DiCaprio And Sofia Vergara Announced for 2017,BREAKING HEADLINES Scarface Remake Starring Leonardo DiCaprio And Sofia Vergara Announced for 2017,funny,not_sarcastic,not_offensive,not_motivational,positive,positive,positive,neutral,0.67156446,False,positive -> neutral
6619,image_6620.jpg,I TRIED TO ACT NORMAL,I TRIED TO ACT NORMAL,funny,general,slight,not_motivational,positive,positive,positive,neutral,0.6105583,False,positive -> neutral
258,image_259.png,When you just can't Stay awake in church Mr. Bean is all of us somehow mrbean,When you just can't Stay awake in church Mr. Bean is all of us somehow mrbean,not_funny,not_sarcastic,not_offensive,not_motivational,positive,positive,positive,positive,0.70139074,True,correct
2822,image_2823.jpg,What if I told you. You didn't have to dump ice on your head to donate to charity,What if I told you. You didn't have to dump ice on your head to donate to charity,very_funny,general,not_offensive,not_motivational,neutral,neutral,neutral,positive,0.94983894,False,neutral -> positive
404,image_405.jpg,HARRIET TUBMAN U 9 2000$ 90007 -406F - 38653406F 20008 2000$ 2000$ 2000$ Making Your Trip to the Strip Club More Awkward,HARRIET TUBMAN U 9 2000$ 90007 -406F - 38653406F 20008 2000$ 2000$ 2000$ Making Your Trip to the Strip Club More Awkward,funny,not_sarcastic,not_offensive,not_motivational,neutral,neutral,neutral,positive,0.5330658,False,neutral -> positive
6687,image_6688.jpg,CAN DESTROY AMERICA Demesmappen,I  CAN DESTROY AMERICA MemesHappen,hilarious,very_twisted,very_offensive,not_motivational,very_positive,positive,positive,neutral,0.97434187,False,positive -> neutral
5456,image_5457.png,If you wanna get a girlfriend,If you wanna get a girlfriend  take her to the beach and pee on her  and after few years she is gonna be yours Chandler Bing. @Friendsrebound will you? Beingchandlerbing,funny,general,slight,not_motivational,very_positive,positive,positive,neutral,0.95613134,False,positive -> neutral
2200,image_2201.jpg,YOU SNOWFLAKES CAN'T KILL ME! I HAVE THICKER SKIN THAN YOU! imgflip.com,YOU SNOWFLAKES CAN'T KILL ME! I HAVE THICKER SKIN THAN YOU! imgflip.com,hilarious,very_twisted,not_offensive,not_motivational,positive,positive,positive,positive,0.85887045,True,correct
3088,image_3089.jpg,DAY 20 THEY STILL THINK I'M PENGUIN,DAY 20 THEY STILL THINK I'M PENGUIN pp.com,very_funny,not_sarcastic,not_offensive,not_motivational,positive,positive,positive,neutral,0.7278297,False,positive -> neutral
451,image_452.jpg,This is Bill Bill likes music but he knows not everyone wants to hear what he's listening to on the 6am train. Bill is considerate. Be like Bill.,This is Bill Bill likes music but he knows not everyone wants to hear what he's listening to on the 6am train. Bill is considerate. Be like Bill.,funny,twisted_meaning,slight,not_motivational,neutral,neutral,neutral,positive,0.77786654,False,neutral -> positive
2426,image_2427.png,I'm so happy that Miley and Liam are together again -,I'm so happy that Miley and Liam are together again,not_funny,general,slight,motivational,positive,positive,positive,positive,0.9641894,True,correct
6383,image_6384.jpg,THERE ARE TWO TYPES OF PEOPLE IN THIS WORLD THOSE WHO LIKE TYRION AND THOSE WHO DON'T WATCH GAME OF THRONES,THERE ARE TWO TYPES OF PEOPLE IN THIS WORLD THOSE WHO LIKE TYRION AND THOSE WHO DON'T WATCH GAME OF THRONES,not_funny,general,not_offensive,motivational,positive,positive,positive,positive,0.7044453,True,correct
4720,image_4721.png,MY MOM THINKS MY FRIENDS ARE BAD INFLUENCE BUT HONESTLY. I'M USUALLY THE ONE COMING UP WITH THE BAD IDEAS belikebro,MY MOM THINKS MY FRIENDS ARE BAD INFLUENCE BUT HONESTLY. I'M USUALLY THE ONE COMING UP WITH THE BAD IDEAS belikebro,very_funny,general,not_offensive,not_motivational,positive,positive,positive,neutral,0.84937954,False,positive -> neutral
458,image_459.jpg,"A neutron walks into a bar and asks how much for a drink. The bartender replies ""For you","A neutron walks into a bar and asks how much for a drink. The bartender replies ""For you  no changes'. - Dr. Sheldon Cooper The Big Bang Theory",not_funny,twisted_meaning,slight,not_motivational,negative,negative,negative,negative,0.5525939,True,correct
1173,image_1174.jpg,Boys cry Girls masturbate Boys have feelings Girls get angry Boys can use makeup Girls can like porn Boys can like sewing Girls can get violent Boys can wear dresses Girls can be good at science Boys can like boys Girls can like girls Boys can like pink Girls can have body hair Boys don't have to be muscular Girls don't have to be curvy Boys don't have to love sex Girls don't have to be thin,Boys cry Girls masturbate Boys have feelings Girls get angry Boys can use makeup Girls can like porn Boys can like sewing Girls can get violent Boys can wear dresses Girls can be good at science Boys can like boys Girls can like girls Boys can like pink Girls can have body hair Boys don't have to be muscular Girls don't have to be curvy Boys don't have to love sex Girls don't have to be thin,very_funny,twisted_meaning,slight,motivational,very_positive,positive,positive,positive,0.63881,True,correct
2142,image_2143.jpg,THE LOOK ON EVERY MARINES FACE WAITING ON RUSSIA AND N.KOREA'S NEXT MOVE imgflip.com,THE LOOK ON EVERY MARINES FACE WAITING ON RUSSIA AND N.KOREA'S NEXT MOVE imgflip.com,very_funny,general,very_offensive,not_motivational,neutral,neutral,neutral,negative,0.9386316,False,neutral -> negative
96,image_97.jpg,WHAT THE FUUUU.... A SHOWER BRING ME THE FUCKING SINK NOW memegenerator.net memecenter.com Meme Center,WHAT THE FUUUU.... A SHOWER BRING ME THE FUCKING SINK NOW memegenerator.net GOOD JOB  NOW GTFO memecenter.com Meme Center,very_funny,twisted_meaning,very_offensive,motivational,positive,positive,positive,neutral,0.69866407,False,positive -> neutral
2510,image_2511.jpg,TOP 4 WISHES: 1. To earn money without working 2. To be smart without studying 3. To love without being hurt. 4. To eat without getting fat.,TOP 4 WISHES: 1. To earn money without working 2. To be smart without studying 3. To love without being hurt. 4. To eat without getting fat.,not_funny,general,not_offensive,not_motivational,negative,negative,negative,positive,0.9154696,False,negative -> positive
2357,image_2358.jpg,BEFORE CHUCK NORRIS GOES TO BED HE CHECKS UNDER HIS BED FOR LIAM NEESON,BEFORE CHUCK NORRIS GOES TO BED HE CHECKS UNDER HIS BED FOR LIAM NEESON,very_funny,not_sarcastic,not_offensive,motivational,very_positive,positive,positive,neutral,0.9414011,False,positive -> neutral
3645,image_3646.png,SEXIST. VIA 9GAG.COM THIS LADY WHO CALLED ME OUT FOR MY HISTORY OF MISOGYNISTIC COMMENTS MUST BE ON HER PERIOD,SEXIST. VIA 9GAG.COM THIS LADY WHO CALLED ME OUT FOR MY HISTORY OF MISOGYNISTIC COMMENTS MUST BE ON HER PERIOD,hilarious,general,not_offensive,not_motivational,positive,positive,positive,positive,0.67530936,True,correct
6296,image_6297.jpg,If you don'T want meN looking at you maybe you sHould cover up more,If you don'T want meN looking at you maybe you sHould cover up more,very_funny,twisted_meaning,slight,not_motivational,very_positive,positive,positive,positive,0.7148808,True,correct
1559,image_1560.jpg,SO,SO VIOLENT VIDEO GAMES ARE RESPONSIBLE FOR MURDERERS? REMIND ME  WHICH VIDEO GAMES INSPIRED HITLER  STALIN  ATTILA THE HUN  AND GENGHIS KHAN?,very_funny,general,very_offensive,motivational,positive,positive,positive,positive,0.99788326,True,correct
816,image_817.jpg,PLEASE CITY BOY THIS HOW WE ROLL,PLEASE CITY BOY THIS HOW WE ROLL,hilarious,very_twisted,very_offensive,not_motivational,neutral,neutral,neutral,neutral,0.99864393,True,correct
3137,image_3138.png,when you decide to make a different penguin meme and then regret it YOU DIDN'T SEE ANYTHING me Qirl,when you decide to make a different penguin meme and then regret it YOU DIDN'T SEE ANYTHING me irl,not_funny,not_sarcastic,very_offensive,not_motivational,negative,negative,negative,positive,0.5934032,False,negative -> positive
828,image_829.jpg,BACK IN MY DAY A SELFIE IS WHAT YOU DID WHEN THE WIFE WOULDN'T PUT OUT,BACK IN MY DAY A SELFIE IS WHAT YOU DID WHEN THE WIFE WOULDN'T PUT OUT,funny,not_sarcastic,not_offensive,not_motivational,negative,negative,negative,neutral,0.951642,False,negative -> neutral
6486,image_6487.png,TECHNOLOGY Elon Musk Offers To Buy And Then Revive Adolf Hitler The model SS is gonna be great!,TECHNOLOGY Elon Musk Offers To Buy And Then Revive Adolf Hitler The model SS is gonna be great!,very_funny,not_sarcastic,not_offensive,not_motivational,very_positive,positive,positive,positive,0.7575539,True,correct
1904,image_1905.jpg,A picture of Steve Harvey and all of the women he's helped with his books. steveharvey,A picture of Steve Harvey and all of the women he's helped with his books. steveharvey,very_funny,general,not_offensive,not_motivational,positive,positive,positive,positive,0.6091444,True,correct
4278,image_4279.png,,I WILL BUILD A SPACE FORCE AND MAKE THE MARTIANS PAY FOR IT. BELIEVE ME! BIGLY! OCCUPY DEMOCRATS,not_funny,very_twisted,not_offensive,not_motivational,negative,negative,negative,negative,0.98728174,True,correct
2583,image_2584.jpg,BEING NORMAL?! I just can't imagine how awful that must be!,BEING NORMAL?! I just can't imagine how awful that must be!,not_funny,not_sarcastic,not_offensive,not_motivational,neutral,neutral,neutral,positive,0.77736604,False,neutral -> positive
1602,image_1603.jpg,THAT MOMENT WHEN THE BEST MAN REALIZES HE FORGOT THE RINGS,THAT MOMENT WHEN THE BEST MAN REALIZES HE FORGOT THE RINGS,very_funny,general,very_offensive,motivational,very_positive,positive,positive,positive,0.9983109,True,correct
4172,image_4173.jpeg,My mom The cashier just trying to do their job,The cashier just trying to do their job My mom,hilarious,general,very_offensive,not_motivational,positive,positive,positive,positive,0.47470808,True,correct
6329,image_6330.jpg,THAT MOMENT WHEN YOU REALIZE YOU NEED A GF,THAT MOMENT WHEN YOU REALIZE YOU NEED A GF,not_funny,general,slight,not_motivational,positive,positive,positive,positive,0.99760157,True,correct
5237,image_5238.jpg,@thenerdyuniverse Avengers Enfant Avengers: Age of Ultron Avengers: Infinity War,@thenerdyuniverse Avengers Enfant Avengers: Age of Ultron Avengers: Infinity War,very_funny,general,slight,motivational,positive,positive,positive,positive,0.7335673,True,correct
4128,image_4129.jpg,GETS FIRST BOYFRIEND LOSES HIM ON THE TITANIC,GETS FIRST BOYFRIEND LOSES HIM ON THE TITANIC,hilarious,general,very_offensive,motivational,positive,positive,positive,positive,0.8311596,True,correct
2352,image_2353.jpg,MAKES FIRST PRANK PHONE CALL www.cleanMemes.com www.CleanMemes.com LIAM NEESON,MAKES FIRST PRANK PHONE CALL  www.CleanMemes.com LIAM NEESON,not_funny,twisted_meaning,very_offensive,not_motivational,negative,negative,negative,positive,0.73396295,False,negative -> positive
284,image_285.jpg,WAKE UP AND GET LOUD CHARGERS FANS NU SIS ITS GAMEDAY.GO CHARGERS!,WAKE UP AND GET LOUD CHARGERS FANS NU SIS ITS GAMEDAY.GO CHARGERS!,very_funny,twisted_meaning,slight,motivational,positive,positive,positive,positive,0.9762704,True,correct
678,image_679.jpg,when you want to get in shape for summer but life is hard tatum.strangely,when you want to get in shape for summer but life is hard WESLO.strangely,very_funny,general,slight,motivational,positive,positive,positive,positive,0.90029156,True,correct
3301,image_3302.jpg,NO...MORE....MEMES ALLOWED!!!!!! umgflip.com,NO...MORE....MEMES ALLOWED!!!!!! umgflip.com,hilarious,very_twisted,very_offensive,motivational,positive,positive,positive,neutral,0.54919875,False,positive -> neutral
3203,image_3204.jpeg,CAPTAIN'S LOG,CAPTAIN'S LOG,funny,twisted_meaning,slight,motivational,positive,positive,positive,positive,0.8250348,True,correct
3915,image_3916.jpg,GOOD RIDDANCE memecenter.com Memetenter,GOOD RIDDANCE memecenter.com MemeCenter,funny,general,not_offensive,not_motivational,positive,positive,positive,neutral,0.5008682,False,positive -> neutral
5711,image_5712.jpg,"II U ""I'm not great at advice",I'm not great at advice  can I interest you in a sarcastic comment? -Chandler Bing Whisper,hilarious,general,slight,not_motivational,very_positive,positive,positive,positive,0.7709422,True,correct
1659,image_1660.jpg,GET THAT PINK SHIT AWAY FROM ME imgflip.com,GET THAT PINK SHIT AWAY FROM ME imgflip.com,not_funny,not_sarcastic,slight,motivational,positive,positive,positive,neutral,0.5621227,False,positive -> neutral
747,image_748.jpg,YO DAWG,YO DAWG  I HEARD U DONT LIKE CHUCK NORRIS,funny,twisted_meaning,slight,motivational,very_positive,positive,positive,positive,0.98675656,True,correct
1777,image_1778.jpg,I wish we could all get along like we used to in middle school... I wish I could bake a cake filled with rainbows and smiles and everyone would eat and be happy..... She doesn't even go here! emrummelovegood,I wish we could all get along like we used to in middle school... I wish I could bake a cake filled with rainbows and smiles and everyone would eat and be happy..... She doesn't even go here! emrummelovegood,very_funny,general,not_offensive,not_motivational,positive,positive,positive,positive,0.6449605,True,correct
150,image_151.jpg,* TELLS HIS KIDS ABOUT ALL THE TIMES THAT HE AND BARNEY BANGED CHICKS STILL THINKS THAT TALKING ABOUT MARIJUANA IS INDECENT memecenter.com Memetentera,* TELLS HIS KIDS ABOUT ALL THE TIMES THAT HE AND BARNEY BANGED CHICKS STILL THINKS THAT TALKING ABOUT MARIJUANA IS INDECENT memecenter.com Memetentera,funny,general,very_offensive,not_motivational,neutral,neutral,neutral,neutral,0.87046593,True,correct
6952,image_6953.jpg,ANIMATED MEMES WAIT FOR IT...,ANIMATED MEMES WAIT FOR IT...,not_funny,general,slight,not_motivational,positive,positive,positive,positive,0.9560664,True,correct
1314,image_1315.jpg,WHEN YOUR HAVING FUN WITH YOUR COUSINS AND YOUR MOM SAYS GET READY WE LEAVING IN 30 MINUTES,WHEN YOUR HAVING FUN WITH YOUR COUSINS AND YOUR MOM SAYS GET READY WE LEAVING IN 30 MINUTES,not_funny,not_sarcastic,not_offensive,not_motivational,positive,positive,positive,neutral,0.72065073,False,positive -> neutral
1514,image_1515.jpg,COMPLAINS THAT YOUR SEX DRIVE IS TOO HIGH AND CALLS IT A TURN OFF CHEATS ON YOU memegenerator.net,COMPLAINS THAT YOUR SEX DRIVE IS TOO HIGH AND CALLS IT A TURN OFF CHEATS ON YOU memegenerator.net,funny,general,not_offensive,not_motivational,neutral,neutral,neutral,neutral,0.99639976,True,correct
4270,image_4271.jpg,,DON'T MIND ME I'M FIXING WHAT OBAM BROKE,very_funny,general,slight,not_motivational,very_positive,positive,positive,neutral,0.9258185,False,positive -> neutral
646,image_647.png,To catch the fish... You must first... Become the fish Funniest cat memes (Swipe),To catch the fish... You must first... Become the fish Funniest cat memes (Swipe),not_funny,general,slight,motivational,neutral,neutral,neutral,positive,0.9983701,False,neutral -> positive
830,image_831.jpg,WHY DO YOU WEAR PINK CAMO? @americanstrong ARE YOU GOING TO HUNT FLAMINGOS? Reinvented by DieselChick DJIF for iFunny :) ifunny.mobi,WHY DO YOU WEAR PINK CAMO? @americanstrong ARE YOU GOING TO HUNT FLAMINGOS? Reinvented by DieselChick DJIF for iFunny :) ifunny.mobi,not_funny,general,not_offensive,not_motivational,neutral,neutral,neutral,positive,0.9674383,False,neutral -> positive
3048,image_3049.jpg,"Frederick Joseph @FredTJoseph “Lord give us the strength not to put hands on Trump and Melania."" #GeorgeHwBushFuneral 12:07 PM · 05 Dec 18 · Twitter for iPhone","Frederick Joseph @FredTJoseph “Lord give us the strength not to put hands on Trump and Melania."" #GeorgeHwBushFuneral 12:07 PM · 05 Dec 18 · Twitter for iPhone",not_funny,twisted_meaning,very_offensive,not_motivational,negative,negative,negative,positive,0.9833112,False,negative -> positive
1499,image_1500.jpg,WHEN SHE KNOWS YOU VE BOUGHT THE RING,WHEN SHE KNOWS YOU VE BOUGHT THE RING BUT YOU HAVEN'T GIVEN IT TO HER YET.,not_funny,not_sarcastic,not_offensive,not_motivational,positive,positive,positive,positive,0.9602513,True,correct
6552,image_6553.jpg,X-MEN: FIRST CLASS DRINKING GAME TAKE A BIG SWIG EVERY TIME XAVIER DOES THIS... quickmeme.com,X-MEN: FIRST CLASS DRINKING GAME TAKE A BIG SWIG EVERY TIME XAVIER DOES THIS... quickmeme.com,hilarious,general,slight,not_motivational,positive,positive,positive,positive,0.7128876,True,correct
6330,image_6331.jpg,MY GIRLFRIEND TREATS ME LIKE A GOD SHEIGNORES ME UNTIL SHE NEEDS ME FOR SOMETHING The Internet Scavengers - PH3Lwab.com,MY GIRLFRIEND TREATS ME LIKE A GOD SHEIGNORES ME UNTIL SHE NEEDS ME FOR SOMETHING The Internet Scavengers - PH3Lwab.com,not_funny,twisted_meaning,not_offensive,not_motivational,neutral,neutral,neutral,positive,0.82689714,False,neutral -> positive
1907,image_1908.jpg,I JUST LOST MY meregenerator.net,I JUST LOST MY memegenerator.net,not_funny,general,slight,not_motivational,positive,positive,positive,positive,0.431786,True,correct
4993,image_4994.jpg,,Occupy Democrats,not_funny,general,hateful_offensive,motivational,neutral,neutral,neutral,negative,0.78570163,False,neutral -> negative
6555,image_6556.jpg,If a lizard wore pants would he wear them like this like this?,If a lizard wore pants would he wear them like this or like this?,not_funny,twisted_meaning,very_offensive,motivational,neutral,neutral,neutral,positive,0.99473345,False,neutral -> positive
3883,image_3884.jpg,WHEN YOU KNOW YOU'RE 23 AND THEY SEE YOU AS 45 OTTOMICBLUE.COM,WHEN YOU KNOW YOU'RE 23 AND THEY SEE YOU AS 45 OTTOMICBLUE.COM,funny,general,slight,not_motivational,neutral,neutral,neutral,positive,0.9528844,False,neutral -> positive
3917,image_3918.jpg,I DONT ALWAYS UPGRADE TO THE LATEST WINDOWS SOFTWARE BUT WHEN I DO,I DONT ALWAYS UPGRADE TO THE LATEST WINDOWS SOFTWARE BUT WHEN I DO  ITS CAUSE I FORGOT TO SHUT DOWN MY PC imgfilp.com,not_funny,general,not_offensive,not_motivational,very_positive,positive,positive,positive,0.97699875,True,correct
674,image_675.jpg,NO! I DON'T need a reason I'M A CAT,NO! I DON'T need a reason I'M A CAT,funny,not_sarcastic,not_offensive,not_motivational,neutral,neutral,neutral,neutral,0.911406,True,correct
6222,image_6223.jpg,Cold Beerem Jeans Small town beer Beei Trucks Girl Truck Beer Hey girl Trucks,Cold Beerem Jeans Small town beer Beei Trucks Girl Truck Beer Hey girl Trucks,very_funny,general,very_offensive,motivational,positive,positive,positive,neutral,0.90757954,False,positive -> neutral
3328,image_3329.jpg,THEY COMPARE PUTIN TO ME? IWISHIHE WERE MeeSeeman,THEY COMPARE PUTIN TO ME? I WISH HE WERE MemesHappen,funny,general,hateful_offensive,not_motivational,positive,positive,positive,positive,0.56668466,True,correct
6819,image_6820.jpg,"<html><head><meta content=""text/html; charset=UTF-8"" http-equiv=""content-type""><style type=""text/css"">ol{margin:0;padding:0}table td",Al will rival the impact of nuclear weapons  yet it remains a largely unregulated space Gerd,not_funny,not_sarcastic,not_offensive,not_motivational,neutral,neutral,neutral,positive,0.97801524,False,neutral -> positive
2902,image_2903.png,BLIZZARD WANTS TO BAN VIA 9GAG.COM OVERWATCH PORN MEMEFUL.COM,BLIZZARD WANTS TO BAN VIA 9GAG.COM OVERWATCH PORN MEMEFUL.COM,not_funny,not_sarcastic,slight,not_motivational,positive,positive,positive,neutral,0.9809208,False,positive -> neutral
5397,image_5398.jpg,I hate it when people are at your house and ask “Do you have a bathroom?' No,I hate it when people are at your house and ask “Do you have a bathroom?' No  we pee in the yard.,hilarious,not_sarcastic,not_offensive,not_motivational,positive,positive,positive,positive,0.92040277,True,correct
4662,image_4663.jpg,MOTHER OF HUMANS? TOO MAINSTREAM,MOTHER OF HUMANS? TOO MAINSTREAM.,very_funny,twisted_meaning,slight,not_motivational,positive,positive,positive,positive,0.98210675,True,correct
2658,image_2659.jpg,When your mom shows you a minion meme,When your mom shows you a minion meme,very_funny,general,slight,not_motivational,positive,positive,positive,positive,0.9994511,True,correct
4678,image_4679.jpg,IT'S NOT YOUR JOB TO THINK IT'S YOUR JOB TO HATE TRUMP BECAUSE WE TELL YOU TO! imgflip.com,IT'S NOT YOUR JOB TO THINK IT'S YOUR JOB TO HATE TRUMP BECAUSE WE TELL YOU TO! imgflip.com,very_funny,twisted_meaning,slight,not_motivational,neutral,neutral,neutral,positive,0.7336754,False,neutral -> positive
338,image_339.jpg,"WHAT HAPPENED THE MAJOR MOTION PICTURE RELEASE ""WE HAVE IT ALL."" -Anon 3/5/2018 ""IMPOSSIBLE TO DEFEND."" -Anon 3/5/2018 ""THE NAIL IN MANY COFFINS."". -QAnon 3/5/2018 “NO FREE PASSES."" -Anon 3/5/2018 ""NO DEALS."" Anon 3/5/2018 IN ""TOXIC TO THOSE CONNECTED."". Anon 3/5/2018 ""BOOM.” -QAnon 3/5/2018 WINNER e nese Laur DALLAS sinfined l Popis GALWAY todel buy leert OMZ KOREA filefly THEY NEVER THOUGHT SHE WOULD LOSE SPRING 2018 RELEASE #Release TheVideo","WHAT HAPPENED THE MAJOR MOTION PICTURE RELEASE ""WE HAVE IT ALL."" -Anon 3/5/2018 ""IMPOSSIBLE TO DEFEND."" -Anon 3/5/2018 ""THE NAIL IN MANY COFFINS."". -QAnon 3/5/2018 “NO FREE PASSES."" -Anon 3/5/2018 ""NO DEALS."" Anon 3/5/2018 IN ""TOXIC TO THOSE CONNECTED."". Anon 3/5/2018 ""BOOM.” -QAnon 3/5/2018 WINNER e nese Laur DALLAS sinfined l Popis GALWAY todel buy leert OMZ KOREA filefly THEY NEVER THOUGHT SHE WOULD LOSE SPRING 2018 RELEASE #Release TheVideo",funny,general,slight,not_motivational,positive,positive,positive,neutral,0.6945345,False,positive -> neutral
5286,image_5287.png,I DON'T UNDERSTAND COMPUTERS BUT I HAVE CANCER,I DON'T UNDERSTAND COMPUTERS BUT I HAVE CANCER  SO YOLO,not_funny,twisted_meaning,slight,not_motivational,neutral,neutral,neutral,neutral,0.79231864,True,correct
1240,image_1241.jpeg,You don't have bigger balls than me... mine had to be put on my chest to avoid chaffing,You don't have bigger balls than me... mine had to be put on my chest to avoid chaffing,funny,twisted_meaning,very_offensive,not_motivational,very_negative,negative,negative,positive,0.95979583,False,negative -> positive
2815,image_2816.jpg,what if i told you i knew you'd reply late.. just to make me sweat it,what if i told you i knew you'd reply late.. just to make me sweat it  and it didn't work?,funny,not_sarcastic,not_offensive,not_motivational,neutral,neutral,neutral,positive,0.981518,False,neutral -> positive
6825,image_6826.png,THE NUMBER OF PEOPLE WHO REFUSE TO GOOGLE THEIR QUESTION IS TOO DAMN HIGH! made on impur,THE NUMBER OF PEOPLE WHO REFUSE TO GOOGLE THEIR QUESTION IS TOO DAMN HIGH! made on impur,very_funny,not_sarcastic,not_offensive,not_motivational,neutral,neutral,neutral,positive,0.66772825,False,neutral -> positive
4596,image_4597.jpg,When u find a hair In your food,When u find a hair In your food,funny,not_sarcastic,slight,not_motivational,very_positive,positive,positive,positive,0.99571604,True,correct
4979,image_4980.jpg,I SH*T YOU NOT JUST KIDDING,I SH*T YOU NOT JUST KIDDING  SK*T I DID memegenerator.net,not_funny,not_sarcastic,slight,not_motivational,negative,negative,negative,neutral,0.9961689,False,negative -> neutral
4946,image_4947.jpg,MAKES FUN OF CHUCK NORRIS. GETS ROUNDHOUSE KICKED. HEAD COMES OFF. HE IS STILL -CALLED UGLY. Imgflip.com,MAKES FUN OF CHUCK NORRIS. GETS ROUNDHOUSE KICKED. HEAD COMES OFF. HE IS STILL -CALLED UGLY. Imgflip.com,funny,twisted_meaning,slight,not_motivational,positive,positive,positive,neutral,0.99541277,False,positive -> neutral
5948,image_5949.jpg,We all have that one friend who gets overly affectionate when drunk dc family,We all have that one friend who gets overly affectionate when drunk abc family,hilarious,twisted_meaning,slight,not_motivational,positive,positive,positive,neutral,0.97247046,False,positive -> neutral
5625,image_5626.jpg,FAIR WARNING: YALL KNOW,FAIR WARNING: Y'ALL KNOW ONE DAY I'M GONNA SNAP  RIGHT? imgflip.com,funny,general,not_offensive,not_motivational,positive,positive,positive,neutral,0.6445796,False,positive -> neutral
6743,image_6744.png,"<html><head><meta content=text/html; charset=UTF-8"" http-equiv=""content-type""><style type=""text/css"">ol{margin:0;padding:0}table td",RIGHT TO BEAR ARMS? IN SOVIET RUSSIA  WE HAVE RIGHT TO WHOLE BEAR picture:imgur,very_funny,twisted_meaning,very_offensive,motivational,neutral,neutral,neutral,positive,0.9986816,False,neutral -> positive
1636,image_1637.png,YOU MANAGED TO GET AN ENTIRE DEAD HORSE'S HEAD IN BED WITH HIM WITHOUT WAKING HIM UP? NOT BAD quickmeme.com Approving Baby Korean Godfather memes | quickmeme,YOU MANAGED TO GET AN ENTIRE DEAD HORSE'S HEAD IN BED WITH HIM WITHOUT WAKING HIM UP? NOT BAD quickmeme.com Approving Baby Korean Godfather memes | quickmeme,very_funny,general,slight,not_motivational,positive,positive,positive,positive,0.7199161,True,correct
5519,image_5520.png,You vs the penguin she tells you not to worry about smdh,You vs the penguin she tells you not to worry about smdh,funny,not_sarcastic,slight,motivational,positive,positive,positive,neutral,0.68700755,False,positive -> neutral
1118,image_1119.jpg,ER I SHIT YOU NOT THE AIRPLANE WAS COMING RIGHT FOR MY MOUTH zipmeme,ER I SHIT YOU NOT THE AIRPLANE WAS COMING RIGHT FOR MY MOUTH zipmeme,not_funny,not_sarcastic,not_offensive,motivational,neutral,neutral,neutral,positive,0.6823664,False,neutral -> positive
3016,image_3017.jpg,I SMELL... WEED memegenerator.net,I SMELL... WEED memegenerator.net,not_funny,not_sarcastic,very_offensive,motivational,very_positive,positive,positive,positive,0.95211583,True,correct
5812,image_5813.jpg,Beware Whom You Call Ugly in High School Then Now,Beware Whom You Call Ugly in High School Then Now,very_funny,general,not_offensive,not_motivational,positive,positive,positive,positive,0.73793733,True,correct
1047,image_1048.jpg,AND THAT THING IS SHOCKING EVEN WHEN SHE'S WITH HER FRIEND. ISTOCK by Getty krages by Getty Images SADANDUSELESS.COM iStock y Getty Images LiStock --காமரos DV Gany images iftock Jy Getty Images,AND THAT THING IS SHOCKING EVEN WHEN SHE'S WITH HER FRIEND. ISTOCK by Getty krages by Getty Images SADANDUSELESS.COM iStock y Getty Images LiStock --காமரos DV Gany images iftock Jy Getty Images,not_funny,general,very_offensive,not_motivational,neutral,neutral,neutral,positive,0.99112624,False,neutral -> positive
6916,image_6917.jpg,YOUR KID IS THE BEST ON HIS LITTLE LEAGUE TEAM? TELL ME MORE ABOUT HIS FUTURE IN MLB. imgflip.com,YOUR KID IS THE BEST ON HIS LITTLE LEAGUE TEAM? TELL ME MORE ABOUT HIS FUTURE IN MLB. imgflip.com,funny,general,slight,not_motivational,positive,positive,positive,neutral,0.8066931,False,positive -> neutral
2989,image_2990.jpg,FILL MAKE AMERICA HATE AGAIN I'VE ALREADY MADE AMERICA GREAT AGAIN OCCUPY DEMOCRATS,FILL MAKE AMERICA HATE AGAIN I'VE ALREADY MADE AMERICA GREAT AGAIN OCCUPY DEMOCRATS,hilarious,general,slight,motivational,very_positive,positive,positive,positive,0.7065738,True,correct
5149,image_5150.png,I love Friday F-If R-You I-Vacinate D-You OO A-Will y-Die,I love Friday F-If R-You I-Vacinate D-You OO A-Will y-Die,very_funny,twisted_meaning,slight,motivational,positive,positive,positive,neutral,0.8752544,False,positive -> neutral
4279,image_4280.png,,FORIEGN POLICY? MESS WITH THE UNITED STATES & THERE WILL BE HELL TOUPEE,funny,twisted_meaning,not_offensive,not_motivational,very_positive,positive,positive,positive,0.83007085,True,correct
3250,image_3251.jpg,WE DONTLIKE YOUR ILLEGAL OCCUPATION OF CRIMEA. WE DON'T LIKE YOUR ILLEGAL OCCUPATION OF HAWANI. imgp.com,WE DONTLIKE YOUR ILLEGAL OCCUPATION OF CRIMEA. WE DON'T LIKE YOUR ILLEGAL OCCUPATION OF HAWAI I. imgp.com,not_funny,not_sarcastic,not_offensive,not_motivational,neutral,neutral,neutral,negative,0.91938734,False,neutral -> negative
125,image_126.jpg,BARNEY STINSON'S TOTALLY AWESOME HARRY POTTER PICK UP LINES VITAMIN-HA.COM HAVE YOU HEARD OF PLATFORM 9 AND 3/4? WELL,BARNEY STINSON'S TOTALLY AWESOME HARRY POTTER PICK UP LINES VITAMIN-HA.COM HAVE YOU HEARD OF PLATFORM 9 AND 3/4? WELL  I CAN THINK OF SOMETHING ELSE WITH THE EXACT SANE MEASUREMENTS....,not_funny,not_sarcastic,not_offensive,not_motivational,neutral,neutral,neutral,neutral,0.7795862,True,correct
4233,image_4234.jpg,,I DON'T ALWAYS SPEW VILE HATE  BIGOTRY  LIES AND STUPIDITY WHEN I SPEAK... OH  WHAT...YES I DO THAT'S ALL I EVER FUCKING DO.,hilarious,general,not_offensive,not_motivational,neutral,neutral,neutral,neutral,0.92363507,True,correct
5683,image_5684.jpg,"When someone says I won't be able to eat all those wings """"Things are only impossible until they are not."" — Jean-Luc Picard @lotw_wingking","When someone says I won't be able to eat all those wings """"Things are only impossible until they are not."" — Jean-Luc Picard @lotw_wingking",very_funny,general,slight,not_motivational,positive,positive,positive,positive,0.9907774,True,correct
368,image_369.jpg,This is Bill Bill is a designer Bill keeps the developer in mind while designing Bill doesn't name his files as untitled(1).psd Bill doesn't stay back in office just to claim overtime meals Bill is smart. Be like Bill.,This is Bill Bill is a designer Bill keeps the developer in mind while designing Bill doesn't name his files as untitled(1).psd Bill doesn't stay back in office just to claim overtime meals Bill is smart. Be like Bill.,not_funny,general,not_offensive,not_motivational,neutral,neutral,neutral,positive,0.9939433,False,neutral -> positive
2298,image_2299.jpg,KIM JONG-UN KIM JONG-DEUX,KIM JONG-UN KIM JONG-DEUX,funny,general,slight,motivational,neutral,neutral,neutral,positive,0.94295335,False,neutral -> positive
4135,image_4136.jpg,Did you know? Titanic was Filmed in a Pool and The Water was Warm,Did you know? Titanic was Filmed in a Pool and The Water was Warm,funny,not_sarcastic,not_offensive,not_motivational,neutral,neutral,neutral,neutral,0.55195004,True,correct
1794,image_1795.JPG,I'M GOING TO BED CAN:1.SLYTHERIN?,I'M GOING TO BED CAN I SLYTHERIN?,funny,twisted_meaning,slight,not_motivational,neutral,neutral,neutral,positive,0.5706745,False,neutral -> positive
756,image_757.jpg,WON THE WORLD SERIES OF POKER USING POKEMON CARDS,WON THE WORLD SERIES OF POKER USING POKEMON CARDS,not_funny,very_twisted,not_offensive,motivational,very_negative,negative,negative,positive,0.6585583,False,negative -> positive
4736,image_4737.png,WHO WOULD YOU RATHER SEEN IN THE NEXT 2 AVENGERS FILMS MARVELO S.PAGE AGENT COULSON GHOST RIDER CAPTAIN MARVEL DEFENDERS (Reilly Johnson),WHO WOULD YOU RATHER SEEN IN THE NEXT 2 AVENGERS FILMS MARVELO S.PAGE AGENT COULSON GHOST RIDER CAPTAIN MARVEL DEFENDERS (Reilly Johnson),not_funny,general,slight,not_motivational,positive,positive,positive,positive,0.99431807,True,correct
2817,image_2818.jpg,WHAT IF THE MORPHEUS MEME IS REALLY JUST A BAD IMAGE,WHAT IF THE MORPHEUS MEME IS REALLY JUST A BAD IMAGE  INSIDE A BAAD MEME  INSIDE THE MATRIX.net,very_funny,twisted_meaning,not_offensive,not_motivational,positive,positive,positive,positive,0.796157,True,correct
3070,image_3071.jpg,Sorry it took so long to get you a copy of my birth certificate I was too busy killing Osama bin Laden,Sorry it took so long to get you a copy of my birth certificate I was too busy killing Osama bin Laden,very_funny,general,very_offensive,motivational,positive,positive,positive,neutral,0.81604856,False,positive -> neutral
327,image_328.jpg,#1 ON TRENDING REUPLOAD Logan Paul Vlogs We found a dead body in the Japanese Suicide... 2M views 15K 22K Share Download Add to,#1 ON TRENDING REUPLOAD Logan Paul Vlogs We found a dead body in the Japanese Suicide... 2M views 15K 22K Share Download Add to,very_funny,not_sarcastic,not_offensive,not_motivational,positive,positive,positive,positive,0.9393647,True,correct
3324,image_3325.jpg,SORRY I'M LATE NEEDED MORE POPCORN TEGEge lerator.net,SORRY I'M LATE NEEDED MORE POPCORN memegenerator.net,funny,general,not_offensive,not_motivational,positive,positive,positive,positive,0.6992672,True,correct
4933,image_4934.jpg,"FARCETHEMUSIC.COM WHEN YOU SAY THAT IT'S ALRIGHT TO BE LITTLE BITTY BUT YOU'RE 6'4"" SO YOU NEVER LIVED THROUGH ALL YOUR FRIENDS MAKING SHORT JOKES ABOUT YOU","FARCETHEMUSIC.COM WHEN YOU SAY THAT IT'S ALRIGHT TO BE LITTLE BITTY BUT YOU'RE 6'4"" SO YOU NEVER LIVED THROUGH ALL YOUR FRIENDS MAKING SHORT JOKES ABOUT YOU",very_funny,general,slight,not_motivational,positive,positive,positive,positive,0.63207835,True,correct
3132,image_3133.jpg,IF YOU TALK TO MY GIRL AGAIN NIGGAI WILL CUT YOU memecenter.com Mamelenler,IF YOU TALK TO MY GIRL AGAIN NIGGAI WILL CUT YOU memecenter.com MemeCeneter,hilarious,twisted_meaning,slight,not_motivational,neutral,neutral,neutral,negative,0.85951126,False,neutral -> negative
6353,image_6354.jpg,DON'T WORRY HONEY I JUST MADE SURE THAT BITCH WOULD NEVER SAID HI TO YOU AGAIN,DON'T WORRY HONEY I JUST MADE SURE THAT BITCH WOULD NEVER SAID HI TO YOU AGAIN,funny,not_sarcastic,very_offensive,motivational,positive,positive,positive,neutral,0.9873241,False,positive -> neutral
465,image_466.jpeg,We can change. Or we could walk right behind each other and look like one person going really fast.,We can change. Or we could walk right behind each other and look like one person going really fast.,funny,twisted_meaning,not_offensive,not_motivational,positive,positive,positive,positive,0.793646,True,correct
4836,image_4837.jpg,lagnabad Delta Thriller Memecenter.com ALIENS H HIGORY.co quickmeme.com,lagnabad Delta Thriller Memecenter.com ALIENS H HIGORY.co quickmeme.com,very_funny,twisted_meaning,very_offensive,not_motivational,positive,positive,positive,neutral,0.9960658,False,positive -> neutral
6600,image_6601.jpg,PEOPLE ARE SO UNGRATEFUL. No one ever thanks me for having the patience not to kill them.,PEOPLE ARE SO UNGRATEFUL. No one ever thanks me for having the patience not to kill them.,very_funny,twisted_meaning,very_offensive,not_motivational,neutral,neutral,neutral,positive,0.8203413,False,neutral -> positive
6473,image_6474.jpg,Who Would Win? A German artist with little artistic talent 6,Who Would Win? A German artist with little artistic talent 6 000 000 Jews,funny,general,slight,motivational,negative,negative,negative,positive,0.99610764,False,negative -> positive
998,image_999.png,R.I.P. to the greatest meme of all time. The father of all memes. @HipHop Memes Daily R.I.P. MEME * 1994 + 2016 The DiCaprio meme. Guess we won't be making a Leo meme anytime soon leonardodicaprio theoscars oscars theoscars 2016 oscars2016 bestactoroftheyear therevenant,R.I.P. to the greatest meme of all time. The father of all memes. @HipHop Memes Daily R.I.P. MEME * 1994 + 2016 The DiCaprio meme. Guess we won't be making a Leo meme anytime soon leonardodicaprio theoscars oscars theoscars 2016 oscars2016 bestactoroftheyear therevenant,not_funny,not_sarcastic,not_offensive,not_motivational,neutral,neutral,neutral,positive,0.98750275,False,neutral -> positive
4649,image_4650.jpg,When ur wife forces u to delete 30,When ur wife forces u to delete 30 000 emails overnight R AN S,funny,general,not_offensive,not_motivational,positive,positive,positive,positive,0.98477584,True,correct
6049,image_6050.jpg,being single is so deeply a part of my identity that I truly don't know wtf I'd do with a boyfriend. Do u have to walk it? How often does it need to be fed? I'm not ready,being single is so deeply a part of my identity that I truly don't know wtf I'd do with a boyfriend. Do u have to walk it? How often does it need to be fed? I'm not ready,funny,general,not_offensive,not_motivational,neutral,neutral,neutral,positive,0.7976471,False,neutral -> positive
4686,image_4687.jpg,WANTS TO CONTROL THE COUNTRY CAN'T EVEN CONTROL HIS HAIR,WANTS TO CONTROL THE COUNTRY CAN'T EVEN CONTROL HIS HAIR,very_funny,general,very_offensive,motivational,neutral,neutral,neutral,positive,0.87615293,False,neutral -> positive
3072,image_3073.jpg,Obama: Did you replace all the toiletries with travel size bottles? Biden: He's got tiny hands Barack,Obama: Did you replace all the toiletries with travel size bottles? Biden: He's got tiny hands Barack  I want him to feel welcome here.,very_funny,general,very_offensive,not_motivational,positive,positive,positive,positive,0.46817124,True,correct
5874,image_5875.jpeg,This country is * going to hell Not enough dirty hoes,This country is * going to hell Not enough dirty hoes,funny,general,slight,not_motivational,neutral,neutral,neutral,positive,0.85473216,False,neutral -> positive
3943,image_3944.jpg,STUDY FOR 0.1 SECOND GET 99.9% IN THE EXAM,STUDY FOR 0.1 SECOND GET 99.9% IN THE EXAM,not_funny,very_twisted,not_offensive,not_motivational,very_positive,positive,positive,positive,0.94874674,True,correct
1087,image_1088.png,Dr Evil is literally more qualified than Donald Trump,Dr Evil is literally more qualified than Donald Trump  and far less likely to destroy the world,very_funny,very_twisted,very_offensive,not_motivational,negative,negative,negative,negative,0.70810735,True,correct
1937,image_1938.jpg,TERASED 18 1/2 MINUTES OF TAPET - HILLARY DELETED 30,TERASED 18 1/2 MINUTES OF TAPE - HILLARY DELETED 30 000 EMAILS WHO'S THE CROOK NOW? imgflip.com,very_funny,general,slight,motivational,very_positive,positive,positive,positive,0.8294168,True,correct
2575,image_2576.jpg,10+ Hilarious Memes Of The Day A Person who always disturbs you Is the person who always loves you (MEMES) KICK. CLICK HERE FOR MORE,10+ Hilarious Memes Of The Day A Person who always disturbs you Is the person who always loves you (MEMES) KICK. CLICK HERE FOR MORE,funny,not_sarcastic,not_offensive,not_motivational,very_positive,positive,positive,positive,0.9986864,True,correct
1927,image_1928.png,YOU EITHER DIE A HERO OR YOU LIVE LONG ENOUGH TO SEE YOURSELF BECOME THE VILLAIN. made on Imgur,YOU EITHER DIE A HERO OR YOU LIVE LONG ENOUGH TO SEE YOURSELF BECOME THE VILLAIN. made on Imgur,funny,twisted_meaning,not_offensive,not_motivational,negative,negative,negative,positive,0.91261137,False,negative -> positive
3825,image_3826.jpg,I'M A COUGAR!! NFL CBS DPI31 I'M A JAGUAR!! . NE 47 4TH 5:15 12 T. BRADY 23/33,I'M A COUGAR!! NFL CBS DPI31 I'M A JAGUAR!! . NE 47 4TH 5:15 12 T. BRADY 23/33 432 YDS  4 TD I'M CHEETAH!!!!,funny,not_sarcastic,not_offensive,not_motivational,positive,positive,positive,positive,0.734084,True,correct
157,image_158.jpg,WHEN YOU BURN YOUR PIZZA ROLLS IN THE OVEN TRIGGERED,MR MIME: THE BARRIER POKEMON. KNOWN TO MAKE WALLS AND HAVE SILLY HAIR THAT'S MY POKEMON ifunny.co,funny,general,very_offensive,not_motivational,neutral,neutral,neutral,positive,0.98184925,False,neutral -> positive
1713,image_1714.jpg,LOCKUP THE CHICKENS AND FUCK THE KING I'M BACK,LOCKUP THE CHICKENS AND FUCK THE KING I'M BACK,not_funny,general,not_offensive,motivational,negative,negative,negative,neutral,0.9730776,False,negative -> neutral
2422,image_2423.jpg,HEY GIRL,HEY GIRL  THANK YOU,not_funny,general,not_offensive,not_motivational,neutral,neutral,neutral,neutral,0.9135997,True,correct
5048,image_5049.png,memes about self hatred memes about loving myself and all my friends,memes about self hatred memes about loving myself and all my friends,very_funny,twisted_meaning,very_offensive,motivational,positive,positive,positive,neutral,0.9687327,False,positive -> neutral
5693,image_5694.jpg,Rick Wilson @TheRick Wilson Get yourself a lover who looks at you the way Trump looks at Putin. 11/11/18,Rick Wilson @TheRick Wilson Get yourself a lover who looks at you the way Trump looks at Putin. 11/11/18  8:39 PM,hilarious,general,not_offensive,not_motivational,positive,positive,positive,neutral,0.60004467,False,positive -> neutral
1680,image_1681.jpg,This is Bran Bran's seen Game Of Thrones Doesn't spoil it for others ashwinska Be Like Bran,This is Bran Bran's seen Game Of Thrones Doesn't spoil it for others ashwinska Be Like Bran,very_funny,twisted_meaning,hateful_offensive,not_motivational,neutral,neutral,neutral,positive,0.6495918,False,neutral -> positive
5357,image_5358.jpg,SHE LIKED MY PICTURE ON INSTAGRAM SO I GUESS YOU COULD SAY THINGS ARE GETTIN' PRETTY SERIOUS quickmeme.com,SHE LIKED MY PICTURE ON INSTAGRAM SO I GUESS YOU COULD SAY THINGS ARE GETTIN' PRETTY SERIOUS quickmeme.com,funny,twisted_meaning,very_offensive,motivational,neutral,neutral,neutral,neutral,0.8719653,True,correct
2230,image_2231.jpg,if someone hates you for no reason Give that Mother Fucker a reason!,if someone hates you for no reason Give that Mother Fucker a reason!,hilarious,twisted_meaning,not_offensive,not_motivational,neutral,neutral,neutral,positive,0.6414369,False,neutral -> positive
4165,image_4166.png,- WHAT DO THE TITANIC AND THE SIXTH SENSE HAVE IN COMMON? Made with FUMATIC ICY DEAD PEOPLE UNKNOWN PUNster 2017 Made with FUMATIC That's cold. #UnKNOWN_PUNster,- WHAT DO THE TITANIC AND THE SIXTH SENSE HAVE IN COMMON? Made with FUMATIC ICY DEAD PEOPLE UNKNOWN PUNster 2017 Made with FUMATIC That's cold. #UnKNOWN_PUNster,not_funny,not_sarcastic,not_offensive,not_motivational,neutral,neutral,neutral,positive,0.99320704,False,neutral -> positive
2967,image_2968.jpg,NEMO! DON'T TOUCH THE BUTT! YOLO! mememaker.net,NEMO! DON'T TOUCH THE BUTT! YOLO! mememaker.net,not_funny,not_sarcastic,not_offensive,not_motivational,neutral,neutral,neutral,negative,0.78722703,False,neutral -> negative
305,image_306.jpeg,Man: *buys punching bag* Wife: SABC Am I a joke to you?,Man: *buys punching bag* Wife: Am I a joke to you?,hilarious,twisted_meaning,slight,not_motivational,very_positive,positive,positive,positive,0.85982627,True,correct
1925,image_1926.png,MISS COLOMBIA WAS LIKE @STANGYOASS SO,MISS COLOMBIA WAS LIKE @STANGYOASS SO  DID AND WIN OR NAH?,very_funny,general,not_offensive,motivational,positive,positive,positive,positive,0.9163378,True,correct
2481,image_2482.jpg,WHEN THE WAITER IS BRINGING YOUR FOOD TO THE TABLE A little more caution from you; that is no trinket you carry,WHEN THE WAITER IS BRINGING YOUR FOOD TO THE TABLE A little more caution from you; that is no trinket you carry,very_funny,twisted_meaning,slight,motivational,positive,positive,positive,positive,0.98868364,True,correct
5701,image_5702.jpg,AND I SWEAR,AND I SWEAR,funny,twisted_meaning,not_offensive,not_motivational,negative,negative,negative,neutral,0.9233486,False,negative -> neutral
3237,image_3238.jpg,The Picard Maneuver Involves his fist,The Picard Maneuver Involves his fist  apparently.,not_funny,not_sarcastic,not_offensive,not_motivational,neutral,neutral,neutral,positive,0.9713306,False,neutral -> positive
4451,image_4452.png,DA Donald Trump and Kim Jong-un impersonators that were thrown out of Winter Olympics opening ceremony!,DA Donald Trump and Kim Jong-un impersonators that were thrown out of Winter Olympics opening ceremony!,very_funny,twisted_meaning,very_offensive,not_motivational,neutral,neutral,neutral,positive,0.9484989,False,neutral -> positive
1009,image_1010.png,I WISH SOMEONE WOULD LOOK AT ME THE WAY LEO LOOKS AT AN OSCAR,I WISH SOMEONE WOULD LOOK AT ME THE WAY LEO LOOKS AT AN OSCAR,funny,general,slight,motivational,negative,negative,negative,positive,0.689152,False,negative -> positive
5290,image_5291.jpg,Are you trying to get me to hate you? Because that's how you get me to hate you,Are you trying to get me to hate you? Because that's how you get me to hate you,not_funny,general,slight,not_motivational,positive,positive,positive,neutral,0.83214396,False,positive -> neutral
6822,image_6823.jpg,IFICANTFINISH THIS GAME OF SUDOKU & HI E 2 CH 374 9H TWILL DECLARE WAR ON SOUTH KOREA We Know Memes,IFICANTFINISH THIS GAME OF SUDOKU & HI E 2 CH 374 9H TWILL DECLARE WAR ON SOUTH KOREA We Know Memes,hilarious,very_twisted,not_offensive,not_motivational,neutral,neutral,neutral,positive,0.9745418,False,neutral -> positive
5033,image_5034.jpg,AFTER YEARS OF CHEATING BILL REALIZES HOW PAINFUL IT IS WHEN.. Meme Center.com SOMEBODY ELSE F**KS YOUR SPOUSE imgi p com,AFTER YEARS OF CHEATING BILL REALIZES HOW PAINFUL IT IS WHEN.. Meme Center.com SOMEBODY ELSE F**KS YOUR SPOUSE imgi p com,very_funny,not_sarcastic,not_offensive,not_motivational,neutral,neutral,neutral,neutral,0.80941916,True,correct
219,image_220.png,Mr. Bean invented selfies,Mr. Bean invented selfies,funny,general,slight,not_motivational,positive,positive,positive,neutral,0.9565101,False,positive -> neutral
5731,image_5732.png,DID YOU KNOW ?? meme (EPAL DILIP RAYAMAJHI HAS THE SAME NUMBER OFOSCAR AWARD AS LEONARDO DICAPRIO Leonardo DiCaprio :D,DID YOU KNOW ?? meme (EPAL DILIP RAYAMAJHI HAS THE SAME NUMBER OFOSCAR AWARD AS LEONARDO DICAPRIO Leonardo DiCaprio :D,not_funny,not_sarcastic,not_offensive,motivational,very_positive,positive,positive,positive,0.842634,True,correct
4561,image_4562.jpg,Lecturer. Who needs extra sheet? Class topper be like,Lecturer. Who needs extra sheet? Class topper be like,very_funny,general,very_offensive,motivational,positive,positive,positive,positive,0.9123025,True,correct
915,image_916.jpg,HERE'S HOW DEADPOOL MADE hief ishida Atar.com AHIS DREAM COME TRUE,HERE'S HOW DEADPOOL MADE hief ishida Atar.com AAARH!!! HIS DREAM COME TRUE,very_funny,general,slight,motivational,positive,positive,positive,neutral,0.46932814,False,positive -> neutral
5036,image_5037.jpg,me at 3 in the morning 2 year old vine comp on youtube,me at 3 in the morning 2 year old vine comp on youtube,very_funny,general,not_offensive,not_motivational,positive,positive,positive,neutral,0.7632417,False,positive -> neutral
2111,image_2112.png,IT'S JUST A PRANK,"IT'S JUST A PRANK  BRO"" - ADOLF Hitler 1945",hilarious,general,not_offensive,not_motivational,positive,positive,positive,positive,0.75130486,True,correct
6873,image_6874.jpg,IT TOOK YOU 10 MINUTES TO GET HOME GOOGLE MAPS SAYS IT TAKES 8. WHO IS SHE?!,IT TOOK YOU 10 MINUTES TO GET HOME GOOGLE MAPS SAYS IT TAKES 8. WHO IS SHE?!,very_funny,general,slight,motivational,neutral,neutral,neutral,neutral,0.80296814,True,correct
4708,image_4709.jpg,When people say Spider-Man 3 is the worst Spiderman film,When people say Spider-Man 3 is the worst Spiderman film but then you show them The amazing Spider-Man 2 OH NO  THIS IS MUCH WORSE,not_funny,very_twisted,very_offensive,not_motivational,positive,positive,positive,positive,0.91885775,True,correct
2550,image_2551.jpg,Yes I beat my kids No I DON'T FEED THEM OR LET THEM OUT OF THE BASEMENT,Yes I beat my kids No I DON'T FEED THEM OR LET THEM OUT OF THE BASEMENT,very_funny,general,very_offensive,motivational,very_positive,positive,positive,positive,0.65522355,True,correct
6574,image_6575.jpg,BEST FRIEND DOESN'T LIKE LORD OF THE RINGS? LORD OF THE RINGS MARATHON,BEST FRIEND DOESN'T LIKE LORD OF THE RINGS? LORD OF THE RINGS MARATHON,not_funny,not_sarcastic,not_offensive,not_motivational,neutral,neutral,neutral,positive,0.6739906,False,neutral -> positive
4727,image_4728.jpg,IF YOU WANT TO EXPOSE FAKE FRIENDS AND HATERS @aa START EXPOSING YOUR BLESSINGS AND FAVOR AND SEE WHO CLAPS FOR YOU ITZ ALL LOVE,IF YOU WANT TO EXPOSE FAKE FRIENDS AND HATERS @aa START EXPOSING YOUR BLESSINGS AND FAVOR AND SEE WHO CLAPS FOR YOU ITZ ALL LOVE,funny,twisted_meaning,not_offensive,not_motivational,neutral,neutral,neutral,positive,0.97965115,False,neutral -> positive
3025,image_3026.jpg,THEY ACTUALLY BELIEVE EVERYTHING I SAY imgflip.com,THEY ACTUALLY BELIEVE EVERYTHING I SAY imgflip.com,very_funny,not_sarcastic,not_offensive,not_motivational,positive,positive,positive,positive,0.9737042,True,correct
1912,image_1913.jpg,When you thought your friend gave you the right answers to the test,When you thought your friend gave you the right answers to the test,funny,general,not_offensive,not_motivational,positive,positive,positive,positive,0.95083785,True,correct
3272,image_3273.jpg,IDONTOFTEN BAN MEMES BUT WHEN I DO,I DON'T OFTEN BAN MEMES BUT WHEN I DO  PUTIN MEMES POP UP EVERYWHERE,very_funny,twisted_meaning,slight,motivational,neutral,neutral,neutral,negative,0.85877854,False,neutral -> negative
298,image_299.jpg,,OKAY,not_funny,twisted_meaning,not_offensive,not_motivational,neutral,neutral,neutral,positive,0.72585994,False,neutral -> positive
1606,image_1607.jpg,NO NEW BABY GODFATHER MEMES DIES memegenerator.net,NO NEW BABY GODFATHER MEMES DIES memegenerator.net,funny,very_twisted,not_offensive,not_motivational,negative,negative,negative,positive,0.9835739,False,negative -> positive
5783,image_5784.jpg,"a robot Mark Zuckerberg Memes @Zuckerberg Memes Senator: ""You insist that you're human.. could I ask you to walk over here and demonstrate that for me?"" Mark #Zuckerberg: 4:57 PM - Apr 10","a robot Mark Zuckerberg Memes @Zuckerberg Memes Senator: ""You insist that you're human.. could I ask you to walk over here and demonstrate that for me?"" Mark #Zuckerberg: 4:57 PM - Apr 10  2018 36 25 people are talking about this",very_funny,twisted_meaning,slight,motivational,neutral,neutral,neutral,positive,0.9929705,False,neutral -> positive
2666,image_2667.jpg,WOMEN DESERVE EQUAL RIGHTS AND LEFTS,WOMEN DESERVE EQUAL RIGHTS AND LEFTS,hilarious,twisted_meaning,not_offensive,not_motivational,neutral,neutral,neutral,neutral,0.9675136,True,correct
521,image_522.jpg,14 of the Best Cat Memes Cat Vills.com Tam... catman.,14 of the Best Cat Memes Cat Vills.com I am....catman.,funny,general,slight,motivational,positive,positive,positive,positive,0.9928572,True,correct
4931,image_4932.jpg,WOMEN ARE GOOD FOR 70 THINGS. SANDWICH AND 69,WOMEN ARE GOOD FOR 70 THINGS. SANDWICH AND 69,funny,not_sarcastic,slight,not_motivational,neutral,neutral,neutral,positive,0.9592891,False,neutral -> positive
5025,image_5026.jpg,"<html><head><meta content=""text/html; charset=UTF-8"" http-equiv=""content-type""><style type=""text/css"">ol{margin:0;padding:0}table td",FOTGOT WHERE I PUT MJOLNIR THEN IT COME TO ME,not_funny,very_twisted,hateful_offensive,motivational,very_positive,positive,positive,neutral,0.7758584,False,positive -> neutral
6211,image_6212.jpg,When That Country Girl FUNKYE DHA&CO. Shook It For Me,When That Country Girl FUNKYE DHA&CO. Shook It For Me,funny,very_twisted,very_offensive,not_motivational,positive,positive,positive,neutral,0.9973289,False,positive -> neutral
6216,image_6217.jpg,When you've given up on love,When you've given up on love and love's given up on,hilarious,general,slight,not_motivational,neutral,neutral,neutral,positive,0.91787815,False,neutral -> positive
2704,image_2705.jpg,PLUCK YOUR EYEBROWS OUT DRAW THEM BACK ON WOMAN LOGIC The above statement is an oxymoron. MEMEBASE.COM,PLUCK YOUR EYEBROWS OUT DRAW THEM BACK ON WOMAN LOGIC The above statement is an oxymoron. MEMEBASE.COM,hilarious,general,not_offensive,not_motivational,positive,positive,positive,positive,0.8709963,True,correct
5989,image_5990.png,Coolest sink ever! Looper Choose wisely... The Matrix Matrix Morpheus,Coolest sink ever! Looper Choose wisely... The Matrix Matrix Morpheus,hilarious,twisted_meaning,very_offensive,motivational,neutral,neutral,neutral,positive,0.97245526,False,neutral -> positive
1685,image_1686.jpg,Anyone can be killed. Apart from me,Anyone can be killed. Apart from me  daenerys  jon and Tyrion  because that would affect the show rating.,funny,twisted_meaning,very_offensive,motivational,positive,positive,positive,negative,0.7383007,False,positive -> negative
5352,image_5353.png,TOO MUCH LEGEND IN ONE PIC Ronaldo And Mr Bean 3,TOO MUCH LEGEND IN ONE PIC Ronaldo And Mr Bean 3,not_funny,not_sarcastic,not_offensive,not_motivational,negative,negative,negative,positive,0.9871515,False,negative -> positive
135,image_136.jpg,SHE IS THE FEMALE BARNEY STINSON Quickmeme.com,SHE IS THE FEMALE BARNEY STINSON Quickmeme.com,not_funny,not_sarcastic,not_offensive,not_motivational,neutral,neutral,neutral,positive,0.922229,False,neutral -> positive
2388,image_2389.png,FACT 330 a starwars.trivia Liam Neeson accepted the role of Qui-Gon before reading any of the script for his character I would've to - starwars cool nice fun like me follow,FACT 330 a starwars.trivia Liam Neeson accepted the role of Qui-Gon before reading any of the script for his character I would've to - starwars cool nice fun like me follow,not_funny,not_sarcastic,not_offensive,not_motivational,negative,negative,negative,neutral,0.3408276,False,negative -> neutral
3907,image_3908.png,It's always Christmas Day somewhere” -Steve Jobs A quote from Steve Jobs himself ,It's always Christmas Day somewhere” -Steve Jobs A quote from Steve Jobs himself,not_funny,general,not_offensive,motivational,positive,positive,positive,positive,0.7442081,True,correct
4461,image_4462.jpg,Mark Zuckerberg I asked only that you sell me your information and obediently follow my word. @Zuckerberg/Memes,Mark Zuckerberg I asked only that you sell me your information and obediently follow my word. @ZuckerbergMemes,funny,general,slight,not_motivational,neutral,neutral,neutral,neutral,0.5737673,True,correct
6744,image_6745.jpg,You ran baseball team. I ran KGB. VIS Stop the fuckings with me. IOANRASCHERZBURGER.COM,You ran baseball team. I ran KGB. VIS Stop the fuckings with me. ICANHASCHEEZBURGER.CO,funny,general,not_offensive,not_motivational,positive,positive,positive,negative,0.5206132,False,positive -> negative
2572,image_2573.jpg,Thave a date tonight,Thave a date tonight  with my sister we are totally ginna sleep together.,very_funny,general,very_offensive,not_motivational,very_positive,positive,positive,positive,0.996732,True,correct
4219,image_4220.jpg,,WHEN A DRAFT DODGER BECOMES YOUR COMMANDER-IN- CHIEF,funny,twisted_meaning,very_offensive,not_motivational,very_positive,positive,positive,positive,0.8041681,True,correct
947,image_948.jpg,CHEERS TO MY HATERS. THERE IS SO MUCH MORE TO memegenerator.net,CHEERS TO MY HATERS. THERE IS SO MUCH MORE TO COME! memegenerator.net,funny,general,slight,not_motivational,very_positive,positive,positive,positive,0.9647129,True,correct
6917,image_6918.jpg,JUST HAD THE CRAZIEST DREAM CSN H MUUT FACEBOOK.COM/THEMLBNEMES dis THAT I ACTUALLY WENT TO AN ASTROS GAME,JUST HAD THE CRAZIEST DREAM CSN H MUUT FACEBOOK.COM/THEMLBNEMES dis THAT I ACTUALLY WENT TO AN ASTROS GAME,very_funny,twisted_meaning,slight,motivational,positive,positive,positive,neutral,0.95454246,False,positive -> neutral
1903,image_1904.jpg,WELL THEY ALL KINDA LOOK THE SAME 2 Cindy Poluta @Cindy Poluta y Follow #Steve Harvey right now #MissUniverse 2015 2:37 PM - 21 Dec 2015 6 47 433 603,WELL THEY ALL KINDA LOOK THE SAME 2 Cindy Poluta @Cindy Poluta y Follow #Steve Harvey right now #MissUniverse 2015 2:37 PM - 21 Dec 2015 6 47 433 603,not_funny,not_sarcastic,not_offensive,not_motivational,positive,positive,positive,positive,0.49816698,True,correct
845,image_846.jpg,TODAY'S MOOD? YEAH YOU GUESSED IT. - Imgflip.com,TODAY'S MOOD? YEAH YOU GUESSED IT. - Imgflip.com,funny,general,slight,not_motivational,neutral,neutral,neutral,neutral,0.8666631,True,correct
6806,image_6807.jpg,YES,YES  I'M UNCOVERED ON THE FLIGHT DECK WITH MY  HANDS IN MY POCKET NO  THERE'S NOTHING YOU CAN DO ABOUT IT,very_funny,general,very_offensive,not_motivational,positive,positive,positive,positive,0.84190917,True,correct
5647,image_5648.jpg,ELDER HOLLAND DOESNT DO PUSH UPS HE PUSHES THE EARTH DOWN imgflip.com,ELDER HOLLAND DOESNT DO PUSH UPS HE PUSHES THE EARTH DOWN imgflip.com,funny,twisted_meaning,slight,motivational,positive,positive,positive,neutral,0.9002043,False,positive -> neutral
2889,image_2890.jpg,OKLETS MAKE A DEAL ACCEPTALL BAD LUCK BRIAN MEME U GET 900 Smegenerator.net,OK LETS MAKE A DEAL ACCEPT ALL BAD LUCK BRIAN MEME U GET 900 $ megenerator.net,not_funny,not_sarcastic,not_offensive,not_motivational,neutral,neutral,neutral,positive,0.953119,False,neutral -> positive
3062,image_3063.png,15 OF THE 19 9/11 HIJACKERS WERE ILLEGAL IMMIGRANTS IF THEY WERE SITTING IN JAIL AWAITING DEPORTATION TODAY,15 OF THE 19 9/11 HIJACKERS WERE ILLEGAL IMMIGRANTS IF THEY WERE SITTING IN JAIL AWAITING DEPORTATION TODAY  OBAMA WOULD HAVE SET THEM FREE AND BLAMED THE SEQUESTER.,not_funny,very_twisted,very_offensive,not_motivational,negative,negative,negative,negative,0.6240225,True,correct
6304,image_6305.jpeg,"when ur friend texts u ""I'm here"" and u walk outside and they're not @GARIKSUHARIK","when ur friend texts u ""I'm here"" and u walk outside and they're not @GARIKSUHARIK",very_funny,twisted_meaning,not_offensive,motivational,positive,positive,positive,positive,0.9898985,True,correct
3940,image_3941.jpeg,"NO ONE CALLED ME ""ZELDA""","NO ONE CALLED ME ""ZELDA""",not_funny,not_sarcastic,not_offensive,not_motivational,neutral,neutral,neutral,neutral,0.73865795,True,correct
2500,image_2501.png,You were the chosen one. You are a bold one.,You were the chosen one. You are a bold one.,funny,general,slight,not_motivational,neutral,neutral,neutral,positive,0.8589204,False,neutral -> positive
6870,image_6871.jpg,SEXIST? VIA 9GAG.COM THIS LADY WHO CALLED ME OUT FOR MY HISTORY OF MISOGYNISTIC COMMENTS MUST BE ON HER PERIOD,SEXIST? VIA 9GAG.COM THIS LADY WHO CALLED ME OUT FOR MY HISTORY OF MISOGYNISTIC COMMENTS MUST BE ON HER PERIOD,very_funny,general,slight,not_motivational,positive,positive,positive,positive,0.96823174,True,correct
1470,image_1471.jpg,That Moment * Me mt KOLITHI PODUVOM.. When our committed friend got Breakup with his girlfriend,That Moment * Me mt KOLITHI PODUVOM.. When our committed friend got Breakup with his girlfriend,very_funny,twisted_meaning,slight,motivational,neutral,neutral,neutral,positive,0.9883768,False,neutral -> positive
5003,image_5004.jpg,STEVENS INSTITUTE OF TECHNOLOGY PLEASE TELL ME HOW SMART YOU ARE AGAIN B a stierne.com,STEVENS INSTITUTE OF TECHNOLOGY PLEASE TELL ME HOW SMART YOU ARE AGAIN B a stierne.com,not_funny,not_sarcastic,not_offensive,not_motivational,very_negative,negative,negative,neutral,0.99475175,False,negative -> neutral
590,image_591.jpg,WHAT I REALLY WANTISTO DIRECT. YOU TO THE NEAREST DOOR,WHAT I REALLY WANTISTO DIRECT. YOU TO THE NEAREST DOOR,not_funny,very_twisted,very_offensive,not_motivational,very_positive,positive,positive,positive,0.9547955,True,correct
5945,image_5946.jpg,"<html><head><meta content=""text/html; charset=UTF-8"" http-equiv=""content-type""><style type=""text/css"">ol{margin:0;padding:0}table td",Is this a cat or a snail?,funny,not_sarcastic,not_offensive,not_motivational,positive,positive,positive,neutral,0.99536186,False,positive -> neutral
5351,image_5352.jpg,NEVER FORGET THE FIVEDS DODGE DUCK,NEVER FORGET THE FIVE D'S DODGE DUCK  DUCK  DIP  DIVE AND DODGE,funny,general,not_offensive,not_motivational,positive,positive,positive,positive,0.9942754,True,correct
2883,image_2884.jpg,HAS TO SPEND ALL SATURDAY IN DETENTION EVERYONE ELSE ENDS UP IN COUPLES,HAS TO SPEND ALL SATURDAY IN DETENTION EVERYONE ELSE ENDS UP IN COUPLES  STILL ALONE AND PICKED ON.,very_funny,twisted_meaning,very_offensive,not_motivational,positive,positive,positive,positive,0.9380093,True,correct
4191,image_4192.png,Reddit when they found another tom & jerry meme T-Gay,Reddit when they found another tom & jerry meme T-Gay,very_funny,twisted_meaning,very_offensive,not_motivational,positive,positive,positive,neutral,0.9982054,False,positive -> neutral
5522,image_5523.png,I WANT BELLY RUBS. BUT ONLY EXACTLY 2. FunnyCat Memes.xyz AND THEN I'LL BITE.,I WANT BELLY RUBS. BUT ONLY EXACTLY 2. FunnyCat Memes.xyz AND THEN I'LL BITE.,very_funny,general,slight,not_motivational,positive,positive,positive,positive,0.9766483,True,correct
3349,image_3350.jpg,I am not a racist DAILY NEWS,I am not a racist DAILY NEWS,funny,general,not_offensive,not_motivational,positive,positive,positive,neutral,0.96306884,False,positive -> neutral
3684,image_3685.jpg,Life is this. I like this.,Life is this. I like this.,very_funny,general,slight,motivational,neutral,neutral,neutral,positive,0.9914283,False,neutral -> positive
1868,image_1869.jpg,AMERICA WHEN THE PENTAGON PAPERS LEAD TO WPA memegenerator.net,AMERICA WHEN THE PENTAGON PAPERS LEAD TO WPA memegenerator.net,funny,general,very_offensive,motivational,neutral,neutral,neutral,neutral,0.9799873,True,correct
2999,image_3000.jpg,Thanks Obama,Thanks Obama,not_funny,general,slight,not_motivational,positive,positive,positive,neutral,0.9162373,False,positive -> neutral
273,image_274.jpg,ONE'S OBSESSION WITH OILS is not measured by HOW MANY OILS THEY HAVE but rather,ONE'S OBSESSION WITH OILS is not measured by HOW MANY OILS THEY HAVE but rather how many EMPTY BOTTLES THEY CAN'T BEAR TO PART WITH ESSENTIALOILSTYLE.COM,not_funny,not_sarcastic,not_offensive,not_motivational,neutral,neutral,neutral,positive,0.9877337,False,neutral -> positive
216,image_217.jpg,FOREVER ALONE BEFORE IT WAS COOL memecenter.com Mamelenler,FOREVER ALONE BEFORE IT WAS COOL memecenter.com Mamelenler,very_funny,twisted_meaning,very_offensive,not_motivational,neutral,neutral,neutral,positive,0.86741686,False,neutral -> positive
5291,image_5292.jpg,funnymemes.com.au i can xplains ok...i cant,funnymemes.com.au i can xplains ok...i cant,funny,general,slight,not_motivational,positive,positive,positive,positive,0.90121305,True,correct
2256,image_2257.png,THIS IS JOKER THIS IS JOKE,THIS IS JOKER THIS IS JOKE,funny,twisted_meaning,very_offensive,motivational,positive,positive,positive,neutral,0.9709542,False,positive -> neutral
1809,image_1810.jpg,"I'm Ron Weasley. Pleasure. benedictscumberbatch: ""GIVE IT SEVEN YEARS AND HE'LL BE GIVING YOU JUST THAT.""","I'm Ron Weasley. Pleasure. benedictscumberbatch: ""GIVE IT SEVEN YEARS AND HE'LL BE GIVING YOU JUST THAT.""",funny,general,slight,not_motivational,neutral,neutral,neutral,positive,0.7851903,False,neutral -> positive
587,image_588.jpg,HI,HI,funny,general,slight,not_motivational,positive,positive,positive,positive,0.96922797,True,correct
1757,image_1758.jpg,IG/hand.os.jaime.lannister WHEN YOU SEE YOUR SISTER AGAIN BUT THE NIGHT KING IS STILL COMING,IG/hand.os.jaime.lannister WHEN YOU SEE YOUR SISTER AGAIN BUT THE NIGHT KING IS STILL COMING,funny,not_sarcastic,not_offensive,not_motivational,positive,positive,positive,negative,0.8504919,False,positive -> negative
3263,image_3264.jpg,Patrick Duncan Just now. ☺ I don't know about the oranges of the Mueller Report but I bet it's juicy.,Patrick Duncan Just now. ☺ I don't know about the oranges of the Mueller Report but I bet it's juicy.,not_funny,general,not_offensive,not_motivational,neutral,neutral,neutral,neutral,0.94903684,True,correct
2233,image_2234.png,Fact 1406 Superhero_Fix Including the extended cut,Fact 1406 Superhero_Fix Including the extended cut  The Joker has 12 minutes of screen time  and only 50 lines of dialogue in Suicide Squad.,very_funny,general,slight,not_motivational,positive,positive,positive,positive,0.52384657,True,correct
2003,image_2004.jpg,I LOST! GO BERNIE! #FEELTHEBERNZ memeshappen.com,I LOST! GO BERNIE! #FEELTHEBERNZ memeshappen.com,very_funny,general,very_offensive,motivational,neutral,neutral,neutral,positive,0.8668201,False,neutral -> positive
4208,image_4209.jpg,,WHEN YOUR SUGAR DADDY HAS THAT LOOK IN HIS EYE  BUY YOU'RE JUST GLAD YOU'RE Instagram/the world ffilthybill GETTING PAID! icreatorapp.com,hilarious,twisted_meaning,slight,not_motivational,very_positive,positive,positive,neutral,0.5925679,False,positive -> neutral
4907,image_4908.jpg,SO6 E17 chick and duck How are you doing? NO NO NO NO How You doin'!,SO6 E17 chick and duck How are you doing? NO NO NO NO How You doin'!,funny,general,slight,not_motivational,neutral,neutral,neutral,neutral,0.7956942,True,correct
6100,image_6101.png,I'm such a mess. Why do you even like me? Because you're almost as messed up alam. Find your Barney. #HIMYM https://t.co/fOSHO9W9ko,I'm such a mess. Why do you even like me? Because you're almost as messed up alam. Find your Barney. #HIMYM https://t.co/fOSHO9W9ko,funny,general,slight,not_motivational,very_positive,positive,positive,neutral,0.73848677,False,positive -> neutral
1646,image_1647.jpg,Got his life Got her eyes back 1 back You hang in there Theon...,Got his life back Got her eyes back You hang in there Theon...,very_funny,general,not_offensive,not_motivational,neutral,neutral,neutral,neutral,0.87197673,True,correct
3692,image_3693.jpeg,THE DIFFERENCE BETWEEN TRY AND TRIUMPH IS THAT LITTLE 'UMPH... @whatwouldharveydo,THE DIFFERENCE BETWEEN TRY AND TRIUMPH IS THAT LITTLE 'UMPH...' @whatwouldharveydo,very_funny,general,hateful_offensive,not_motivational,neutral,neutral,neutral,positive,0.9912572,False,neutral -> positive
969,image_970.png,Facta Book Leonardo DiCaprio and Kate Winslet helped pay the nursing home fees for the last Titanic survivor so she wouldn't have to sell anymore Titanic mementos to raise cash.,Facta Book Leonardo DiCaprio and Kate Winslet helped pay the nursing home fees for the last Titanic survivor so she wouldn't have to sell anymore Titanic mementos to raise cash.,very_funny,general,not_offensive,not_motivational,very_positive,positive,positive,positive,0.68241334,True,correct
3447,image_3448.png,2030: Rahul Gandhi for PM Election S abebabasin Under Process Bcbaba,2030: Rahul Gandhi for PM Election ANI  @bebabaUnder Process Bcbaba,very_funny,general,very_offensive,not_motivational,very_positive,positive,positive,positive,0.9432635,True,correct
6542,image_6543.png,where you get döm shoes at,gurrrl hold up where you get dem shoes at,funny,general,not_offensive,motivational,positive,positive,positive,positive,0.903374,True,correct
5759,image_5760.png,Today is the day Club Penguin gets shutdown IG:PolarSaurusRex In the armssss of thheee angelssss ~ Erin,Today is the day Club Penguin gets shutdown IG:PolarSaurusRex In the armssss of thheee angelssss ~ Erin,not_funny,very_twisted,not_offensive,not_motivational,positive,positive,positive,positive,0.8504296,True,correct
2723,image_2724.jpg,DUDES BE LIKE BITCHES BE LIKE THERE AINT SHIT IN MY PHONE! GIVE IT BACK! 'LONG HAIR DON'T CARE,DUDES BE LIKE BITCHES BE LIKE THERE AINT SHIT IN MY PHONE! GIVE IT BACK! 'LONG HAIR DON'T CARE,hilarious,very_twisted,not_offensive,motivational,positive,positive,positive,neutral,0.45265678,False,positive -> neutral
5402,image_5403.jpg,THERE IS NO KITTY ONLY ZUUL quickmeme.com,THERE IS NO KITTY ONLY ZUUL quickmeme.com,funny,general,slight,motivational,positive,positive,positive,positive,0.9655115,True,correct
5191,image_5192.jpg,"When you are a feminist and somebody tries to insult you by telling you ""with these ideas no man will ever want to marry you"" YOU HAVE NO POWER HERE","When you are a feminist and somebody tries to insult you by telling you ""with these ideas no man will ever want to marry you"" YOU HAVE NO POWER HERE",hilarious,very_twisted,not_offensive,not_motivational,neutral,neutral,neutral,positive,0.98444587,False,neutral -> positive
6896,image_6897.jpg,Rare image of united airlines staff training to re-accommodate a passenger Facebook.com/The NationOfDitkovich,Rare image of united airlines staff training to re-accommodate a passenger Facebook.com/The NationOfDitkovich,very_funny,general,not_offensive,not_motivational,positive,positive,positive,neutral,0.8900004,False,positive -> neutral
2731,image_2732.jpg,YEAH,YEAH  I READ ABOUT MALE PRIVILEGES ONCE LET ME EXPLAIN IT TO YOU,funny,general,not_offensive,motivational,positive,positive,positive,neutral,0.92619866,False,positive -> neutral
6498,image_6499.png,Which Jim Carrey are you today? CUCU 3 6 Oo me irl,Which Jim Carrey are you today? 1 2  3 4 5 6 7 8 9 me irl,very_funny,general,slight,not_motivational,positive,positive,positive,neutral,0.8628155,False,positive -> neutral
640,image_641.jpg,WHAT A BEAUTIFUL DAM LETS GO BACK INSIDE NOW,WHAT A BEAUTIFUL DAY LETS GO BACK INSIDE NOW,funny,general,slight,not_motivational,positive,positive,positive,positive,0.514679,True,correct
1863,image_1864.jpg,SET TO PLAY LEE HARVEY OSWALD GOES BACK IN TIME AND KILLS JFK,SET TO PLAY LEE HARVEY OSWALD GOES BACK IN TIME AND KILLS JFK,very_funny,general,very_offensive,not_motivational,neutral,neutral,neutral,neutral,0.98931944,True,correct
4465,image_4466.png,Gene Wilder Gene Calmer Gene Wilder dead at 83.,Gene Wilder Gene Calmer Gene Wilder dead at 83.,funny,not_sarcastic,slight,not_motivational,neutral,neutral,neutral,positive,0.5557182,False,neutral -> positive
3776,image_3777.jpg,Leaked footage of Spider-Man versus AntMan,Leaked footage of Spider-Man versus AntMan,not_funny,general,not_offensive,not_motivational,positive,positive,positive,negative,0.83161914,False,positive -> negative
438,image_439.jpg,THIS IS BILL BILLIS UPALL NIGHT BILL WATCHES GAME OF THRONES BEFORE EVERYONE ELSE BILL DOESNT SHARE SPOILERS SAVE THE WORLD BELIKE BILL DONT BE LIKE MOUNIR SAVETHE WORLD,THIS IS BILL BILLIS UPALL NIGHT BILL WATCHES GAME OF THRONES BEFORE EVERYONE ELSE BILL DOESNT SHARE SPOILERS SAVE THE WORLD BELIKE BILL DONT BE LIKE MOUNIR,funny,general,not_offensive,not_motivational,positive,positive,positive,positive,0.9806737,True,correct
3009,image_3010.jpg,I'M BACK BITCHES. zipmeme,I'M BACK BITCHES. zipmeme,not_funny,not_sarcastic,not_offensive,motivational,positive,positive,positive,neutral,0.508205,False,positive -> neutral
1125,image_1126.jpg,"<html><head><meta content=""text/html; charset=UTF-8"" http-equiv=""content-type""><style type=""text/css"">ol{margin:0;padding:0}table td",SLEEP LIKE A MESON DRUNK BABY,funny,twisted_meaning,not_offensive,not_motivational,neutral,neutral,neutral,neutral,0.9900192,True,correct
2143,image_2144.jpg,WHEN I HAD AN IMAGINARY FRIEND WE DID EVERYTHING TOGETHER imgflip.com,WHEN I HAD AN IMAGINARY FRIEND WE DID EVERYTHING TOGETHER imgflip.com,very_funny,very_twisted,hateful_offensive,motivational,neutral,neutral,neutral,positive,0.8789565,False,neutral -> positive
6281,image_6282.png,IS WHITE FEMINISM RACIST? If you're white and call yourself a feminist,IS WHITE FEMINISM RACIST? If you're white and call yourself a feminist  you need to watch this.,funny,general,slight,motivational,neutral,neutral,neutral,negative,0.47301954,False,neutral -> negative
1221,image_1222.png,GET OUT OF HERE WITH YOUR SCIENCE GENDER IS A SOCIAL CONSTRUCT memes Feminist Meme,GET OUT OF HERE WITH YOUR SCIENCE GENDER IS A SOCIAL CONSTRUCT memes Feminist Meme,not_funny,general,slight,not_motivational,neutral,neutral,neutral,neutral,0.9284974,True,correct
593,image_594.jpg,YES I AM JUDGING YOU quickmeme.com,YES I AM JUDGING YOU quickmeme.com,very_funny,general,not_offensive,not_motivational,positive,positive,positive,positive,0.9945029,True,correct
397,image_398.png,This is Madison. Madison sees it's raining outside. Madison doesn't post it on Facebook because she knows her friends also have eyes. Madison is smart. Be like Madison.,This is Madison. Madison sees it's raining outside. Madison doesn't post it on Facebook because she knows her friends also have eyes. Madison is smart. Be like Madison.,hilarious,not_sarcastic,not_offensive,not_motivational,positive,positive,positive,neutral,0.8128463,False,positive -> neutral
4210,image_4211.jpg,,FBI INVESTIGATE TRUMP LEAKS Joke4fun.com,hilarious,general,slight,motivational,negative,negative,negative,neutral,0.98454016,False,negative -> neutral
3196,image_3197.jpg,THE FACT THAT NO ONE UNDERSTANDS YOU,THE FACT THAT NO ONE UNDERSTANDS YOU  DOESN'T MEAN THAT YOU'RE AN ARTIST. imgflip.com,very_funny,twisted_meaning,very_offensive,motivational,neutral,neutral,neutral,positive,0.8864666,False,neutral -> positive
4325,image_4326.jpg,I SAID NO BACON THEY ALWAYS MESS UP MY ORDER,I SAID NO BACON! THEY ALWAYS MESS UP MY ORDER,very_funny,general,slight,not_motivational,positive,positive,positive,positive,0.37622482,True,correct
3669,image_3670.png,BITCH HOW DA HELL SHE LIKE YOU YOUR A ASSHOLE Make your Meme at www.lolsclub.com LOL's Club » Laugh Out Loud's Club » skeptical baby meme,BITCH HOW DA HELL SHE LIKE YOU YOUR A ASSHOLE Make your Meme at www.lolsclub.com LOL's Club » Laugh Out Loud's Club » skeptical baby meme,funny,not_sarcastic,not_offensive,not_motivational,positive,positive,positive,positive,0.97783047,True,correct
6458,image_6459.jpg,MY NEW HEALTH CARE PLAN: DIXON DIAZ UNIVERSITY HOSPITAL STAY ALIVE TILL ELECTION DAY,MY NEW HEALTH CARE PLAN: DIXON DIAZ UNIVERSITY HOSPITAL STAY ALIVE TILL ELECTION DAY,funny,twisted_meaning,not_offensive,not_motivational,neutral,neutral,neutral,positive,0.62982273,False,neutral -> positive
2274,image_2275.jpeg,Donald Trump and Kim Jong-Un meeting,Donald Trump and Kim Jong-Un meeting  circa 2018,very_funny,general,not_offensive,not_motivational,very_positive,positive,positive,positive,0.9957904,True,correct
6832,image_6833.jpg,COME BACK TO AMERICA WITH YOU?,COME BACK TO AMERICA WITH YOU?,not_funny,not_sarcastic,hateful_offensive,motivational,very_negative,negative,negative,positive,0.99415743,False,negative -> positive
2886,image_2887.png,Plays Video Game Dies On Tutorial Meme ucket.com,Plays Video Game Dies On Tutorial Meme Bucket.com,not_funny,not_sarcastic,not_offensive,not_motivational,positive,positive,positive,positive,0.9604523,True,correct
4475,image_4476.png,HowThug my mom vs. howThug my girlfriend e problematictv Good morning good morning - Kun,How I hug my mom vs. how I hug my girlfriend e problematic tv Good morning good morning - Kun,funny,not_sarcastic,slight,not_motivational,positive,positive,positive,positive,0.9937729,True,correct
740,image_741.jpg,CHUCK NORRIS WAS ONCE ON AMERICAN IDOL.. . HE WON USING SIGN LANGUAGE,CHUCK NORRIS WAS ONCE ON AMERICAN IDOL.. . HE WON USING SIGN LANGUAGE,hilarious,general,slight,motivational,positive,positive,positive,positive,0.6550087,True,correct
6651,image_6652.jpg,WHAT IF I TOLD YOU PARAMOUNT PURPOSELY MADE SONIC UGLY TO GAIN ATTENTION,WHAT IF I TOLD YOU PARAMOUNT PURPOSELY MADE SONIC UGLY TO GAIN ATTENTION  AND HAS THE REDESIGN READY TO GO imgflip.com,hilarious,very_twisted,slight,not_motivational,neutral,neutral,neutral,positive,0.6334912,False,neutral -> positive
2984,image_2985.png,Biden: I sent Pence tickets to Hamilton Obama: Joe..why Biden: just watch Obama:,Biden: I sent Pence tickets to Hamilton Obama: Joe..why Biden: just watch Obama:,hilarious,very_twisted,very_offensive,motivational,positive,positive,positive,negative,0.98302716,False,positive -> negative
6802,image_6803.png,Some Amazing Facts Thanks to his Internet popularity,"Some Amazing Facts Thanks to his Internet popularity  ""success kid"" made enough money to fund his dad's kidney transplant.",very_funny,general,hateful_offensive,motivational,positive,positive,positive,positive,0.9670769,True,correct
5085,image_5086.jpg,I'M JUST ONE STEP AWAY FROM BEING RICH,I'M JUST ONE STEP AWAY FROM BEING RICH  ALL I NEED NOW IS MONEY. EUREKA,very_funny,very_twisted,very_offensive,not_motivational,very_positive,positive,positive,positive,0.74561507,True,correct
286,image_287.jpg,"How to start a conversation with a girl When someone says ""can we please just enjoy one dinner without you bringing up The Tragedy of Darth Plagueis the Wise Did you ever hear the tragedy of Darth Plaqueis the Wise?","How to start a conversation with a girl When someone says ""can we please just enjoy one dinner without you bringing up The Tragedy of Darth Plagueis the Wise Did you ever hear the tragedy of Darth Plaqueis the Wise?",funny,twisted_meaning,slight,not_motivational,neutral,neutral,neutral,positive,0.9777394,False,neutral -> positive
2489,image_2490.png,Stop that! When I see my fellow members of r/lotrmemes continuing the war even though the entire thing was an inside job,Stop that! When I see my fellow members of r/lotrmemes continuing the war even though the entire thing was an inside job,very_funny,general,not_offensive,not_motivational,neutral,neutral,neutral,negative,0.7243713,False,neutral -> negative
3736,image_3737.jpeg,OH WALL NOBODY UNDERSTANDS --- ME LIKE YOU! Monteereitor,OH WALL NOBODY UNDERSTANDS --- ME LIKE YOU! Memecreator,funny,general,slight,motivational,neutral,neutral,neutral,positive,0.94725555,False,neutral -> positive
2069,image_2070.jpg,"A Negative but Effective Leader VADOLF HITLER""","A Negative but Effective Leader ""ADOLF HITLER""",not_funny,general,not_offensive,motivational,neutral,neutral,neutral,positive,0.95606804,False,neutral -> positive
5368,image_5369.jpg,5 PEOPLE,5 PEOPLES  1 THINGS IN COMMON FARCETHEMUSIC.COM,not_funny,not_sarcastic,not_offensive,not_motivational,neutral,neutral,neutral,neutral,0.9968029,True,correct
3017,image_3018.png,actty THE PEOPLE MAD AT MALIA OBAMA FOR DRINKING WINE AND WEARING A BATHING SUIT AT AGE 20 ARE THE SAME PEOPLE WHO EXCUSE BRETT KAVANAUGH FOR DRINKING BEER AND ASSAULTING A WOMAN AT AGE 17. Zach Bomstein y @ZackBornstein Via act.tv,actty THE PEOPLE MAD AT MALIA OBAMA FOR DRINKING WINE AND WEARING A BATHING SUIT AT AGE 20 ARE THE SAME PEOPLE WHO EXCUSE BRETT KAVANAUGH FOR DRINKING BEER AND ASSAULTING A WOMAN AT AGE 17. Zach Bomstein y @ZackBornstein Via act.tv,very_funny,twisted_meaning,hateful_offensive,not_motivational,positive,positive,positive,neutral,0.93018633,False,positive -> neutral
2039,image_2040.jpg,LIBERALS...PLEASE STOP CALLING NON GERMANS NAZIS YOU'RE APPROPRIATING MY CULTURE imgp.com,LIBERALS...PLEASE STOP CALLING NON GERMANS NAZIS YOU'RE APPROPRIATING MY CULTURE imgflip.com,funny,general,very_offensive,not_motivational,negative,negative,negative,negative,0.91335386,True,correct
1299,image_1300.jpg,HAPPY BIRTHDAY FRIEND.WE HAVE ARRANGED THE PARTY PAY THE BILLS THEN YOU CAN ALSO JOIN,HAPPY BIRTHDAY FRIEND.WE HAVE ARRANGED THE PARTY PAY THE BILLS THEN YOU CAN ALSO JOIN,funny,general,not_offensive,not_motivational,very_positive,positive,positive,positive,0.99402255,True,correct
6097,image_6098.jpg,LADIES AND GENTLEMEN TIME TO SUIT UP Tereyenerator.net,LADIES AND GENTLEMEN TIME TO SUIT UP Tereyenerator.net,not_funny,not_sarcastic,not_offensive,not_motivational,neutral,neutral,neutral,positive,0.9931265,False,neutral -> positive
402,image_403.jpg,Why do all these bills have my name on them?!,Why do all these bills have my name on them?!,not_funny,twisted_meaning,slight,motivational,positive,positive,positive,positive,0.43077496,True,correct
2223,image_2224.jpg,You put candy in eggs around the office And everyone loses their minds! quickmeme.com,You put candy in eggs around the office And everyone loses their minds! quickmeme.com,funny,general,slight,motivational,neutral,neutral,neutral,positive,0.9905161,False,neutral -> positive
6341,image_6342.jpg,CRAZY EX-GIRLFRIEND GOT ARRESTED TODAY WAS A GOOD DAY makeameme.org,CRAZY EX-GIRLFRIEND GOT ARRESTED TODAY WAS A GOOD DAY makeameme.org,very_funny,general,not_offensive,not_motivational,positive,positive,positive,neutral,0.9764913,False,positive -> neutral
3045,image_3046.jpg,I've produced my birth certificate for everyone to see. In return,I've produced my birth certificate for everyone to see. In return  i challenge mr. Trump to produce his real hailine.,funny,general,slight,motivational,neutral,neutral,neutral,positive,0.7800645,False,neutral -> positive
3109,image_3110.png,Ever seen a hard boiled penguin egg? No? Well,Ever seen a hard boiled penguin egg? No? Well  today is your day. Lmao @streetposts,very_funny,not_sarcastic,not_offensive,not_motivational,positive,positive,positive,positive,0.9975177,True,correct
1399,image_1400.jpg,When you're too shy to talk to your crush and you ask your friends for advice A friend's advice: A best friend's advice: That's okay. Give it time. STOP BEING A LITTLE BITCH,When you're too shy to talk to your crush and you ask your friends for advice A friend's advice: A best friend's advice: That's okay. Give it time. STOP BEING A LITTLE BITCH,very_funny,twisted_meaning,very_offensive,not_motivational,very_positive,positive,positive,positive,0.9953636,True,correct
6138,image_6139.jpg,"This is T-dog. He wears a flat bill snapback and a wallet chain. He says things like ""hoes be trippin"" and ""yo this party fire.” T-dog just signed a record deal to be a country singer. T-dog's fans are idiots. Don't be like T-dog's fans. FARCETHEMUSIC.COM","This is T-dog. He wears a flat bill snapback and a wallet chain. He says things like ""hoes be trippin"" and ""yo this party fire.” T-dog just signed a record deal to be a country singer. T-dog's fans are idiots. Don't be like T-dog's fans. FARCETHEMUSIC.COM",very_funny,general,slight,not_motivational,positive,positive,positive,neutral,0.8956011,False,positive -> neutral
4303,image_4304.jpeg,Magneto,Magneto  he's my dad. WHAT? well  he and mom did it. Raven  you're my mom. You've gotta be f*cking kidding me.,not_funny,not_sarcastic,slight,not_motivational,negative,negative,negative,positive,0.7691336,False,negative -> positive
6815,image_6816.png,Apple Card is the new Magnises. No card number No CVV security code No expiration date No signature 59 Marisa Robertson 1:39 PM - 25 Mar 2019,Apple Card is the new Magnises. No card number No CVV security code No expiration date No signature 59 Marisa Robertson 1:39 PM - 25 Mar 2019,not_funny,general,very_offensive,motivational,positive,positive,positive,positive,0.52243936,True,correct
1133,image_1134.jpg,WUMMIN WAIT,WAIT  WAIT  WAIT YOU'RE HOW OLD?,funny,general,not_offensive,not_motivational,neutral,neutral,neutral,neutral,0.8239985,True,correct
6158,image_6159.png,THE ONLY TWO REASONS TO WATCH THE BIG BANG THEORY,THE ONLY TWO REASONS TO WATCH THE BIG BANG THEORY,funny,general,slight,not_motivational,positive,positive,positive,negative,0.8984891,False,positive -> negative
2228,image_2229.jpg,IT'S SIMPLE WE LET CONFESSION BEAR KILL THE MALLARD AND INSANITY WOLF KILL CONFESSION BEAR quickmeme.com,IT'S SIMPLE WE LET CONFESSION BEAR KILL THE MALLARD AND INSANITY WOLF KILL CONFESSION BEAR quickmeme.com,very_funny,twisted_meaning,very_offensive,motivational,very_negative,negative,negative,positive,0.75597125,False,negative -> positive
5004,image_5005.png,COPY AND PASTE HISTORY.COM memecrunch.com Copy and paste,COPY AND PASTE HISTORY.COM memecrunch.com Copy and paste,very_funny,general,slight,not_motivational,positive,positive,positive,positive,0.5928028,True,correct
5984,image_5985.png,The dead are coming to kill everyone in Winterfell Tormund: The big woman still here?,The dead are coming to kill everyone in Winterfell Tormund: The big woman still here?,funny,very_twisted,not_offensive,not_motivational,positive,positive,positive,negative,0.44600073,False,positive -> negative
4398,image_4399.png,MARK ZUCKERBERG IS GIVING AWAY 40 STAR DESTROYERS AT MIDNIGHT JUST SHARE THIS PICTURE AND YOU COULD WIN,MARK ZUCKERBERG IS GIVING AWAY 40 STAR DESTROYERS AT MIDNIGHT JUST SHARE THIS PICTURE AND YOU COULD WIN,very_funny,not_sarcastic,not_offensive,not_motivational,positive,positive,positive,neutral,0.9241068,False,positive -> neutral
4139,image_4140.jpg,The awkward moment when you realize Grandpa is about to tear that dance floor up!,The awkward moment when you realize Grandpa is about to tear that dance floor up!,not_funny,twisted_meaning,very_offensive,motivational,neutral,neutral,neutral,positive,0.88722354,False,neutral -> positive
4592,image_4593.jpg,INTELLIGENTAND | SOPHISTICATED CAT SAYS: MISOGYNY IS SO PASSE makeameme.org,INTELLIGENTAND | SOPHISTICATED CAT SAYS: MISOGYNY IS SO PASSE makeameme.org,not_funny,not_sarcastic,not_offensive,not_motivational,neutral,neutral,neutral,positive,0.59459794,False,neutral -> positive
2235,image_2236.png,FANS: WHY ARE YOU USING JOKER FOR EVERY MEME IN FACEBOOK ? ADMIN: ONLY THROUGH JOKER CAN YOU EXPRESS HARD HITTING TRUTHS. Let's put smile on the comment,FANS: WHY ARE YOU USING JOKER FOR EVERY MEME IN FACEBOOK ? ADMIN: ONLY THROUGH JOKER CAN YOU EXPRESS HARD HITTING TRUTHS. Let's put smile on the comment  if you like our joker memes:),not_funny,not_sarcastic,not_offensive,not_motivational,neutral,neutral,neutral,positive,0.82984275,False,neutral -> positive
4435,image_4436.jpg,YOU SAID YOU DIDN'T WANT ANY DESSERT THE FACT THAT YOU ATE 75% OF MY DESSERT DETERMINED THAT WAS A LIE,YOU SAID YOU DIDN'T WANT ANY DESSERT THE FACT THAT YOU ATE 75% OF MY DESSERT DETERMINED THAT WAS A LIE,not_funny,not_sarcastic,not_offensive,not_motivational,neutral,neutral,neutral,positive,0.9872995,False,neutral -> positive
4395,image_4396.png,Mark Zuckerberg always looks like the guy in a zombie movie who's been bitten but is trying to keep it a secret from everyone. pettypost pettyastheycome straightclownin hegotjokes jokesfordays itsjustjokespeople itsfunnytome funnyisfunny randomhumor markzuckerberg,Mark Zuckerberg always looks like the guy in a zombie movie who's been bitten but is trying to keep it a secret from everyone. pettypost pettyastheycome straightclownin hegotjokes jokesfordays itsjustjokespeople itsfunnytome funnyisfunny randomhumor markzuckerberg,funny,general,slight,motivational,positive,positive,positive,neutral,0.9583435,False,positive -> neutral
6827,image_6828.jpg,YOU GET A SALES ENABLEMENT PLATFORM! EVERYBODY GETS A SALES ENABLEMENT PLATFORM!,YOU GET A SALES ENABLEMENT PLATFORM! EVERYBODY GETS A SALES ENABLEMENT PLATFORM!,very_funny,not_sarcastic,not_offensive,not_motivational,positive,positive,positive,positive,0.97745025,True,correct
4737,image_4738.jpg,YOU DON'T NEED TO HIDE YOUR FACEBOOK FROM ME I ALREADY KNOW EVERYTHING ABOUT YOU imgflip.com,YOU DON'T NEED TO HIDE YOUR FACEBOOK FROM ME I ALREADY KNOW EVERYTHING ABOUT YOU imgflip.com,funny,not_sarcastic,not_offensive,not_motivational,positive,positive,positive,positive,0.89507264,True,correct
1599,image_1600.jpg,At first I thought it was the bacon.... .. but I didn't know until this day that it was the Pasta Primavera all along. imgflip.com,At first I thought it was the bacon.... .. but I didn't know until this day that it was the Pasta Primavera all along. imgflip.com,hilarious,general,very_offensive,motivational,neutral,neutral,neutral,positive,0.81718695,False,neutral -> positive
1755,image_1756.jpg,THEY ARE THE SHIP THAT WAS PROMISED,THEY ARE THE SHIP THAT WAS PROMISED,not_funny,not_sarcastic,not_offensive,not_motivational,neutral,neutral,neutral,positive,0.4776013,False,neutral -> positive
2132,image_2133.png,When Alive: BLACK HITLER!!! When Passed: He was a peaceful non violent kumbaya champion activist that fought for the pacification of all people regardless of whether they lived under imperialism or neo colonialism They do this to all of our leaders. Don't let them do it to Mugabe.,When Alive: BLACK HITLER!!! When Passed: He was a peaceful non violent kumbaya champion activist that fought for the pacification of all people regardless of whether they lived under imperialism or neo colonialism They do this to all of our leaders. Don't let them do it to Mugabe.,not_funny,not_sarcastic,not_offensive,motivational,neutral,neutral,neutral,positive,0.98991793,False,neutral -> positive
3819,image_3820.jpg,I SHOULD JUST THROW IN THE TOWEL NOO!! THAT MIGHT GET INTERCEPTED TOO!!! Sports Memes,I SHOULD JUST THROW IN THE TOWEL NOO!! THAT MIGHT GET INTERCEPTED TOO!!! Sports Memes,very_funny,general,not_offensive,not_motivational,positive,positive,positive,positive,0.99698985,True,correct
3014,image_3015.png,reporter: sir,reporter: sir  what your too priority now that you are no longer president? Obama: Memes,funny,twisted_meaning,not_offensive,motivational,positive,positive,positive,positive,0.42988127,True,correct
2351,image_2352.jpg,IF YOU DECLINE I WILL FIND YOU,IF YOU DECLINE I WILL FIND YOU  AND I WILL KILL YOU,not_funny,very_twisted,very_offensive,not_motivational,positive,positive,positive,positive,0.5028433,True,correct
666,image_667.jpg,YOU CALLED ME JACKIE CHAN,YOU CALLED ME JACKIE CHAN  EH? NO TIP FOR YOU!,funny,not_sarcastic,slight,not_motivational,neutral,neutral,neutral,positive,0.8330561,False,neutral -> positive
6339,image_6340.jpg,ASKS TO SPEND MORE TIME WITH + GIRLFRIEND I THINK WE NEED SOME SPACE FumyBeing.com,ASKS TO SPEND MORE TIME WITH GIRLFRIEND I THINK WE NEED SOME SPACE FumyBeing.com,very_funny,twisted_meaning,very_offensive,motivational,neutral,neutral,neutral,positive,0.8808619,False,neutral -> positive
5200,image_5201.jpg,I JUST WANNA KNOW IFELLA AND LIAM... END UP TOGETHER IN POSSESS!! Nanosompon,I JUST WANNA KNOW IFELLA AND LIAM... END UP TOGETHER IN POSSESS!! Nanosompon,funny,general,not_offensive,not_motivational,neutral,neutral,neutral,positive,0.9539027,False,neutral -> positive
858,image_859.jpg,HAPPY BIRTHDAY TO YOU NOW GET OUT OF COUNTRY memesnappen.com,HAPPY BIRTHDAY TO YOU NOW GET OUT OF COUNTRY memeshappen.com,very_funny,general,very_offensive,motivational,positive,positive,positive,neutral,0.9807313,False,positive -> neutral
3533,image_3534.jpg,WHEN YOU TAKE A SHIT AND THE WATER BOUNCES BACK UP imgflip.com,WHEN YOU TAKE A SHIT AND THE WATER BOUNCES BACK UP imgflip.com,very_funny,twisted_meaning,slight,motivational,positive,positive,positive,neutral,0.5906605,False,positive -> neutral
3453,image_3454.jpg,THE DALITS COW I MILKED TO WIN IN UTTAR PRADESH WAS A BULL!!,THE DALITS COW I MILKED TO WIN IN UTTAR PRADESH WAS A BULL!!,very_funny,general,not_offensive,not_motivational,very_positive,positive,positive,positive,0.96425104,True,correct
6190,image_6191.png,12:08 1.38K/ s t. NT I hate chandler bing job none knows what it was and still series ended because monica nd chan wanted to live in sub arbs il never... See More,12:08 1.38K/ s t. NT I hate chandler bing job none knows what it was and still series ended because monica nd chan wanted to live in sub arbs il never... See More,very_funny,not_sarcastic,hateful_offensive,motivational,very_positive,positive,positive,neutral,0.7468111,False,positive -> neutral
5305,image_5306.jpg,STAY ON YOUR SIDE OF THE BORDER UNDERSTOOD?,STAY ON YOUR SIDE OF THE BORDER UNDERSTOOD?,very_funny,twisted_meaning,very_offensive,motivational,very_positive,positive,positive,positive,0.9437991,True,correct
1504,image_1505.png,IMAGINE HAVING THIS POST WAS MADE BY MYSELF A GIRLFRIEND 2meirl4meirl,IMAGINE HAVING A GIRLFRIEND THIS POST WAS MADE BY ME,very_funny,general,very_offensive,not_motivational,positive,positive,positive,negative,0.5216842,False,positive -> negative
2323,image_2324.jpg,I no longer craziest leader. Lol. imgflip.com,I no longer craziest leader. Lol. imgflip.com,very_funny,twisted_meaning,very_offensive,motivational,positive,positive,positive,positive,0.9713912,True,correct
3784,image_3785.jpg,"SPIDER MAN IRON MAN DR. STRANGE a few hours later ""IRON MAN",SPIDER MAN IRON MAN DR. STRANGE a few hours later IRON MAN,very_funny,twisted_meaning,very_offensive,not_motivational,very_positive,positive,positive,neutral,0.9508372,False,positive -> neutral
5384,image_5385.jpg,HAPPY BIRTHDAY TOA GORGEOUS,HAPPY BIRTHDAY TOA GORGEOUS  AWESOME AND FUNNY WOMAN . WAIT  DID I JUST WISH TO MYSELF? ANYWAY _HAPPY BIRTHDAY QIANA!,very_funny,twisted_meaning,very_offensive,motivational,very_positive,positive,positive,positive,0.95623153,True,correct
3605,image_3606.jpg,This is how I feel about the feminism debate... STOP OPPRESSING ME sorry,This is how I feel about the feminism debate... STOP OPPRESSING ME sorry,funny,general,slight,not_motivational,very_positive,positive,positive,positive,0.99777323,True,correct
3461,image_3462.jpg,Indira Gandhi had deep compassion for the people in need. This is missing in politics today. - Sonia Gandhi,Indira Gandhi had deep compassion for the people in need. This is missing in politics today. - Sonia Gandhi president  India National Congress,funny,general,slight,motivational,positive,positive,positive,positive,0.887556,True,correct
287,image_288.jpg,A EXPLORING DIFFERENT BRAINS BRAS WITH HACKIE REITMAN,DIFFERENT BRAINS EPISODE 94 EXPLORING DIFFERENT BRAINS WITH HACKIE REITMAN  M.D. AUTISM & EMPLOYMENT WITH DR. TEMPLE GRANDIN,not_funny,not_sarcastic,slight,not_motivational,neutral,neutral,neutral,neutral,0.9690016,True,correct
3832,image_3833.jpg,CRABBIES POB COME AT ME BRO imgflip.com,CRABBIES POB COME AT ME BRO imgflip.com,funny,not_sarcastic,not_offensive,not_motivational,neutral,neutral,neutral,neutral,0.96506184,True,correct
2587,image_2588.jpg,"<html><head><meta content=""text/html; charset=UTF-8"" http-equiv=""content-type""><style type=""text/css"">ol{margin:0;padding:0}table td",TOUCH THE HUNK I'M TELLING YOUR HUABAND,funny,twisted_meaning,slight,not_motivational,positive,positive,positive,neutral,0.5050788,False,positive -> neutral
5122,image_5123.jpg,GOLDILOCKS! @MUTANT101 MUTANT ANTI01 YOU LEFT THIS IN THE CRAPPER.,GOLDILOCKS! @MUTANT101 MUTANT ANTI01 YOU LEFT THIS IN THE CRAPPER.,hilarious,not_sarcastic,not_offensive,not_motivational,positive,positive,positive,positive,0.9811504,True,correct
4547,image_4548.png,Liam today with a fan Zayn looks so good,Liam today with a fan Zayn looks so good,very_funny,general,very_offensive,motivational,positive,positive,positive,positive,0.96448284,True,correct
2678,image_2679.png,YOU DONT AGREE WITH ME? a THATS MISOGYNY! கொலம்,YOU DONT AGREE WITH ME? a THATS MISOGYNY! கொலம்,not_funny,very_twisted,very_offensive,not_motivational,neutral,neutral,neutral,positive,0.93595815,False,neutral -> positive
3459,image_3460.jpg,E SES Your reaction when you're watching a movie with your family and a kissing scene comes on Rucou,BRAAT CHAT Your reaction when you're watching a movie with your family and a kissing scene comes on,hilarious,general,not_offensive,not_motivational,positive,positive,positive,positive,0.9141287,True,correct
6312,image_6313.jpg,Don't show me your attitude,Don't show me your attitude  my blocklist is bigger than your friendlist,funny,general,not_offensive,not_motivational,positive,positive,positive,neutral,0.8604668,False,positive -> neutral
4059,image_4060.jpg,SURETLLHOLD GO AHEAD AND FINISH ORDERING YOUR NUMBER THREE WITH CHEESELI HAVE NOTHING BETTER TO DO www.callcentermemes.com,SURE I'LL HOLD GO AHEAD AND FINISH ORDERING YOUR NUMBER THREE WITH CHEESEL I HAVE NOTHING BETTER TO DO... www.callcentermemes.com,funny,very_twisted,slight,motivational,very_positive,positive,positive,positive,0.98605007,True,correct
5365,image_5366.png,I have an Army tww.very unnypics.es We have Noses Harry potter and the lack of original jokes,I have an Army tww.very unnypics.es We have Noses Harry potter and the lack of original jokes,not_funny,general,slight,motivational,positive,positive,positive,neutral,0.9610982,False,positive -> neutral
1626,image_1627.jpg,THE RESULTS ARE IN. GB,THE RESULTS ARE IN. GB  YOU ARE THE GODFATHER!!!!,funny,general,not_offensive,not_motivational,positive,positive,positive,positive,0.990945,True,correct
2830,image_2831.jpg,What If I Told You. They Aren't Even Working on The Gifmaker memecenter.com Memetenter,What If I Told You. They Aren't Even Working on The Gifmaker memecenter.com MemeCenter,funny,twisted_meaning,slight,motivational,positive,positive,positive,positive,0.9689631,True,correct
5134,image_5135.jpeg,IT JUST STOPPED WORKING? OpenDNS I LOVE DNS,IT JUST STOPPED WORKING? AND THE LAST THING YOU DID WAS NOTHING?,not_funny,general,slight,not_motivational,negative,negative,negative,positive,0.5115134,False,negative -> positive
5069,image_5070.png,i dont even know who i am anymore P183804864,i dont even know who i am anymore P183804864,not_funny,not_sarcastic,not_offensive,not_motivational,neutral,neutral,neutral,positive,0.68683773,False,neutral -> positive
5537,image_5538.jpg,"MARVEL HUMANS THAT WANT TO BE GODS DC GODS THAT WANT TO BE HUMAN @justice.league.memes ""ALRIGHT...""","MARVEL HUMANS THAT WANT TO BE GODS DC GODS THAT WANT TO BE HUMAN @justice.league.memes ""ALRIGHT...""",very_funny,general,not_offensive,not_motivational,positive,positive,positive,positive,0.9785795,True,correct
4304,image_4305.jpg,"x-men ""You guys always act like you re better than me"" Global The avengers","x-men ""You guys always act like you re better than me"" Global The avengers",funny,general,not_offensive,not_motivational,positive,positive,positive,neutral,0.99445575,False,positive -> neutral
5182,image_5183.jpg,THIS LOOKS INTIMATE SHOULD I LEAVE? imgflip.com,THIS LOOKS INTIMATE SHOULD I LEAVE? imgflip.com,not_funny,general,not_offensive,not_motivational,neutral,neutral,neutral,positive,0.99417984,False,neutral -> positive
2084,image_2085.png,“WE ARE GOD'S CHOSEN PEOPLE” Benjamin Netanyahu,“WE ARE GOD'S CHOSEN PEOPLE” Benjamin Netanyahu,funny,general,not_offensive,not_motivational,neutral,neutral,neutral,positive,0.7574925,False,neutral -> positive
4159,image_4160.jpg,3:00 Außerhalb Lang TWANT YOU TO DRAW ME Quickie with Jonn... + -EmPoRiD- knightyKingston -... TAUTI WEB MegaDickSpermShooter For Kony [#tnb.fanboy) zadd yobst-SaladxX KUZNEZ0505 knightyKingston -V-A... - - For Kony Zyzz FUCK update!!!!... paynee *novoline Van0mTV david XxObst-SaladxX #tnb haeufi MaliToster BOT SQUAD Sparifankal... [#tnb.fanboyl Quit[3]... CumFrag DOCTOR CUMSHO... Kleine Mietze 11 Punkte für die Neutralisierung eines Feindes mit: AK-47 Quickle with Jonnie <3 (1,3:00 Außerhalb Lang TWANT YOU TO DRAW ME Quickie with Jonn... + -EmPoRiD- knightyKingston -... TAUTI WEB MegaDickSpermShooter For Kony [#tnb.fanboy) zadd yobst-SaladxX KUZNEZ0505 knightyKingston -V-A... - - For Kony Zyzz FUCK update!!!!... paynee *novoline Van0mTV david XxObst-SaladxX #tnb haeufi MaliToster BOT SQUAD Sparifankal... [#tnb.fanboyl Quit[3]... CumFrag DOCTOR CUMSHO... Kleine Mietze 11 Punkte für die Neutralisierung eines Feindes mit: AK-47 Quickle with Jonnie <3 (1,very_funny,not_sarcastic,not_offensive,not_motivational,positive,positive,positive,neutral,0.70455724,False,positive -> neutral
696,image_697.jpg,WHO NEEDS CALGON WHEN YOU HAVE LIONEL RICHIE imgflip.com,WHO NEEDS CALGON WHEN YOU HAVE LIONEL RICHIE imgflip.com,funny,general,slight,not_motivational,neutral,neutral,neutral,positive,0.7991382,False,neutral -> positive
6143,image_6144.jpg,Bill is on the internet. Bill sees something that offends him. Bill moves on. Bill is smart. Be like Bill.,Bill is on the internet. Bill sees something that offends him. Bill moves on. Bill is smart. Be like Bill.,funny,twisted_meaning,slight,not_motivational,negative,negative,negative,positive,0.88222426,False,negative -> positive
954,image_955.jpg,Tst time 1st time 2nd time 2nd um 3 rd time a th time When the teacher sends you out of the class.,1st time 2nd time 3 rd time 4th time. When the teacher sends you out of the class.,very_funny,general,not_offensive,not_motivational,very_positive,positive,positive,positive,0.9963593,True,correct
1405,image_1406.jpg,Gene Wilder has a posse ICANHASCHEEZBURGER.COM,Gene Wilder has a posse ICANHASCHEEZBURGER.COM,funny,general,slight,not_motivational,very_positive,positive,positive,positive,0.53809786,True,correct
1326,image_1327.jpg,"When your best friend posts ""I have no one"" Me: What am I then? A potato ?","When your best friend posts ""I have no one"" Me: What am I then? A potato ?",hilarious,general,not_offensive,not_motivational,positive,positive,positive,positive,0.6835946,True,correct
6202,image_6203.jpg,When Chuck Norris Steps on a Lego... memecenter.com Memetenterne,When Chuck Norris Steps on a Lego... memecenter.com MemeCenter,very_funny,general,slight,not_motivational,very_positive,positive,positive,positive,0.941291,True,correct
119,image_120.jpg,"CHALLENGE ACCEPTED! Friend: You can't honestly watch How I Met Your Mother again for like the 4th time..."" Me:",,not_funny,general,not_offensive,not_motivational,positive,positive,positive,positive,0.78962946,True,correct
3820,image_3821.jpg,DON'T WORRY ABOUT HIM... HE WORE A DRESS THIS MORNING SO THERE'S NOTHING TO FEAR! imgflip.com,DON'T WORRY ABOUT HIM... HE WORE A DRESS THIS MORNING SO THERE'S NOTHING TO FEAR! imgflip.com,funny,general,slight,not_motivational,positive,positive,positive,positive,0.95245355,True,correct
2252,image_2253.jpg,HEY YOUR MAKE UP LOOKS FABULOUS,HEY YOUR MAKE UP LOOKS FABULOUS,hilarious,general,slight,not_motivational,neutral,neutral,neutral,positive,0.71722883,False,neutral -> positive
2468,image_2469.png,HE CAN SLOWLY CHANGE HIS NAME FROM SETH ROLLINS TO SELL ROLLINS made on imour Because he sells the moves like a boss ! BI,HE CAN SLOWLY CHANGE HIS NAME FROM SETH ROLLINS TO SELL ROLLINS made on imour Because he sells the moves like a boss ! BI,funny,twisted_meaning,slight,not_motivational,positive,positive,positive,positive,0.73959935,True,correct
3677,image_3678.jpg,YOU PUT YOUR WHAT IN HER WHAT? imgflip.com,YOU PUT YOUR WHAT IN HER WHAT? imgflip.com,very_funny,general,very_offensive,not_motivational,very_positive,positive,positive,neutral,0.9537549,False,positive -> neutral
5383,image_5384.png,AMERICA HAS MILITARYBASES ALLOVER THE WORLD HUMANITY FIRST ANDIT'S ME WHOIS THE AGGRESSOR? -VLADIMIR PUTIN ~ Tina.,AMERICA HAS MILITARYBASES ALLOVER THE WORLD HUMANITY FIRST ANDIT'S ME WHOIS THE AGGRESSOR? -VLADIMIR PUTIN ~ Tina.,not_funny,twisted_meaning,not_offensive,not_motivational,neutral,neutral,neutral,positive,0.9983469,False,neutral -> positive
6595,image_6596.jpg,"Me? Mature??! Ha! I STILL LAUGH WHEN The KETCHUP BOTTLE ""FARTS""!","Me? Mature??! Ha! I STILL LAUGH WHEN The KETCHUP BOTTLE ""FARTS""!",not_funny,very_twisted,not_offensive,motivational,neutral,neutral,neutral,positive,0.9809833,False,neutral -> positive
4848,image_4849.jpg,I WILL FIND YOU AND I WILL FIX YOUR BROWS,I WILL FIND YOU AND I WILL FIX YOUR BROWS,not_funny,general,not_offensive,not_motivational,neutral,neutral,neutral,positive,0.8313677,False,neutral -> positive
3221,image_3222.png,Captain Picard,Captain Picard Spock and Gandalf walk into a bar...ey,very_funny,twisted_meaning,very_offensive,motivational,positive,positive,positive,neutral,0.96000344,False,positive -> neutral
30,image_31.jpg,OH THERE'S A NEW AVENGERS MOVIE? TELL ME AGAIN HOW MUCH YOU ARE GOING TO AVOID SPOILERS,OH THERE'S A NEW AVENGERS MOVIE? TELL ME AGAIN HOW MUCH YOU ARE GOING TO AVOID SPOILERS,funny,general,slight,motivational,positive,positive,positive,positive,0.9988171,True,correct
5459,image_5460.jpg,THERE'S A SPARE COMPUTER IN CENTRAL LIBRARY,THERE'S A SPARE COMPUTER IN CENTRAL LIBRARY,not_funny,not_sarcastic,not_offensive,not_motivational,neutral,neutral,neutral,positive,0.9860321,False,neutral -> positive
3344,image_3345.jpg,FINALLY SYNTHETIC WATERMELON,FINALLY SYNTHETIC WATERMELON,funny,general,not_offensive,not_motivational,neutral,neutral,neutral,positive,0.8931652,False,neutral -> positive
5168,image_5169.jpg,When you notice the unused Jim carrey meme potentials,When you notice the unused Jim carrey meme potentials,not_funny,very_twisted,not_offensive,motivational,very_negative,negative,negative,positive,0.9984856,False,negative -> positive
4490,image_4491.jpg,Only 350 years til retirement,Only 350 years til retirement,not_funny,general,not_offensive,not_motivational,positive,positive,positive,neutral,0.996793,False,positive -> neutral
6724,image_6725.jpg,GO AHEAD. SAY,"GO AHEAD. SAY "" SHUT UP  WESLEY!"" YOU BALD-  HEASED FART!",not_funny,twisted_meaning,not_offensive,motivational,neutral,neutral,neutral,neutral,0.6979931,True,correct
1725,image_1726.png,"<html><head><meta content=""text/html; charset=UTF-8"" http-equiv=""content-type""><style type=""text/css"">ol{margin:0;padding:0}table td",Getting ready for the new season of the game of thrones like I'm going to need a lot of booze to handle this shit,very_funny,general,not_offensive,not_motivational,positive,positive,positive,negative,0.50169593,False,positive -> negative
1518,image_1519.jpg,He will never have a girlfriend.,He will never have a girlfriend.,funny,general,slight,not_motivational,positive,positive,positive,neutral,0.697079,False,positive -> neutral
4470,image_4471.png,WHEN YOU HAVE INFORMATION ONIHILLARY CLINTON BUT DECIDE TO KILL YOURSELF,WHEN YOU HAVE INFORMATION ON HILLARY CLINTON BUT DECIDE TO KILL YOURSELF,not_funny,general,slight,motivational,positive,positive,positive,neutral,0.6032935,False,positive -> neutral
1137,image_1138.jpg,GOT DRUNK LAST NIGHT DIDN'T EAT ALL THE FOOD IN MY HOUSE,GOT DRUNK LAST NIGHT DIDN'T EAT ALL THE FOOD IN MY HOUSE,very_funny,twisted_meaning,very_offensive,motivational,very_positive,positive,positive,positive,0.9068299,True,correct
1070,image_1071.jpg,ASDREVILALWAYS SAYS: FIRE THE LASER,"ASDR.EVILALWAYS SAYS: FIRE THE ""LASER""",very_funny,general,slight,not_motivational,positive,positive,positive,positive,0.9949916,True,correct
2913,image_2914.jpg,HAPPY BIRTHDAY GREG & BRIAN,HAPPY BIRTHDAY GREG & BRIAN,funny,general,not_offensive,motivational,positive,positive,positive,neutral,0.5325404,False,positive -> neutral
879,image_880.png,TONIGHT ON UNSOLVED MYSTERIES wehatepopcountry.com WHAT THE HELL HAPPENED TO MAINSTREAM COUNTRY MUSIC?,TONIGHT ON UNSOLVED MYSTERIES wehatepopcountry.com WHAT THE HELL HAPPENED TO MAINSTREAM COUNTRY MUSIC?,funny,general,not_offensive,motivational,neutral,neutral,neutral,neutral,0.95702493,True,correct
6830,image_6831.jpeg,WITH THIS TECHNOLOGY WE WILL BRING THE UNITED STATES TO ITS KNEES,WITH THIS TECHNOLOGY WE WILL BRING THE UNITED STATES TO ITS KNEES,not_funny,general,slight,motivational,neutral,neutral,neutral,positive,0.97527903,False,neutral -> positive
5672,image_5673.jpg,Not all Math puns are terrible just sum.,Not all Math puns are terrible just sum.,hilarious,general,very_offensive,motivational,very_positive,positive,positive,positive,0.9782947,True,correct
3959,image_3960.jpeg,ATE SPAGHETTI WHILE WEARING A WHITE SHIRT DIDN'T GET SAUCE ON IT,ATE SPAGHETTI WHILE WEARING A WHITE SHIRT DIDN'T GET SAUCE ON IT,very_funny,general,slight,motivational,positive,positive,positive,positive,0.97754276,True,correct
904,image_905.jpg,"IF STAN LEE APPEARS IN THE DEADPOOL MOVIE ... ... DEADPOOL IS GOING TO RECOGNISE HIM.""","IF STAN LEE APPEARS IN THE DEADPOOL MOVIE ... ... DEADPOOL IS GOING TO RECOGNISE HIM.""",funny,general,not_offensive,not_motivational,positive,positive,positive,positive,0.84050804,True,correct
426,image_427.jpg,Bill is on Ct. Bill hates Hondas but he doesn't show it on Ct. Bill knows that Honda fanboys will be coming.. Bill is smart. Be like Bill. @eneschakrri,Bill is on Ct. Bill hates Hondas but he doesn't show it on Ct. Bill knows that Honda fanboys will be coming.. Bill is smart. Be like Bill. @eneschakrri,not_funny,not_sarcastic,not_offensive,not_motivational,positive,positive,positive,negative,0.6674883,False,positive -> negative
3343,image_3344.jpg,the miracles of modern science Pau Condon Paul Condon Two Years Ago,the miracles of modern science Pau Condon Paul Condon Two Years Ago  This man was 500 Pounds. Now he is two men who weigh 250 Pounds,funny,general,very_offensive,not_motivational,neutral,neutral,neutral,neutral,0.95255274,True,correct
957,image_958.jpg,TOM HOLLAND YOUNG STAN LEE GOMIS This BOOK,TOM HOLLAND YOUNG STAN LEE GOMIS BOOK THINGS,funny,general,not_offensive,not_motivational,neutral,neutral,neutral,neutral,0.83716303,True,correct
1443,image_1444.jpg,YOU TRAINED YOUR LITTLE DOG TO FETCH STICKS? THAT'S CUTE I TRAINED MY ROTTWEILER TO FETCH BOYFRIENDS,YOU TRAINED YOUR LITTLE DOG TO FETCH STICKS? THAT'S CUTE I TRAINED MY ROTTWEILER TO FETCH BOYFRIENDS  WHEN THEY TRY TI RUN AWAY Imgflip.com,very_funny,twisted_meaning,slight,motivational,positive,positive,positive,positive,0.9932192,True,correct
2750,image_2751.jpg,A group of backbenchers forced to sit in the first row RVCJ as a punishment for not completing the assignment,A group of backbenchers forced to sit in the first row RVCJ as a punishment for not completing the assignment,not_funny,twisted_meaning,slight,motivational,neutral,neutral,neutral,positive,0.9844322,False,neutral -> positive
